# PortiLexicon-UD, Lucelene Lopes et al.; ver PORTILEXICON_LICENSE.txt
# commit=315e063da1f89c89e2097c6e72428ebefb9ab1d1; fonte_sha256=3c3ccbf94e0c6e7a1673722f6adceb36e75fde7a70fd5a1dc0edc5b7bcc69342
# Mood=Sub|Tense=Fut|Person=3|VerbForm=Fin; numero S/P
ababadar	S
ababadarem	P
ababalhar	S
ababalharem	P
ababelar	S
ababelarem	P
ababosar	S
ababosarem	P
abacalhoar	S
abacalhoarem	P
abacelar	S
abacelarem	P
abacharelar	S
abacharelarem	P
abaciar	S
abaciarem	P
abacinar	S
abacinarem	P
abadar	S
abadarem	P
abadernar	S
abadernarem	P
abadessar	S
abadessarem	P
abadiar	S
abadiarem	P
abaetar	S
abaetarem	P
abafar	S
abafarem	P
abaganhar	S
abaganharem	P
abagaçar	S
abagaçarem	P
abagoar	S
abagoarem	P
abagualar	S
abagualarem	P
abagunçar	S
abagunçarem	P
abainhar	S
abainharem	P
abaionetar	S
abaionetarem	P
abairrar	S
abairrarem	P
abaiucar	S
abaiucarem	P
abaixar	S
abaixarem	P
abajoujar	S
abajoujarem	P
abalançar	S
abalançarem	P
abalar	S
abalarem	P
abalaustrar	S
abalaustrarem	P
abaldear	S
abaldearem	P
abalienar	S
abalienarem	P
abalistar	S
abalistarem	P
abalizar	S
abalizarem	P
abaloar	S
abaloarem	P
abalofar	S
abalofarem	P
abalonar	S
abalonarem	P
abalroar	S
abalroarem	P
abalsar	S
abalsarem	P
abalseirar	S
abalseirarem	P
abaluartar	S
abaluartarem	P
abambolinar	S
abambolinarem	P
abananar	S
abananarem	P
abanar	S
abanarem	P
abancar	S
abancarem	P
abandalhar	S
abandalharem	P
abandar	S
abandarem	P
abandear	S
abandearem	P
abandeirar	S
abandeirarem	P
abandejar	S
abandejarem	P
abandidar	S
abandidarem	P
abandoar	S
abandoarem	P
abandonar	S
abandonarem	P
abanicar	S
abanicarem	P
abaquetar	S
abaquetarem	P
abar	S
abaratar	S
abaratarem	P
abarbar	S
abarbarar	S
abarbararem	P
abarbarem	P
abarbarizar	S
abarbarizarem	P
abarbatar	S
abarbatarem	P
abarbear	S
abarbearem	P
abarbelar	S
abarbelarem	P
abarbetar	S
abarbetarem	P
abarbilhar	S
abarbilharem	P
abarcar	S
abarcarem	P
abarem	P
abargantar	S
abargantarem	P
abaritonar	S
abaritonarem	P
abaronar	S
abaronarem	P
abarracar	S
abarracarem	P
abarrancar	S
abarrancarem	P
abarregar	S
abarregarem	P
abarreirar	S
abarreirarem	P
abarretar	S
abarretarem	P
abarretinar	S
abarretinarem	P
abarrigar	S
abarrigarem	P
abarrilar	S
abarrilarem	P
abarrocar	S
abarrocarem	P
abarrotar	S
abarrotarem	P
abarruntar	S
abarruntarem	P
abasbacar	S
abasbacarem	P
abastar	S
abastardar	S
abastardarem	P
abastardear	S
abastardearem	P
abastarem	P
abastecer	S
abastecerem	P
abastionar	S
abastionarem	P
abastonar	S
abastonarem	P
abatatar	S
abatatarem	P
abatelar	S
abatelarem	P
abater	S
abaterem	P
abatinar	S
abatinarem	P
abatocar	S
abatocarem	P
abatumar	S
abatumarem	P
abaular	S
abaularem	P
abaunilhar	S
abaunilharem	P
abaçanar	S
abaçanarem	P
abceder	S
abcederem	P
abdicar	S
abdicarem	P
abduzir	S
abduzirem	P
abeatar	S
abeatarem	P
abeberar	S
abeberarem	P
abecar	S
abecarem	P
abecedar	S
abecedarem	P
abeirar	S
abeirarem	P
abelardizar	S
abelardizarem	P
abelgar	S
abelgarem	P
abelhar	S
abelharem	P
abelhudar	S
abelhudarem	P
abelidar	S
abelidarem	P
abemolar	S
abemolarem	P
abendiçoar	S
abendiçoarem	P
abençoar	S
abençoarem	P
aberrar	S
aberrarem	P
aberturar	S
aberturarem	P
abesantar	S
abesantarem	P
abesoirar	S
abesoirarem	P
abesourar	S
abesourarem	P
abespinhar	S
abespinharem	P
abestalhar	S
abestalharem	P
abestiar	S
abestiarem	P
abetumar	S
abetumarem	P
abexigar	S
abexigarem	P
abibliotecar	S
abibliotecarem	P
abicar	S
abicarem	P
abichar	S
abicharar	S
abichararem	P
abicharem	P
abichornar	S
abichornarem	P
abiombar	S
abiombarem	P
abirritar	S
abirritarem	P
abiscoitar	S
abiscoitarem	P
abiscoutar	S
abiscoutarem	P
abismar	S
abismarem	P
abisonhar	S
abisonharem	P
abitar	S
abitarem	P
abitolar	S
abitolarem	P
abivacar	S
abivacarem	P
abjudicar	S
abjudicarem	P
abjugar	S
abjugarem	P
abjungir	S
abjungirem	P
abjurar	S
abjurarem	P
abjurgar	S
abjurgarem	P
ablactar	S
ablactarem	P
ablaquear	S
ablaquearem	P
ablaquecer	S
ablaquecerem	P
ablegar	S
ablegarem	P
abluir	S
abluírem	P
abnegar	S
abnegarem	P
abnodar	S
abnodarem	P
abnuir	S
abnuírem	P
aboar	S
aboarem	P
abobadar	S
abobadarem	P
abobar	S
abobarem	P
aboborar	S
aboborarem	P
abocanhar	S
abocanharem	P
abocar	S
abocarem	P
abocetar	S
abocetarem	P
abochornar	S
abochornarem	P
abodegar	S
abodegarem	P
abodocar	S
abodocarem	P
aboiar	S
aboiarem	P
abojar	S
abojarem	P
abolachar	S
abolacharem	P
abolar	S
abolarem	P
aboldriar	S
aboldriarem	P
aboleimar	S
aboleimarem	P
aboletar	S
aboletarem	P
abolhar	S
abolharem	P
abolinar	S
abolinarem	P
abolir	S
abolirem	P
abolorecer	S
abolorecerem	P
abolorentar	S
abolorentarem	P
abolsar	S
abolsarem	P
abolçar	S
abolçarem	P
abombar	S
abombarem	P
abominar	S
abominarem	P
abonançar	S
abonançarem	P
abonar	S
abonarem	P
abondar	S
abondarem	P
abonecar	S
abonecarem	P
aboquejar	S
aboquejarem	P
aborbulhar	S
aborbulharem	P
aborcar	S
aborcarem	P
abordar	S
abordarem	P
abordoar	S
abordoarem	P
aborletar	S
aborletarem	P
abornalar	S
abornalarem	P
aborrascar	S
aborrascarem	P
aborrecer	S
aborrecerem	P
aborregar	S
aborregarem	P
aborrir	S
aborrirem	P
abortar	S
abortarem	P
aboscar	S
aboscarem	P
abostelar	S
abostelarem	P
abotecar	S
abotecarem	P
abotequinar	S
abotequinarem	P
aboticar	S
aboticarem	P
abotijar	S
abotijarem	P
abotinar	S
abotinarem	P
abotoar	S
abotoarem	P
abotocar	S
abotocarem	P
aboubar	S
aboubarem	P
aboçar	S
aboçarem	P
abracar	S
abracarem	P
abrandar	S
abrandarem	P
abrandecer	S
abrandecerem	P
abranger	S
abrangerem	P
abrasar	S
abrasarem	P
abrasear	S
abrasearem	P
abrasileirar	S
abrasileirarem	P
abrasilianar	S
abrasilianarem	P
abrasoar	S
abrasoarem	P
abrasonar	S
abrasonarem	P
abraçar	S
abraçarem	P
abrejar	S
abrejarem	P
abrejeirar	S
abrejeirarem	P
abrenhar	S
abrenharem	P
abrenunciar	S
abrenunciarem	P
abrevar	S
abrevarem	P
abreviar	S
abreviarem	P
abrigar	S
abrigarem	P
abrilhantar	S
abrilhantarem	P
abrir	S
abrirem	P
abrizolar	S
abrizolarem	P
abrocadar	S
abrocadarem	P
abrochar	S
abrocharem	P
abrogar	S
abrogarem	P
abrolhar	S
abrolharem	P
abronzar	S
abronzarem	P
abronzear	S
abronzearem	P
abroquelar	S
abroquelarem	P
abrotar	S
abrotarem	P
abrumar	S
abrumarem	P
abrutalhar	S
abrutalharem	P
abrutar	S
abrutarem	P
abrutecer	S
abrutecerem	P
absceder	S
abscederem	P
abscidar	S
abscidarem	P
absconder	S
absconderem	P
absentar	S
absentarem	P
absintar	S
absintarem	P
absintiar	S
absintiarem	P
absolver	S
absolverem	P
absonar	S
absonarem	P
absorver	S
absorverem	P
absterger	S
abstergerem	P
abstiver	S
abstiverem	P
abstrair	S
abstraírem	P
abstruir	S
abstruírem	P
abufelar	S
abufelarem	P
abugalhar	S
abugalharem	P
abular	S
abularem	P
abundanciar	S
abundanciarem	P
abundar	S
abundarem	P
abunhar	S
abunharem	P
aburacar	S
aburacarem	P
aburelar	S
aburelarem	P
aburguesar	S
aburguesarem	P
aburilar	S
aburilarem	P
aburrar	S
aburrarem	P
abusar	S
abusarem	P
abuzinar	S
abuzinarem	P
acabanar	S
acabanarem	P
acabar	S
acabarem	P
acabaçar	S
acabaçarem	P
acabelar	S
acabelarem	P
acaboclar	S
acaboclarem	P
acabramar	S
acabramarem	P
acabrunhar	S
acabrunharem	P
acachapar	S
acachaparem	P
acachar	S
acacharem	P
acachoar	S
acachoarem	P
acachoeirar	S
acachoeirarem	P
acacifar	S
acacifarem	P
acacular	S
acacularem	P
acadeirar	S
acadeirarem	P
academiar	S
academiarem	P
academizar	S
academizarem	P
acadimar	S
acadimarem	P
acadrimar	S
acadrimarem	P
acaentar	S
acaentarem	P
acafajestar	S
acafajestarem	P
acafelar	S
acafelarem	P
acafetar	S
acafetarem	P
acafobar	S
acafobarem	P
acaipirar	S
acaipirarem	P
acairelar	S
acairelarem	P
acaiçarar	S
acaiçararem	P
acajadar	S
acajadarem	P
acalantar	S
acalantarem	P
acalcanhar	S
acalcanharem	P
acalcar	S
acalcarem	P
acalentar	S
acalentarem	P
acalhoar	S
acalhoarem	P
acalmar	S
acalmarem	P
acalorar	S
acalorarem	P
acalçar	S
acalçarem	P
acamar	S
acamaradar	S
acamaradarem	P
acamarem	P
acambaiar	S
acambaiarem	P
acambetar	S
acambetarem	P
acamboar	S
acamboarem	P
acambraiar	S
acambraiarem	P
acambulhar	S
acambulharem	P
acampainhar	S
acampainharem	P
acampar	S
acamparem	P
acamurçar	S
acamurçarem	P
acanalar	S
acanalarem	P
acanalhar	S
acanalharem	P
acanastrar	S
acanastrarem	P
acanavear	S
acanavearem	P
acancelar	S
acancelarem	P
acanelar	S
acanelarem	P
acangaceirar	S
acangaceirarem	P
acanhar	S
acanharem	P
acanhoar	S
acanhoarem	P
acanhonear	S
acanhonearem	P
acanoar	S
acanoarem	P
acanteirar	S
acanteirarem	P
acantoar	S
acantoarem	P
acantonar	S
acantonarem	P
acanudar	S
acanudarem	P
acanular	S
acanularem	P
acapachar	S
acapacharem	P
acapangar	S
acapangarem	P
acapelar	S
acapelarem	P
acapitular	S
acapitularem	P
acapoeirar	S
acapoeirarem	P
acaramelar	S
acaramelarem	P
acaramular	S
acaramularem	P
acarangar	S
acarangarem	P
acarapinhar	S
acarapinharem	P
acarapuçar	S
acarapuçarem	P
acarar	S
acararem	P
acardumar	S
acardumarem	P
acarear	S
acarearem	P
acariciar	S
acariciarem	P
acaridar	S
acaridarem	P
acarinhar	S
acarinharem	P
acariocar	S
acariocarem	P
acarioquizar	S
acarioquizarem	P
acarminar	S
acarminarem	P
acarneirar	S
acarneirarem	P
acaroar	S
acaroarem	P
acarpetar	S
acarpetarem	P
acarrancar	S
acarrancarem	P
acarrapatar	S
acarrapatarem	P
acarrar	S
acarrarem	P
acarraçar	S
acarraçarem	P
acarrear	S
acarrearem	P
acarrejar	S
acarrejarem	P
acarretar	S
acarretarem	P
acartolar	S
acartolarem	P
acartonar	S
acartonarem	P
acartuchar	S
acartucharem	P
acasacar	S
acasacarem	P
acasalar	S
acasalarem	P
acasamatar	S
acasamatarem	P
acasear	S
acasearem	P
acasernar	S
acasernarem	P
acasmurrar	S
acasmurrarem	P
acasquilhar	S
acasquilharem	P
acastanhar	S
acastanharem	P
acastelar	S
acastelarem	P
acastelhanar	S
acastelhanarem	P
acastiçar	S
acastiçarem	P
acastoar	S
acastoarem	P
acasular	S
acasularem	P
acatar	S
acatarem	P
acatarroar	S
acatarroarem	P
acatassolar	S
acatassolarem	P
acatitar	S
acatitarem	P
acatruzar	S
acatruzarem	P
acaturrar	S
acaturrarem	P
acaudalar	S
acaudalarem	P
acaudatar	S
acaudatarem	P
acaudelar	S
acaudelarem	P
acaudilhar	S
acaudilharem	P
acautelar	S
acautelarem	P
acavalar	S
acavalarem	P
acavaleirar	S
acavaleirarem	P
acavaletar	S
acavaletarem	P
acaçapar	S
acaçaparem	P
acebolar	S
acebolarem	P
aceder	S
acederem	P
aceifar	S
aceifarem	P
aceimar	S
aceimarem	P
aceirar	S
aceirarem	P
aceitar	S
aceitarem	P
aceleirar	S
aceleirarem	P
acelerar	S
acelerarem	P
acenar	S
acenarem	P
acender	S
acenderem	P
acendrar	S
acendrarem	P
acentuar	S
acentuarem	P
acepilhar	S
acepilharem	P
acepipar	S
acepiparem	P
acerar	S
acerarem	P
acerbar	S
acerbarem	P
acercar	S
acercarem	P
acerejar	S
acerejarem	P
acertar	S
acertarem	P
acervar	S
acervarem	P
acesoar	S
acesoarem	P
acessar	S
acessarem	P
acetar	S
acetarem	P
acetificar	S
acetificarem	P
acetinar	S
acetinarem	P
acetolar	S
acetolarem	P
acevadar	S
acevadarem	P
acevar	S
acevarem	P
achacar	S
achacarem	P
achamalotar	S
achamalotarem	P
achamboar	S
achamboarem	P
achambonar	S
achambonarem	P
achanar	S
achanarem	P
achanzar	S
achanzarem	P
achaparrar	S
achaparrarem	P
achar	S
acharem	P
acharoar	S
acharoarem	P
achatar	S
achatarem	P
achavascar	S
achavascarem	P
achegar	S
achegarem	P
achibantar	S
achibantarem	P
achicar	S
achicarem	P
achichelar	S
achichelarem	P
achinar	S
achinarem	P
achincalhar	S
achincalharem	P
achinelar	S
achinelarem	P
achinesar	S
achinesarem	P
achinfrinar	S
achinfrinarem	P
achoar	S
achoarem	P
achocalhar	S
achocalharem	P
achocolatar	S
achocolatarem	P
achouriçar	S
achouriçarem	P
achumaçar	S
achumaçarem	P
achumbar	S
achumbarem	P
acicatar	S
acicatarem	P
acicatear	S
acicatearem	P
acicular	S
acicularem	P
acidar	S
acidarem	P
acidentar	S
acidentarem	P
acidificar	S
acidificarem	P
acidrar	S
acidrarem	P
acidular	S
acidularem	P
aciganar	S
aciganarem	P
acimar	S
acimarem	P
acingir	S
acingirem	P
acinzar	S
acinzarem	P
acinzelar	S
acinzelarem	P
acinzentar	S
acinzentarem	P
acionar	S
acionarem	P
acirandar	S
acirandarem	P
acirrar	S
acirrarem	P
acitrinar	S
acitrinarem	P
aclamar	S
aclamarem	P
aclarar	S
aclararem	P
aclaustrar	S
aclaustrarem	P
aclerizar	S
aclerizarem	P
aclimar	S
aclimarem	P
aclimatar	S
aclimatarem	P
aclimatizar	S
aclimatizarem	P
acoalhar	S
acoalharem	P
acobardar	S
acobardarem	P
acobertar	S
acobertarem	P
acobilhar	S
acobilharem	P
acobrear	S
acobrearem	P
acocar	S
acocarem	P
acochar	S
acocharem	P
acochichar	S
acochicharem	P
acocorar	S
acocorarem	P
acoelhar	S
acoelharem	P
acofiar	S
acofiarem	P
acogular	S
acogularem	P
acoimar	S
acoimarem	P
acoirelar	S
acoirelarem	P
acoitar	S
acoitarem	P
acoiçar	S
acoiçarem	P
acolchetar	S
acolchetarem	P
acolchetear	S
acolchetearem	P
acolchoar	S
acolchoarem	P
acoletar	S
acoletarem	P
acolher	S
acolherar	S
acolherarem	P
acolherem	P
acolitar	S
acolitarem	P
acomadrar	S
acomadrarem	P
acometer	S
acometerem	P
acomodar	S
acomodarem	P
acompadrar	S
acompadrarem	P
acompanhar	S
acompanharem	P
acompassar	S
acompassarem	P
acompridar	S
acompridarem	P
acomunar	S
acomunarem	P
aconchar	S
aconcharem	P
aconchavar	S
aconchavarem	P
aconchear	S
aconchearem	P
aconchegar	S
aconchegarem	P
acondicionar	S
acondicionarem	P
acondimentar	S
acondimentarem	P
acondiçoar	S
acondiçoarem	P
aconfeitar	S
aconfeitarem	P
aconfradar	S
aconfradarem	P
aconselhar	S
aconselharem	P
aconsoantar	S
aconsoantarem	P
acontecer	S
acontecerem	P
acoplar	S
acoplarem	P
acoquinar	S
acoquinarem	P
acoraçoar	S
acoraçoarem	P
acorcovar	S
acorcovarem	P
acorcundar	S
acorcundarem	P
acordar	S
acordarem	P
acordoar	S
acordoarem	P
acornar	S
acornarem	P
acoronhar	S
acoronharem	P
acoroçoar	S
acoroçoarem	P
acorrentar	S
acorrentarem	P
acorrer	S
acorrerem	P
acorrilhar	S
acorrilharem	P
acortinar	S
acortinarem	P
acoruchar	S
acorucharem	P
acorçoar	S
acorçoarem	P
acossar	S
acossarem	P
acostar	S
acostarem	P
acostumar	S
acostumarem	P
acotiar	S
acotiarem	P
acotoar	S
acotoarem	P
acotonar	S
acotonarem	P
acotovelar	S
acotovelarem	P
acoturnar	S
acoturnarem	P
acoucear	S
acoucearem	P
acourelar	S
acourelarem	P
acoutar	S
acoutarem	P
acovar	S
acovardar	S
acovardarem	P
acovarem	P
acovilhar	S
acovilharem	P
acravar	S
acravarem	P
acreditar	S
acreditarem	P
acrescentar	S
acrescentarem	P
acrescer	S
acrescerem	P
acriançar	S
acriançarem	P
acriminar	S
acriminarem	P
acrimoniar	S
acrimoniarem	P
acrioular	S
acrioularem	P
acrisolar	S
acrisolarem	P
acromatizar	S
acromatizarem	P
acuar	S
acuarem	P
acuchilar	S
acuchilarem	P
acucular	S
acucularem	P
acudir	S
acudirem	P
aculear	S
aculearem	P
acumear	S
acumearem	P
acuminar	S
acuminarem	P
acumpliciar	S
acumpliciarem	P
acumpremir	S
acumpremirem	P
acumular	S
acumularem	P
acunhar	S
acunharem	P
acunhear	S
acunhearem	P
acupuncturar	S
acupuncturarem	P
acupunturar	S
acupunturarem	P
acurar	S
acurarem	P
acurralar	S
acurralarem	P
acurtar	S
acurtarem	P
acurvar	S
acurvarem	P
acurvilhar	S
acurvilharem	P
acusar	S
acusarem	P
acutilar	S
acutilarem	P
adagiar	S
adagiarem	P
adamar	S
adamarem	P
adamascar	S
adamascarem	P
adaptar	S
adaptarem	P
adargar	S
adargarem	P
adarvar	S
adarvarem	P
adastrar	S
adastrarem	P
adegar	S
adegarem	P
adejar	S
adejarem	P
adelgadar	S
adelgadarem	P
adelgaçar	S
adelgaçarem	P
adelicadar	S
adelicadarem	P
adengar	S
adengarem	P
adensar	S
adensarem	P
adentar	S
adentarem	P
adentrar	S
adentrarem	P
adequar	S
adequarem	P
aderençar	S
aderençarem	P
adereçar	S
adereçarem	P
adergar	S
adergarem	P
aderir	S
aderirem	P
adernar	S
adernarem	P
adestrar	S
adestrarem	P
adeusar	S
adeusarem	P
adiamantar	S
adiamantarem	P
adiantar	S
adiantarem	P
adiar	S
adiarem	P
adicionar	S
adicionarem	P
adietar	S
adietarem	P
adilar	S
adilarem	P
adimplir	S
adimplirem	P
adinamizar	S
adinamizarem	P
adir	S
adirem	P
aditar	S
aditarem	P
adivinhar	S
adivinharem	P
adjazer	S
adjazerem	P
adjetivar	S
adjetivarem	P
adjudicar	S
adjudicarem	P
adjungir	S
adjungirem	P
adjurar	S
adjurarem	P
adjutorar	S
adjutorarem	P
adjuvar	S
adjuvarem	P
adligar	S
adligarem	P
adminicular	S
adminicularem	P
administracionalizar	S
administracionalizarem	P
administrar	S
administrarem	P
admirar	S
admirarem	P
admitir	S
admitirem	P
admoestar	S
admoestarem	P
adnumerar	S
adnumerarem	P
adobar	S
adobarem	P
adocicar	S
adocicarem	P
adoecer	S
adoecerem	P
adoentar	S
adoentarem	P
adoestar	S
adoestarem	P
adoidar	S
adoidarem	P
adoidejar	S
adoidejarem	P
adolescer	S
adolescerem	P
adomar	S
adomarem	P
adomingar	S
adomingarem	P
adonairar	S
adonairarem	P
adonar	S
adonarem	P
adonisar	S
adonisarem	P
adoperar	S
adoperarem	P
adorar	S
adorarem	P
adormecer	S
adormecerem	P
adormentar	S
adormentarem	P
adormir	S
adormirem	P
adornar	S
adornarem	P
adotar	S
adotarem	P
adoudar	S
adoudarem	P
adoutrinar	S
adoutrinarem	P
adoçar	S
adoçarem	P
adquirir	S
adquirirem	P
adregar	S
adregarem	P
adriçar	S
adriçarem	P
adrogar	S
adrogarem	P
adscrever	S
adscreverem	P
adsorver	S
adsorverem	P
adstringir	S
adstringirem	P
aduanar	S
aduanarem	P
aduar	S
aduarem	P
adubar	S
adubarem	P
aduchar	S
aducharem	P
aducir	S
aducirem	P
adufar	S
adufarem	P
adular	S
adularem	P
adulterar	S
adulterarem	P
adulçorar	S
adulçorarem	P
adumar	S
adumarem	P
adumbrar	S
adumbrarem	P
adunar	S
adunarem	P
aduncar	S
aduncarem	P
adurar	S
adurarem	P
adurir	S
adurirem	P
aduzir	S
aduzirem	P
adverbalizar	S
adverbalizarem	P
adverbar	S
adverbarem	P
adverbiar	S
adverbiarem	P
adversar	S
adversarem	P
advertir	S
advertirem	P
advier	S
advierem	P
advogar	S
advogarem	P
aerificar	S
aerificarem	P
aerizar	S
aerizarem	P
aeroplanar	S
aeroplanarem	P
aerotransportar	S
aerotransportarem	P
afadigar	S
afadigarem	P
afadistar	S
afadistarem	P
afagar	S
afagarem	P
afagueirar	S
afagueirarem	P
afaimar	S
afaimarem	P
afainar	S
afainarem	P
afalar	S
afalarem	P
afalcassar	S
afalcassarem	P
afalcoar	S
afalcoarem	P
afamar	S
afamarem	P
afamilhar	S
afamilharem	P
afamiliar	S
afamiliarem	P
afanar	S
afanarem	P
afaquear	S
afaquearem	P
afarar	S
afararem	P
afarfalhar	S
afarfalharem	P
afarinhar	S
afarinharem	P
afastar	S
afastarem	P
afatiar	S
afatiarem	P
afaxinar	S
afaxinarem	P
afazendar	S
afazendarem	P
afear	S
afearem	P
afeijoar	S
afeijoarem	P
afeitar	S
afeitarem	P
afeiçoar	S
afeiçoarem	P
afelear	S
afelearem	P
afemear	S
afemearem	P
afeminar	S
afeminarem	P
aferir	S
aferirem	P
aferrar	S
aferrarem	P
aferrenhar	S
aferrenharem	P
aferretar	S
aferretarem	P
aferretear	S
aferretearem	P
aferretoar	S
aferretoarem	P
aferroar	S
aferroarem	P
aferrolhar	S
aferrolharem	P
afervar	S
afervarem	P
aferventar	S
aferventarem	P
afervescer	S
afervescerem	P
afervorar	S
afervorarem	P
afervorizar	S
afervorizarem	P
afestoar	S
afestoarem	P
afetar	S
afetarem	P
afiambrar	S
afiambrarem	P
afiançar	S
afiançarem	P
afiar	S
afiarem	P
afidalgar	S
afidalgarem	P
afifar	S
afifarem	P
afigurar	S
afigurarem	P
afilar	S
afilarem	P
afilhar	S
afilharem	P
afiliar	S
afiliarem	P
afinar	S
afinarem	P
afincar	S
afincarem	P
afincoar	S
afincoarem	P
afinfar	S
afinfarem	P
afirmar	S
afirmarem	P
afistular	S
afistularem	P
afitar	S
afitarem	P
afiuzar	S
afiuzarem	P
afivelar	S
afivelarem	P
afixar	S
afixarem	P
afizer	S
afizerem	P
aflar	S
aflarem	P
aflautar	S
aflautarem	P
aflechar	S
aflecharem	P
afleimar	S
afleimarem	P
afleumar	S
afleumarem	P
afligir	S
afligirem	P
aflorar	S
aflorarem	P
afluir	S
afluírem	P
afobar	S
afobarem	P
afocinhar	S
afocinharem	P
afofar	S
afofarem	P
afogar	S
afogarem	P
afoguear	S
afoguearem	P
afoitar	S
afoitarem	P
afolar	S
afolarem	P
afolhar	S
afolharem	P
afolozar	S
afolozarem	P
afomear	S
afomearem	P
afomentar	S
afomentarem	P
aforar	S
aforarem	P
aforciar	S
aforciarem	P
aforismar	S
aforismarem	P
aformosar	S
aformosarem	P
aformosear	S
aformosearem	P
aformosentar	S
aformosentarem	P
aforquilhar	S
aforquilharem	P
aforrar	S
aforrarem	P
afortalecer	S
afortalecerem	P
afortalezar	S
afortalezarem	P
afortunar	S
afortunarem	P
aforçurar	S
aforçurarem	P
afoutar	S
afoutarem	P
afracar	S
afracarem	P
afragatar	S
afragatarem	P
afrancesar	S
afrancesarem	P
afranzinar	S
afranzinarem	P
afrechar	S
afrecharem	P
afreguesar	S
afreguesarem	P
afreimar	S
afreimarem	P
afrentar	S
afrentarem	P
afrescar	S
afrescarem	P
afretar	S
afretarem	P
africanar	S
africanarem	P
africanizar	S
africanizarem	P
africar	S
africarem	P
afroixar	S
afroixarem	P
afroixelar	S
afroixelarem	P
afronhar	S
afronharem	P
afrontar	S
afrontarem	P
afrouxar	S
afrouxarem	P
afrouxelar	S
afrouxelarem	P
afrutar	S
afrutarem	P
afugentar	S
afugentarem	P
afuleimar	S
afuleimarem	P
afulvar	S
afulvarem	P
afumar	S
afumarem	P
afumear	S
afumearem	P
afumegar	S
afumegarem	P
afunalar	S
afunalarem	P
afundar	S
afundarem	P
afundir	S
afundirem	P
afunilar	S
afunilarem	P
afuroar	S
afuroarem	P
afusar	S
afusarem	P
afutricar	S
afutricarem	P
afuzilar	S
afuzilarem	P
agachar	S
agacharem	P
agadanhar	S
agadanharem	P
agafanhar	S
agafanharem	P
agaiatar	S
agaiatarem	P
agaiolar	S
agaiolarem	P
agaitar	S
agaitarem	P
agalanar	S
agalanarem	P
agalardoar	S
agalardoarem	P
agalegar	S
agalegarem	P
agalgar	S
agalgarem	P
agalhar	S
agalharem	P
agalinhar	S
agalinharem	P
agaloar	S
agaloarem	P
aganar	S
aganarem	P
agarnachar	S
agarnacharem	P
agarotar	S
agarotarem	P
agarrar	S
agarrarem	P
agarrochar	S
agarrocharem	P
agarrotar	S
agarrotarem	P
agarruchar	S
agarrucharem	P
agarrunchar	S
agarruncharem	P
agasalhar	S
agasalharem	P
agastar	S
agastarem	P
agatafunhar	S
agatafunharem	P
agatanhar	S
agatanharem	P
agatificar	S
agatificarem	P
agatinhar	S
agatinharem	P
agatizar	S
agatizarem	P
agatunar	S
agatunarem	P
agaturrar	S
agaturrarem	P
agauchar	S
agaucharem	P
agavelar	S
agavelarem	P
agazuar	S
agazuarem	P
agenciar	S
agenciarem	P
agendar	S
agendarem	P
agengibrar	S
agengibrarem	P
agermanar	S
agermanarem	P
agigantar	S
agigantarem	P
agigantear	S
agigantearem	P
agilitar	S
agilitarem	P
agiotar	S
agiotarem	P
agir	S
agirem	P
agitar	S
agitarem	P
aglomerar	S
aglomerarem	P
aglutinar	S
aglutinarem	P
agodelhar	S
agodelharem	P
agoirar	S
agoirarem	P
agoirentar	S
agoirentarem	P
agolpear	S
agolpearem	P
agomar	S
agomarem	P
agongorar	S
agongorarem	P
agoniar	S
agoniarem	P
agonizar	S
agonizarem	P
agorentar	S
agorentarem	P
agostar	S
agostarem	P
agourar	S
agourarem	P
agourentar	S
agourentarem	P
agraciar	S
agraciarem	P
agradar	S
agradarem	P
agradecer	S
agradecerem	P
agrafar	S
agrafarem	P
agranar	S
agranarem	P
agranelar	S
agranelarem	P
agranizar	S
agranizarem	P
agrar	S
agrarem	P
agraudar	S
agraudarem	P
agravar	S
agravarem	P
agraviar	S
agraviarem	P
agrear	S
agrearem	P
agredir	S
agredirem	P
agregar	S
agregarem	P
agremiar	S
agremiarem	P
agricultar	S
agricultarem	P
agrilhetar	S
agrilhetarem	P
agrilhoar	S
agrilhoarem	P
agrimar	S
agrimarem	P
agrimensar	S
agrimensarem	P
agrinaldar	S
agrinaldarem	P
agrisalhar	S
agrisalharem	P
agrumar	S
agrumarem	P
agrumelar	S
agrumelarem	P
agrumetar	S
agrumetarem	P
agrumular	S
agrumularem	P
agrupar	S
agruparem	P
aguar	S
aguardar	S
aguardarem	P
aguardentar	S
aguardentarem	P
aguarelar	S
aguarelarem	P
aguarem	P
aguarentar	S
aguarentarem	P
aguaritar	S
aguaritarem	P
agudar	S
agudarem	P
agueirar	S
agueirarem	P
aguentar	S
aguentarem	P
aguerrear	S
aguerrearem	P
aguerrilhar	S
aguerrilharem	P
aguerrir	S
aguerrirem	P
aguiar	S
aguiarem	P
aguilhar	S
aguilharem	P
aguilhoar	S
aguilhoarem	P
aguinir	S
aguinirem	P
aguisar	S
aguisarem	P
aguitarrar	S
aguitarrarem	P
aguizalhar	S
aguizalharem	P
aguizar	S
aguizarem	P
agulhar	S
agulharem	P
agulhetar	S
agulhetarem	P
agurentar	S
agurentarem	P
aguçar	S
aguçarem	P
aiar	S
aiarem	P
airar	S
airarem	P
ajaezar	S
ajaezarem	P
ajanotar	S
ajanotarem	P
ajantarar	S
ajantararem	P
ajardinar	S
ajardinarem	P
ajarretar	S
ajarretarem	P
ajaular	S
ajaularem	P
ajavardar	S
ajavardarem	P
ajeirar	S
ajeirarem	P
ajeitar	S
ajeitarem	P
ajesuitar	S
ajesuitarem	P
ajoeirar	S
ajoeirarem	P
ajoelhar	S
ajoelharem	P
ajorcar	S
ajorcarem	P
ajornalar	S
ajornalarem	P
ajoujar	S
ajoujarem	P
ajoviar	S
ajoviarem	P
ajudar	S
ajudarem	P
ajudengar	S
ajudengarem	P
ajuizar	S
ajuizarem	P
ajular	S
ajularem	P
ajuntar	S
ajuntarem	P
ajuramentar	S
ajuramentarem	P
ajustar	S
ajustarem	P
ajustiçar	S
ajustiçarem	P
ajusturar	S
ajusturarem	P
alabar	S
alabarar	S
alabararem	P
alabardar	S
alabardarem	P
alabarem	P
alabastrizar	S
alabastrizarem	P
alabirintar	S
alabirintarem	P
alabregar	S
alabregarem	P
alacaiar	S
alacaiarem	P
alacar	S
alacarem	P
alactar	S
alactarem	P
aladroar	S
aladroarem	P
alagar	S
alagarem	P
alagartar	S
alagartarem	P
alagartear	S
alagartearem	P
alagoar	S
alagoarem	P
alambarar	S
alambararem	P
alambazar	S
alambazarem	P
alambicar	S
alambicarem	P
alamborar	S
alamborarem	P
alambrar	S
alambrarem	P
alamedar	S
alamedarem	P
alampar	S
alamparem	P
alancar	S
alancarem	P
alancear	S
alancearem	P
alanguidar	S
alanguidarem	P
alanhar	S
alanharem	P
alanzoar	S
alanzoarem	P
alapar	S
alapardar	S
alapardarem	P
alaparem	P
alapoar	S
alapoarem	P
alapuzar	S
alapuzarem	P
alar	S
alaranjar	S
alaranjarem	P
alarar	S
alararem	P
alardar	S
alardarem	P
alardear	S
alardearem	P
alarem	P
alargar	S
alargarem	P
alarmar	S
alarmarem	P
alarpar	S
alarparem	P
alarvajar	S
alarvajarem	P
alarvejar	S
alarvejarem	P
alassar	S
alassarem	P
alastrar	S
alastrarem	P
alatinar	S
alatinarem	P
alatoar	S
alatoarem	P
alaudar	S
alaudarem	P
alavercar	S
alavercarem	P
albardar	S
albardarem	P
albergar	S
albergarem	P
albidar	S
albidarem	P
albificar	S
albificarem	P
alborcar	S
alborcarem	P
alborotar	S
alborotarem	P
albufeirar	S
albufeirarem	P
albuminar	S
albuminarem	P
alcachinar	S
alcachinarem	P
alcachofrar	S
alcachofrarem	P
alcaguetar	S
alcaguetarem	P
alcaiotar	S
alcaiotarem	P
alcalificar	S
alcalificarem	P
alcalinar	S
alcalinarem	P
alcalinizar	S
alcalinizarem	P
alcalizar	S
alcalizarem	P
alcandorar	S
alcandorarem	P
alcanforar	S
alcanforarem	P
alcantilar	S
alcantilarem	P
alcançar	S
alcançarem	P
alcaparrar	S
alcaparrarem	P
alcatear	S
alcatearem	P
alcatifar	S
alcatifarem	P
alcatroar	S
alcatroarem	P
alcatruzar	S
alcatruzarem	P
alcear	S
alcearem	P
alcofar	S
alcofarem	P
alcoolificar	S
alcoolificarem	P
alcoolizar	S
alcoolizarem	P
alcorcovar	S
alcorcovarem	P
alcovitar	S
alcovitarem	P
alcunhar	S
alcunharem	P
aldeagar	S
aldeagarem	P
aldear	S
aldearem	P
aldrabar	S
aldrabarem	P
aldravar	S
aldravarem	P
alealdar	S
alealdarem	P
aledar	S
aledarem	P
alegar	S
alegarem	P
alegorizar	S
alegorizarem	P
alegrar	S
alegrarem	P
aleijar	S
aleijarem	P
aleiloar	S
aleiloarem	P
aleirar	S
aleirarem	P
aleitar	S
aleitarem	P
aleixar	S
aleixarem	P
aleluiar	S
aleluiarem	P
alemanizar	S
alemanizarem	P
alembrar	S
alembrarem	P
alemoar	S
alemoarem	P
alentar	S
alentarem	P
alentecer	S
alentecerem	P
alerdar	S
alerdarem	P
alertar	S
alertarem	P
alesmar	S
alesmarem	P
alestar	S
alestarem	P
aletargar	S
aletargarem	P
aletradar	S
aletradarem	P
aletrar	S
aletrarem	P
alevantar	S
alevantarem	P
alevedar	S
alevedarem	P
alfabetar	S
alfabetarem	P
alfabetizar	S
alfabetizarem	P
alfaiar	S
alfaiarem	P
alfaiatar	S
alfaiatarem	P
alfandegar	S
alfandegarem	P
alfar	S
alfarem	P
alfarrobar	S
alfarrobarem	P
alfazemar	S
alfazemarem	P
alfenar	S
alfenarem	P
alfeninar	S
alfeninarem	P
alfinetar	S
alfinetarem	P
alfinetear	S
alfinetearem	P
alfombrar	S
alfombrarem	P
alforjar	S
alforjarem	P
alforrar	S
alforrarem	P
alforriar	S
alforriarem	P
algaliar	S
algaliarem	P
algaraviar	S
algaraviarem	P
algazarrar	S
algazarrarem	P
algebrizar	S
algebrizarem	P
algemar	S
algemarem	P
algodoar	S
algodoarem	P
algozar	S
algozarem	P
algraviar	S
algraviarem	P
alguergar	S
alguergarem	P
alhanar	S
alhanarem	P
alhear	S
alhearem	P
aliançar	S
aliançarem	P
aliar	S
aliarem	P
alibambar	S
alibambarem	P
alicercear	S
alicercearem	P
alicerçar	S
alicerçarem	P
aliciar	S
aliciarem	P
alienar	S
alienarem	P
aligar	S
aligarem	P
aligeirar	S
aligeirarem	P
alijar	S
alijarem	P
alimentar	S
alimentarem	P
alimpar	S
alimparem	P
alindar	S
alindarem	P
alinear	S
alinearem	P
alinhar	S
alinharem	P
alinhavar	S
alinhavarem	P
alisar	S
alisarem	P
alisboetar	S
alisboetarem	P
alistar	S
alistarem	P
aliterar	S
aliterarem	P
aliteratar	S
aliteratarem	P
aliviar	S
aliviarem	P
aljofarar	S
aljofararem	P
aljofrar	S
aljofrarem	P
almagrar	S
almagrarem	P
almajarrar	S
almajarrarem	P
almanjarrar	S
almanjarrarem	P
almecegar	S
almecegarem	P
almejar	S
almejarem	P
almirantear	S
almirantearem	P
almiscarar	S
almiscararem	P
almocrevar	S
almocrevarem	P
almoedar	S
almoedarem	P
almofadar	S
almofadarem	P
almofaçar	S
almofaçarem	P
almofreixar	S
almofreixarem	P
almondegar	S
almondegarem	P
almotaçar	S
almotaçarem	P
almoçar	S
almoçarem	P
almudar	S
almudarem	P
alocar	S
alocarem	P
aloirar	S
aloirarem	P
aloisar	S
aloisarem	P
alojar	S
alojarem	P
alombar	S
alombarem	P
alomborar	S
alomborarem	P
alongar	S
alongarem	P
alonginquar	S
alonginquarem	P
alopatizar	S
alopatizarem	P
aloprar	S
aloprarem	P
alotar	S
alotarem	P
aloucar	S
aloucarem	P
alourar	S
alourarem	P
alousar	S
alousarem	P
alpardecer	S
alpardecerem	P
alpendrar	S
alpendrarem	P
alpinar	S
alpinarem	P
alporcar	S
alporcarem	P
alquebrar	S
alquebrarem	P
alqueirar	S
alqueirarem	P
alqueivar	S
alqueivarem	P
alquiar	S
alquiarem	P
alquilar	S
alquilarem	P
alquimiar	S
alquimiarem	P
alrotar	S
alrotarem	P
altanar	S
altanarem	P
altanear	S
altanearem	P
altear	S
altearem	P
alterar	S
alterarem	P
altercar	S
altercarem	P
alternar	S
alternarem	P
altivar	S
altivarem	P
aluar	S
aluarem	P
alucinar	S
alucinarem	P
aludir	S
aludirem	P
alugar	S
alugarem	P
aluir	S
alumbrar	S
alumbrarem	P
alumiar	S
alumiarem	P
aluminar	S
aluminarem	P
aluminizar	S
aluminizarem	P
alunar	S
alunarem	P
alunissar	S
alunissarem	P
alunizar	S
alunizarem	P
alutar	S
alutarem	P
aluviar	S
aluviarem	P
aluxar	S
aluxarem	P
aluírem	P
alvacentar	S
alvacentarem	P
alvaiadar	S
alvaiadarem	P
alvalar	S
alvalarem	P
alvear	S
alvearem	P
alveitarar	S
alveitararem	P
alvejar	S
alvejarem	P
alvescer	S
alvescerem	P
alvidrar	S
alvidrarem	P
alvissarar	S
alvissararem	P
alvitrajar	S
alvitrajarem	P
alvitrar	S
alvitrarem	P
alvorar	S
alvorarem	P
alvorear	S
alvorearem	P
alvorecer	S
alvorecerem	P
alvorejar	S
alvorejarem	P
alvoriçar	S
alvoriçarem	P
alvorotar	S
alvorotarem	P
alvoroçar	S
alvoroçarem	P
alvotar	S
alvotarem	P
alçapremar	S
alçapremarem	P
alçar	S
alçarem	P
amacacar	S
amacacarem	P
amachonar	S
amachonarem	P
amachorrar	S
amachorrarem	P
amachucar	S
amachucarem	P
amaciar	S
amaciarem	P
amadeirar	S
amadeirarem	P
amadornar	S
amadornarem	P
amadorrar	S
amadorrarem	P
amadrinhar	S
amadrinharem	P
amadurar	S
amadurarem	P
amadurecer	S
amadurecerem	P
amaestrar	S
amaestrarem	P
amagar	S
amagarem	P
amagotar	S
amagotarem	P
amainar	S
amainarem	P
amaldiçoar	S
amaldiçoarem	P
amaleitar	S
amaleitarem	P
amalgamar	S
amalgamarem	P
amalhar	S
amalharem	P
amalhoar	S
amalhoarem	P
amalocar	S
amalocarem	P
amaltar	S
amaltarem	P
amalucar	S
amalucarem	P
amamentar	S
amamentarem	P
amancebar	S
amancebarem	P
amanchar	S
amancharem	P
amaneirar	S
amaneirarem	P
amanequinar	S
amanequinarem	P
amanhar	S
amanharem	P
amanhecer	S
amanhecerem	P
amaninhar	S
amaninharem	P
amanonsiar	S
amanonsiarem	P
amanosear	S
amanosearem	P
amansar	S
amansarem	P
amantar	S
amantarem	P
amanteigar	S
amanteigarem	P
amantelar	S
amantelarem	P
amantilhar	S
amantilharem	P
amantizar	S
amantizarem	P
amanusear	S
amanusearem	P
amaquiar	S
amaquiarem	P
amar	S
amarar	S
amararem	P
amarasmar	S
amarasmarem	P
amarasmear	S
amarasmearem	P
amarecar	S
amarecarem	P
amarelar	S
amarelarem	P
amarelecer	S
amarelecerem	P
amarelejar	S
amarelejarem	P
amarelir	S
amarelirem	P
amarem	P
amarfalhar	S
amarfalharem	P
amarfanhar	S
amarfanharem	P
amargar	S
amargarem	P
amargurar	S
amargurarem	P
amaricar	S
amaricarem	P
amaridar	S
amaridarem	P
amarinhar	S
amarinharem	P
amarinheirar	S
amarinheirarem	P
amariolar	S
amariolarem	P
amarizar	S
amarizarem	P
amariçar	S
amariçarem	P
amarotar	S
amarotarem	P
amarrar	S
amarrarem	P
amarroar	S
amarroarem	P
amarroquinar	S
amarroquinarem	P
amarrotar	S
amarrotarem	P
amartelar	S
amartelarem	P
amarujar	S
amarujarem	P
amarulhar	S
amarulharem	P
amasiar	S
amasiarem	P
amassar	S
amassarem	P
amatalar	S
amatalarem	P
amatalotar	S
amatalotarem	P
amatar	S
amatarem	P
amatilhar	S
amatilharem	P
amatronar	S
amatronarem	P
amatular	S
amatularem	P
amatutar	S
amatutarem	P
amaurotizar	S
amaurotizarem	P
amazelar	S
amazelarem	P
amazilhar	S
amazilharem	P
amaçar	S
amaçarem	P
amaçarocar	S
amaçarocarem	P
ambarizar	S
ambarizarem	P
ambicionar	S
ambicionarem	P
ambientar	S
ambientarem	P
ambrear	S
ambrearem	P
ambular	S
ambularem	P
amealhar	S
amealharem	P
amear	S
amearem	P
ameaçar	S
ameaçarem	P
amedalhar	S
amedalharem	P
amedrentar	S
amedrentarem	P
amedrontar	S
amedrontarem	P
ameigar	S
ameigarem	P
ameijoar	S
ameijoarem	P
amelaçar	S
amelaçarem	P
ameninar	S
ameninarem	P
amenizar	S
amenizarem	P
amentar	S
amentarem	P
amercear	S
amercearem	P
amergulhar	S
amergulharem	P
americanizar	S
americanizarem	P
amerissar	S
amerissarem	P
amerujar	S
amerujarem	P
amesendar	S
amesendarem	P
amesendrar	S
amesendrarem	P
amesquinhar	S
amesquinharem	P
amestrar	S
amestrarem	P
ametalar	S
ametalarem	P
amezinhar	S
amezinharem	P
amichelar	S
amichelarem	P
amidoar	S
amidoarem	P
amidonar	S
amidonarem	P
amigar	S
amigarem	P
amilhar	S
amilharem	P
amimalhar	S
amimalharem	P
amimar	S
amimarem	P
amineirar	S
amineirarem	P
aminguar	S
aminguarem	P
amiserar	S
amiserarem	P
amistar	S
amistarem	P
amisular	S
amisularem	P
amiudar	S
amiudarem	P
amnesiar	S
amnesiarem	P
amocambar	S
amocambarem	P
amocar	S
amocarem	P
amochar	S
amocharem	P
amochilar	S
amochilarem	P
amodelar	S
amodelarem	P
amodernar	S
amodernarem	P
amodernizar	S
amodernizarem	P
amodorrar	S
amodorrarem	P
amoedar	S
amoedarem	P
amoestar	S
amoestarem	P
amofinar	S
amofinarem	P
amofumbar	S
amofumbarem	P
amoinar	S
amoinarem	P
amoirar	S
amoirarem	P
amoiriscar	S
amoiriscarem	P
amoiroar	S
amoiroarem	P
amoitar	S
amoitarem	P
amojar	S
amojarem	P
amolancar	S
amolancarem	P
amolar	S
amolarem	P
amoldar	S
amoldarem	P
amoldurar	S
amoldurarem	P
amolecar	S
amolecarem	P
amolecer	S
amolecerem	P
amolegar	S
amolegarem	P
amolengar	S
amolengarem	P
amolentar	S
amolentarem	P
amolestar	S
amolestarem	P
amolgar	S
amolgarem	P
amontanhar	S
amontanharem	P
amontar	S
amontarem	P
amontijar	S
amontijarem	P
amontilhar	S
amontilharem	P
amontoar	S
amontoarem	P
amonturar	S
amonturarem	P
amoquecar	S
amoquecarem	P
amoralizar	S
amoralizarem	P
amorar	S
amorarem	P
amorcegar	S
amorcegarem	P
amordaçar	S
amordaçarem	P
amorenar	S
amorenarem	P
amoriscar	S
amoriscarem	P
amornar	S
amornarem	P
amornecer	S
amornecerem	P
amorrinhar	S
amorrinharem	P
amorsegar	S
amorsegarem	P
amortalhar	S
amortalharem	P
amortecer	S
amortecerem	P
amortificar	S
amortificarem	P
amortizar	S
amortizarem	P
amortiçar	S
amortiçarem	P
amossar	S
amossarem	P
amossegar	S
amossegarem	P
amostardar	S
amostardarem	P
amostrar	S
amostrarem	P
amotar	S
amotarem	P
amotinar	S
amotinarem	P
amotunar	S
amotunarem	P
amoucar	S
amoucarem	P
amourar	S
amourarem	P
amouriscar	S
amouriscarem	P
amouroar	S
amouroarem	P
amouxar	S
amouxarem	P
amover	S
amoverem	P
amoxamar	S
amoxamarem	P
amparar	S
ampararem	P
ampliar	S
ampliarem	P
amplificar	S
amplificarem	P
amputar	S
amputarem	P
amuar	S
amuarem	P
amulatar	S
amulatarem	P
amulhengar	S
amulhengarem	P
amulherar	S
amulherarem	P
amumiar	S
amumiarem	P
amunhecar	S
amunhecarem	P
amuniciar	S
amuniciarem	P
amunicionar	S
amunicionarem	P
amuralhar	S
amuralharem	P
amurar	S
amurarem	P
amurchecer	S
amurchecerem	P
amurilhar	S
amurilharem	P
anacarar	S
anacararem	P
anacreontizar	S
anacreontizarem	P
anacronizar	S
anacronizarem	P
anafar	S
anafarem	P
anafilactizar	S
anafilactizarem	P
anafilatizar	S
anafilatizarem	P
anagalhar	S
anagalharem	P
anagramatizar	S
anagramatizarem	P
anaipar	S
anaiparem	P
analgizar	S
analgizarem	P
analisar	S
analisarem	P
ananicar	S
ananicarem	P
ananzar	S
ananzarem	P
anarcisar	S
anarcisarem	P
anarquizar	S
anarquizarem	P
anastomosar	S
anastomosarem	P
anatar	S
anatarem	P
anateirar	S
anateirarem	P
anatematizar	S
anatematizarem	P
anatomizar	S
anatomizarem	P
anavalhar	S
anavalharem	P
anaçar	S
anaçarem	P
ancilosar	S
ancilosarem	P
ancinhar	S
ancinharem	P
ancorar	S
ancorarem	P
andaimar	S
andaimarem	P
andar	S
andarem	P
andejar	S
andejarem	P
andoar	S
andoarem	P
anediar	S
anediarem	P
anedotizar	S
anedotizarem	P
anegalhar	S
anegalharem	P
anegar	S
anegarem	P
anegralhar	S
anegralharem	P
anegrar	S
anegrarem	P
anegrejar	S
anegrejarem	P
anelar	S
anelarem	P
anemiar	S
anemiarem	P
anemizar	S
anemizarem	P
anestesiar	S
anestesiarem	P
anexar	S
anexarem	P
angariar	S
angariarem	P
angelizar	S
angelizarem	P
anglicizar	S
anglicizarem	P
anglizar	S
anglizarem	P
anglomanizar	S
anglomanizarem	P
angular	S
angularem	P
angustiar	S
angustiarem	P
anichar	S
anicharem	P
anielar	S
anielarem	P
aniilar	S
aniilarem	P
anilar	S
anilarem	P
anilhar	S
anilharem	P
anilhaçar	S
anilhaçarem	P
anilinar	S
anilinarem	P
animadvertir	S
animadvertirem	P
animalizar	S
animalizarem	P
animar	S
animarem	P
animatografar	S
animatografarem	P
animizar	S
animizarem	P
aninar	S
aninarem	P
aninhar	S
aninharem	P
aniquilar	S
aniquilarem	P
anisar	S
anisarem	P
anistiar	S
anistiarem	P
anivelar	S
anivelarem	P
aniversariar	S
aniversariarem	P
anodizar	S
anodizarem	P
anogueirar	S
anogueirarem	P
anoitar	S
anoitarem	P
anoitecer	S
anoitecerem	P
anojar	S
anojarem	P
anonadar	S
anonadarem	P
anonimar	S
anonimarem	P
anordestear	S
anordestearem	P
anordestinar	S
anordestinarem	P
anortear	S
anortearem	P
anotar	S
anotarem	P
anoutecer	S
anoutecerem	P
anovar	S
anovarem	P
anovear	S
anovearem	P
anovelar	S
anovelarem	P
anquilosar	S
anquilosarem	P
ansiar	S
ansiarem	P
antar	S
antarem	P
anteceder	S
antecederem	P
antecipar	S
anteciparem	P
antedar	S
antedarem	P
antedatar	S
antedatarem	P
antedisser	S
antedisserem	P
anteferir	S
anteferirem	P
antegostar	S
antegostarem	P
antegozar	S
antegozarem	P
antemostrar	S
antemostrarem	P
antemover	S
antemoverem	P
antemultiplicar	S
antemultiplicarem	P
antemurar	S
antemurarem	P
anteocupar	S
anteocuparem	P
antepagar	S
antepagarem	P
anteparar	S
antepararem	P
antepassar	S
antepassarem	P
antepuser	S
antepuserem	P
anteriorizar	S
anteriorizarem	P
antessentir	S
antessentirem	P
anteverter	S
anteverterem	P
antevir	S
antevirem	P
antipatizar	S
antipatizarem	P
antiquar	S
antiquarem	P
antissepsiar	S
antissepsiarem	P
antojar	S
antojarem	P
antolhar	S
antolharem	P
antologiar	S
antologiarem	P
antropomorfizar	S
antropomorfizarem	P
anuir	S
anular	S
anularem	P
anumerar	S
anumerarem	P
anunciar	S
anunciarem	P
anuviar	S
anuviarem	P
anuírem	P
anzolar	S
anzolarem	P
apachorrar	S
apachorrarem	P
apacificar	S
apacificarem	P
apadrinhar	S
apadrinharem	P
apadroar	S
apadroarem	P
apagar	S
apagarem	P
apainelar	S
apainelarem	P
apaiolar	S
apaiolarem	P
apaisanar	S
apaisanarem	P
apaixonar	S
apaixonarem	P
apajar	S
apajarem	P
apajear	S
apajearem	P
apalacianar	S
apalacianarem	P
apaladar	S
apaladarem	P
apalancar	S
apalancarem	P
apalavrar	S
apalavrarem	P
apalazar	S
apalazarem	P
apalaçar	S
apalaçarem	P
apalear	S
apalearem	P
apalermar	S
apalermarem	P
apalhaçar	S
apalhaçarem	P
apalmar	S
apalmarem	P
apalmatoar	S
apalmatoarem	P
apalpar	S
apalparem	P
apanagiar	S
apanagiarem	P
apancar	S
apancarem	P
apandar	S
apandarem	P
apandilhar	S
apandilharem	P
apanhar	S
apanharem	P
apaniagurar	S
apaniagurarem	P
apanicar	S
apanicarem	P
apaniguar	S
apaniguarem	P
apantufar	S
apantufarem	P
apaparicar	S
apaparicarem	P
aparabolar	S
aparabolarem	P
aparafusar	S
aparafusarem	P
aparagatar	S
aparagatarem	P
aparaltar	S
aparaltarem	P
aparamentar	S
aparamentarem	P
aparar	S
apararem	P
aparatar	S
aparatarem	P
aparceirar	S
aparceirarem	P
aparcelar	S
aparcelarem	P
apardaçar	S
apardaçarem	P
aparecer	S
aparecerem	P
aparelhar	S
aparelharem	P
aparentar	S
aparentarem	P
aparentelar	S
aparentelarem	P
aparoquianar	S
aparoquianarem	P
aparoquiar	S
aparoquiarem	P
aparrar	S
aparrarem	P
aparreirar	S
aparreirarem	P
apartar	S
apartarem	P
apartear	S
apartearem	P
aparvajar	S
aparvajarem	P
aparvalhar	S
aparvalharem	P
aparvar	S
aparvarem	P
aparvoar	S
aparvoarem	P
apascaçar	S
apascaçarem	P
apascentar	S
apascentarem	P
apascoar	S
apascoarem	P
apassamanar	S
apassamanarem	P
apassivar	S
apassivarem	P
apastorar	S
apastorarem	P
apatacar	S
apatacarem	P
apatanhar	S
apatanharem	P
apatetar	S
apatetarem	P
apatifar	S
apatifarem	P
apatizar	S
apatizarem	P
apatronar	S
apatronarem	P
apatrulhar	S
apatrulharem	P
apaular	S
apaularem	P
apaulistanizar	S
apaulistanizarem	P
apaulistar	S
apaulistarem	P
apavesar	S
apavesarem	P
apavonar	S
apavonarem	P
apavonear	S
apavonearem	P
apavorar	S
apavorarem	P
apaziguar	S
apaziguarem	P
apealar	S
apealarem	P
apeanhar	S
apeanharem	P
apeançar	S
apeançarem	P
apear	S
apearem	P
apedantar	S
apedantarem	P
apedar	S
apedarem	P
apedourar	S
apedourarem	P
apedrar	S
apedrarem	P
apedregulhar	S
apedregulharem	P
apedrejar	S
apedrejarem	P
apeganhar	S
apeganharem	P
apegar	S
apegarem	P
apeguilhar	S
apeguilharem	P
apeirar	S
apeirarem	P
apejar	S
apejarem	P
apelar	S
apelarem	P
apelidar	S
apelidarem	P
apelintrar	S
apelintrarem	P
apenar	S
apenarem	P
apendar	S
apendarem	P
apender	S
apenderem	P
apendicular	S
apendicularem	P
apendoar	S
apendoarem	P
apenhar	S
apenharem	P
apenhorar	S
apenhorarem	P
apensar	S
apensarem	P
apensionar	S
apensionarem	P
apenumbrar	S
apenumbrarem	P
apepinar	S
apepinarem	P
apequenar	S
apequenarem	P
apequenitar	S
apequenitarem	P
aperaltar	S
aperaltarem	P
aperalvilhar	S
aperalvilharem	P
aperar	S
aperarem	P
aperceber	S
aperceberem	P
aperfeiçoar	S
aperfeiçoarem	P
aperfiar	S
aperfiarem	P
aperfilhar	S
aperfilharem	P
apergaminhar	S
apergaminharem	P
apernar	S
apernarem	P
aperolar	S
aperolarem	P
aperrar	S
aperrarem	P
aperrear	S
aperrearem	P
apertar	S
apertarem	P
aperuar	S
aperuarem	P
apesarar	S
apesararem	P
apesentar	S
apesentarem	P
apespontar	S
apespontarem	P
apestar	S
apestarem	P
apetar	S
apetarem	P
apetecer	S
apetecerem	P
apetitar	S
apetitarem	P
apetrechar	S
apetrecharem	P
apezinhar	S
apezinharem	P
apezunhar	S
apezunharem	P
apeçonhar	S
apeçonharem	P
apeçonhentar	S
apeçonhentarem	P
apiadar	S
apiadarem	P
apiançar	S
apiançarem	P
apicaçar	S
apicaçarem	P
apichar	S
apicharem	P
apichelar	S
apichelarem	P
apicoar	S
apicoarem	P
apiedar	S
apiedarem	P
apilarar	S
apilararem	P
apilhar	S
apilharem	P
apiloar	S
apiloarem	P
apimentar	S
apimentarem	P
apimpolhar	S
apimpolharem	P
apimponar	S
apimponarem	P
apincelar	S
apincelarem	P
apinchar	S
apincharem	P
apingentar	S
apingentarem	P
apinhar	S
apinharem	P
apinhoar	S
apinhoarem	P
apintalhar	S
apintalharem	P
apintoar	S
apintoarem	P
apipar	S
apiparem	P
apisoar	S
apisoarem	P
apitar	S
apitarem	P
aplacar	S
aplacarem	P
aplainar	S
aplainarem	P
aplanar	S
aplanarem	P
aplastar	S
aplastarem	P
aplastrar	S
aplastrarem	P
aplaudir	S
aplaudirem	P
aplebear	S
aplebearem	P
aplicar	S
aplicarem	P
aplumar	S
aplumarem	P
apoceirar	S
apoceirarem	P
apocopar	S
apocoparem	P
apodar	S
apodarem	P
apoderar	S
apoderarem	P
apodizar	S
apodizarem	P
apodrecer	S
apodrecerem	P
apodrentrar	S
apodrentrarem	P
apodrir	S
apodrirem	P
apoiar	S
apoiarem	P
apoitar	S
apoitarem	P
apojar	S
apojarem	P
apolazar	S
apolazarem	P
apolear	S
apolearem	P
apolegar	S
apolegarem	P
apoleirar	S
apoleirarem	P
apolejar	S
apolejarem	P
apolentar	S
apolentarem	P
apoliticalhar	S
apoliticalharem	P
apologizar	S
apologizarem	P
apoltronar	S
apoltronarem	P
apolvilhar	S
apolvilharem	P
apompar	S
apomparem	P
apontar	S
apontarem	P
apontear	S
apontearem	P
apontoar	S
apontoarem	P
apoquentar	S
apoquentarem	P
aporfiar	S
aporfiarem	P
aporismar	S
aporismarem	P
aporrear	S
aporrearem	P
aporretar	S
aporretarem	P
aporrinhar	S
aporrinharem	P
aportar	S
aportarem	P
aportilhar	S
aportilharem	P
aportuguesar	S
aportuguesarem	P
aposentar	S
aposentarem	P
apossar	S
apossarem	P
apossear	S
apossearem	P
apossuir	S
apossuírem	P
apostar	S
apostarem	P
apostatar	S
apostatarem	P
apostemar	S
apostemarem	P
apostilar	S
apostilarem	P
apostiçar	S
apostiçarem	P
apostolar	S
apostolarem	P
apostolizar	S
apostolizarem	P
apostrofar	S
apostrofarem	P
apotentar	S
apotentarem	P
apoteosar	S
apoteosarem	P
apoteosear	S
apoteosearem	P
apotrar	S
apotrarem	P
apoucar	S
apoucarem	P
apouquentar	S
apouquentarem	P
apoutar	S
apoutarem	P
apozemar	S
apozemarem	P
apragatar	S
apragatarem	P
aprazar	S
aprazarem	P
aprear	S
aprearem	P
apreciar	S
apreciarem	P
apreender	S
apreenderem	P
aprefixar	S
aprefixarem	P
apregoar	S
apregoarem	P
apremar	S
apremarem	P
apremer	S
apremerem	P
aprender	S
aprenderem	P
apresar	S
apresarem	P
apresbiterar	S
apresbiterarem	P
apresentar	S
apresentarem	P
apresigar	S
apresigarem	P
apresilhar	S
apresilharem	P
apressar	S
apressarem	P
apressurar	S
apressurarem	P
aprestamar	S
aprestamarem	P
aprestar	S
aprestarem	P
apreçar	S
apreçarem	P
aprimorar	S
aprimorarem	P
aprincesar	S
aprincesarem	P
apriscar	S
apriscarem	P
aprisionar	S
aprisionarem	P
aproar	S
aproarem	P
aprochar	S
aprocharem	P
aprochegar	S
aprochegarem	P
aproejar	S
aproejarem	P
aprofundar	S
aprofundarem	P
aprontar	S
aprontarem	P
apropinquar	S
apropinquarem	P
apropositar	S
apropositarem	P
apropriar	S
apropriarem	P
aprosar	S
aprosarem	P
aprouver	S
aprouverem	P
aprovar	S
aprovarem	P
aproveitar	S
aproveitarem	P
aprovisionar	S
aprovisionarem	P
aproximar	S
aproximarem	P
aprumar	S
aprumarem	P
aptar	S
aptarem	P
aptificar	S
aptificarem	P
apuar	S
apuarem	P
apunhalar	S
apunhalarem	P
apunhar	S
apunharem	P
apupar	S
apuparem	P
apurar	S
apurarem	P
apuridar	S
apuridarem	P
apurpurear	S
apurpurearem	P
apuser	S
apuserem	P
aquadrelar	S
aquadrelarem	P
aquadrilhar	S
aquadrilharem	P
aquarelar	S
aquarelarem	P
aquartelar	S
aquartelarem	P
aquartilhar	S
aquartilharem	P
aquebrantar	S
aquebrantarem	P
aquecer	S
aquecerem	P
aquedar	S
aquedarem	P
aqueixar	S
aqueixarem	P
aquelar	S
aquelarem	P
aquentar	S
aquentarem	P
aquerenciar	S
aquerenciarem	P
aquicultivar	S
aquicultivarem	P
aquiescer	S
aquiescerem	P
aquietar	S
aquietarem	P
aquilatar	S
aquilatarem	P
aquilhar	S
aquilharem	P
aquilombar	S
aquilombarem	P
aquilotar	S
aquilotarem	P
aquinhoar	S
aquinhoarem	P
aquirir	S
aquirirem	P
aquistar	S
aquistarem	P
arabescar	S
arabescarem	P
arabizar	S
arabizarem	P
aradar	S
aradarem	P
aramar	S
aramarem	P
aranhar	S
aranharem	P
arapuar	S
arapuarem	P
arar	S
ararem	P
araviar	S
araviarem	P
arbitrar	S
arbitrarem	P
arborescer	S
arborescerem	P
arborizar	S
arborizarem	P
arcabouçar	S
arcabouçarem	P
arcabuzar	S
arcabuzarem	P
arcabuzear	S
arcabuzearem	P
arcaizar	S
arcaizarem	P
arcar	S
arcarem	P
arcuar	S
arcuarem	P
arder	S
arderem	P
ardosiar	S
ardosiarem	P
arear	S
arearem	P
arejar	S
arejarem	P
arengar	S
arengarem	P
arenguear	S
arenguearem	P
arensar	S
arensarem	P
arestizar	S
arestizarem	P
arfar	S
arfarem	P
argamassar	S
argamassarem	P
argentar	S
argentarem	P
argentear	S
argentearem	P
argentinar	S
argentinarem	P
argentinizar	S
argentinizarem	P
argolar	S
argolarem	P
arguciar	S
arguciarem	P
argueirar	S
argueirarem	P
arguir	S
arguirem	P
argumentar	S
argumentarem	P
arianizar	S
arianizarem	P
ariar	S
ariarem	P
aricar	S
aricarem	P
aridificar	S
aridificarem	P
arietar	S
arietarem	P
aripar	S
ariparem	P
ariscar	S
ariscarem	P
aristocratizar	S
aristocratizarem	P
arjoar	S
arjoarem	P
armar	S
armarem	P
armazenar	S
armazenarem	P
arminhar	S
arminharem	P
armorejar	S
armorejarem	P
armoriar	S
armoriarem	P
arneirar	S
arneirarem	P
arnesar	S
arnesarem	P
aromar	S
aromarem	P
aromatizar	S
aromatizarem	P
arpar	S
arparem	P
arpear	S
arpearem	P
arpejar	S
arpejarem	P
arpoar	S
arpoarem	P
arquear	S
arquearem	P
arquejar	S
arquejarem	P
arquitetar	S
arquitetarem	P
arquivar	S
arquivarem	P
arrabaldar	S
arrabaldarem	P
arrabar	S
arrabarem	P
arrabeirar	S
arrabeirarem	P
arrabujar	S
arrabujarem	P
arracimar	S
arracimarem	P
arraiar	S
arraiarem	P
arraigar	S
arraigarem	P
arrair	S
arralentar	S
arralentarem	P
arramalhar	S
arramalharem	P
arramar	S
arramarem	P
arrancar	S
arrancarem	P
arranchar	S
arrancharem	P
arrancorar	S
arrancorarem	P
arranhar	S
arranharem	P
arranjar	S
arranjarem	P
arrapazar	S
arrapazarem	P
arrapinar	S
arrapinarem	P
arraposar	S
arraposarem	P
arrarar	S
arrararem	P
arrasar	S
arrasarem	P
arrastar	S
arrastarem	P
arrastelar	S
arrastelarem	P
arrastrar	S
arrastrarem	P
arratelar	S
arratelarem	P
arrazoar	S
arrazoarem	P
arraçar	S
arraçarem	P
arraçoar	S
arraçoarem	P
arraírem	P
arrear	S
arrearem	P
arreatar	S
arreatarem	P
arrebanhar	S
arrebanharem	P
arrebatar	S
arrebatarem	P
arrebentar	S
arrebentarem	P
arrebicar	S
arrebicarem	P
arrebitar	S
arrebitarem	P
arrebolar	S
arrebolarem	P
arrebunhar	S
arrebunharem	P
arrecadar	S
arrecadarem	P
arrecamar	S
arrecamarem	P
arrecear	S
arrecearem	P
arrecuar	S
arrecuarem	P
arredar	S
arredarem	P
arredondar	S
arredondarem	P
arrefanhar	S
arrefanharem	P
arrefecer	S
arrefecerem	P
arrefentar	S
arrefentarem	P
arrefertar	S
arrefertarem	P
arrefeçar	S
arrefeçarem	P
arregalar	S
arregalarem	P
arreganhar	S
arreganharem	P
arregaçar	S
arregaçarem	P
arregimentar	S
arregimentarem	P
arreglar	S
arreglarem	P
arregoar	S
arregoarem	P
arregrar	S
arregrarem	P
arregueirar	S
arregueirarem	P
arreguilar	S
arreguilarem	P
arreigar	S
arreigarem	P
arreitar	S
arreitarem	P
arrejeitar	S
arrejeitarem	P
arrelampar	S
arrelamparem	P
arrelhar	S
arrelharem	P
arreliar	S
arreliarem	P
arrelvar	S
arrelvarem	P
arremangar	S
arremangarem	P
arremansar	S
arremansarem	P
arrematar	S
arrematarem	P
arremedar	S
arremedarem	P
arremediar	S
arremediarem	P
arremelgar	S
arremelgarem	P
arremeniscar	S
arremeniscarem	P
arremessar	S
arremessarem	P
arremeter	S
arremeterem	P
arreminar	S
arreminarem	P
arrendar	S
arrendarem	P
arrenegar	S
arrenegarem	P
arrentar	S
arrentarem	P
arrepanhar	S
arrepanharem	P
arrepelar	S
arrepelarem	P
arrepender	S
arrependerem	P
arrepiar	S
arrepiarem	P
arrepicar	S
arrepicarem	P
arrepolhar	S
arrepolharem	P
arrequifar	S
arrequifarem	P
arrestar	S
arrestarem	P
arretar	S
arretarem	P
arrevesar	S
arrevesarem	P
arrevessar	S
arrevessarem	P
arriar	S
arriarem	P
arribar	S
arribarem	P
arridar	S
arridarem	P
arrifar	S
arrifarem	P
arrijar	S
arrijarem	P
arrimar	S
arrimarem	P
arrincoar	S
arrincoarem	P
arrinconar	S
arrinconarem	P
arripar	S
arriparem	P
arripiar	S
arripiarem	P
arriscar	S
arriscarem	P
arrispidar	S
arrispidarem	P
arrizar	S
arrizarem	P
arriçar	S
arriçarem	P
arrobar	S
arrobarem	P
arrobustar	S
arrobustarem	P
arrochar	S
arrocharem	P
arrochelar	S
arrochelarem	P
arrociar	S
arrociarem	P
arrocinar	S
arrocinarem	P
arrodear	S
arrodearem	P
arrodelar	S
arrodelarem	P
arrodilhar	S
arrodilharem	P
arrogar	S
arrogarem	P
arroiar	S
arroiarem	P
arrojar	S
arrojarem	P
arrojeitar	S
arrojeitarem	P
arrolar	S
arrolarem	P
arrolhar	S
arrolharem	P
arromançar	S
arromançarem	P
arrombar	S
arrombarem	P
arrostar	S
arrostarem	P
arrostrar	S
arrostrarem	P
arrotar	S
arrotarem	P
arrotear	S
arrotearem	P
arroubar	S
arroubarem	P
arroupar	S
arrouparem	P
arroxar	S
arroxarem	P
arroxear	S
arroxearem	P
arruar	S
arruarem	P
arruaçar	S
arruaçarem	P
arrufar	S
arrufarem	P
arrugar	S
arrugarem	P
arruinar	S
arruinarem	P
arruir	S
arrular	S
arrularem	P
arrulhar	S
arrulharem	P
arrumar	S
arrumarem	P
arrunhar	S
arrunharem	P
arruçar	S
arruçarem	P
arruírem	P
artar	S
artarem	P
artefatar	S
artefatarem	P
artelhar	S
artelharem	P
arterializar	S
arterializarem	P
artesoar	S
artesoarem	P
artesonar	S
artesonarem	P
articular	S
articularem	P
artificializar	S
artificializarem	P
artificiar	S
artificiarem	P
artilhar	S
artilharem	P
artolar	S
artolarem	P
arvoar	S
arvoarem	P
arvorar	S
arvorarem	P
arvorecer	S
arvorecerem	P
arvorejar	S
arvorejarem	P
arxar	S
arxarem	P
asar	S
asarem	P
ascender	S
ascenderem	P
ascetizar	S
ascetizarem	P
ascuar	S
ascuarem	P
asfaltar	S
asfaltarem	P
asfixiar	S
asfixiarem	P
asilar	S
asilarem	P
asir	S
asirem	P
asnear	S
asnearem	P
asneirar	S
asneirarem	P
aspar	S
asparem	P
aspear	S
aspearem	P
asperejar	S
asperejarem	P
asperger	S
aspergerem	P
aspergir	S
aspergirem	P
aspirar	S
aspirarem	P
asprejar	S
asprejarem	P
assaborar	S
assaborarem	P
assaborear	S
assaborearem	P
assacar	S
assacarem	P
assalariar	S
assalariarem	P
assalganhar	S
assalganharem	P
assaloiar	S
assaloiarem	P
assaltar	S
assaltarem	P
assaltear	S
assaltearem	P
assambarcar	S
assambarcarem	P
assanhar	S
assanharem	P
assapar	S
assaparem	P
assapatar	S
assapatarem	P
assapateirar	S
assapateirarem	P
assar	S
assaranzar	S
assaranzarem	P
assarapantar	S
assarapantarem	P
assarem	P
assassinar	S
assassinarem	P
assazoar	S
assazoarem	P
assazonar	S
assazonarem	P
assear	S
assearem	P
assedar	S
assedarem	P
assedenhar	S
assedenharem	P
assedentar	S
assedentarem	P
assediar	S
assediarem	P
assegurar	S
assegurarem	P
asselar	S
asselarem	P
asselvajar	S
asselvajarem	P
assemelhar	S
assemelharem	P
assenhorar	S
assenhorarem	P
assenhorear	S
assenhorearem	P
assentar	S
assentarem	P
assentir	S
assentirem	P
assenzalar	S
assenzalarem	P
assepsiar	S
assepsiarem	P
asserenar	S
asserenarem	P
asserilhar	S
asserilharem	P
asserir	S
asserirem	P
assertar	S
assertarem	P
assertoar	S
assertoarem	P
assessorar	S
assessorarem	P
assestar	S
assestarem	P
assetar	S
assetarem	P
assetear	S
assetearem	P
assevandijar	S
assevandijarem	P
asseverar	S
asseverarem	P
assezoar	S
assezoarem	P
assibilar	S
assibilarem	P
assidrar	S
assidrarem	P
assimilar	S
assimilarem	P
assimilhar	S
assimilharem	P
assinalar	S
assinalarem	P
assinar	S
assinarem	P
assingelar	S
assingelarem	P
assisar	S
assisarem	P
assistir	S
assistirem	P
assoalhar	S
assoalharem	P
assoar	S
assoarem	P
assobarbar	S
assobarbarem	P
assobarcar	S
assobarcarem	P
assoberbar	S
assoberbarem	P
assobiar	S
assobiarem	P
assobradar	S
assobradarem	P
assocar	S
assocarem	P
assocializar	S
assocializarem	P
associar	S
associarem	P
assoguilhar	S
assoguilharem	P
assolapar	S
assolaparem	P
assolar	S
assolarem	P
assoldadar	S
assoldadarem	P
assoldar	S
assoldarem	P
assolear	S
assolearem	P
assoleimar	S
assoleimarem	P
assolhar	S
assolharem	P
assomar	S
assomarem	P
assombrar	S
assombrarem	P
assombrear	S
assombrearem	P
assonar	S
assonarem	P
assonsar	S
assonsarem	P
assopear	S
assopearem	P
assoprar	S
assoprarem	P
assorear	S
assorearem	P
assossegar	S
assossegarem	P
assotar	S
assotarem	P
assovacar	S
assovacarem	P
assovelar	S
assovelarem	P
assoviar	S
assoviarem	P
assovinar	S
assovinarem	P
assuar	S
assuarem	P
assubir	S
assubirem	P
assubstantivar	S
assubstantivarem	P
assucar	S
assucarem	P
assucatar	S
assucatarem	P
assujeitar	S
assujeitarem	P
assumir	S
assumirem	P
assungar	S
assungarem	P
assuntar	S
assuntarem	P
assurgir	S
assurgirem	P
assurtoar	S
assurtoarem	P
assustar	S
assustarem	P
asterizar	S
asterizarem	P
astralizar	S
astralizarem	P
astuciar	S
astuciarem	P
atabafar	S
atabafarem	P
atabalar	S
atabalarem	P
atabalhoar	S
atabalhoarem	P
atabernar	S
atabernarem	P
atabular	S
atabularem	P
atacanhar	S
atacanharem	P
atacar	S
atacarem	P
atacoar	S
atacoarem	P
atafegar	S
atafegarem	P
atafular	S
atafularem	P
atafulhar	S
atafulharem	P
ataganhar	S
ataganharem	P
atagantar	S
atagantarem	P
atalaiar	S
atalaiarem	P
atalassar	S
atalassarem	P
atalhar	S
atalharem	P
atamancar	S
atamancarem	P
atanar	S
atanarem	P
atanazar	S
atanazarem	P
atanchar	S
atancharem	P
ataperar	S
ataperarem	P
atapetar	S
atapetarem	P
atapulhar	S
atapulharem	P
atar	S
atarantar	S
atarantarem	P
atardar	S
atardarem	P
atarefar	S
atarefarem	P
atarem	P
ataroucar	S
ataroucarem	P
atarracar	S
atarracarem	P
atarraxar	S
atarraxarem	P
atarugar	S
atarugarem	P
atascar	S
atascarem	P
atassalhar	S
atassalharem	P
atauxiar	S
atauxiarem	P
atavernar	S
atavernarem	P
ataviar	S
ataviarem	P
atavizar	S
atavizarem	P
atazanar	S
atazanarem	P
atear	S
atearem	P
atediar	S
atediarem	P
ateimar	S
ateimarem	P
atelhar	S
atelharem	P
atemorar	S
atemorarem	P
atemorizar	S
atemorizarem	P
atempar	S
atemparem	P
atemperar	S
atemperarem	P
atenazar	S
atenazarem	P
atendar	S
atendarem	P
atender	S
atenderem	P
atenorar	S
atenorarem	P
atenrar	S
atenrarem	P
atentar	S
atentarem	P
atenuar	S
atenuarem	P
aterecer	S
aterecerem	P
atermar	S
atermarem	P
aterraplanar	S
aterraplanarem	P
aterraplenar	S
aterraplenarem	P
aterrar	S
aterrarem	P
aterrecer	S
aterrecerem	P
aterrissar	S
aterrissarem	P
aterrizar	S
aterrizarem	P
aterrorar	S
aterrorarem	P
aterrorizar	S
aterrorizarem	P
atesar	S
atesarem	P
atestar	S
atestarem	P
atibiar	S
atibiarem	P
atijolar	S
atijolarem	P
atilar	S
atilarem	P
atinar	S
atinarem	P
atingir	S
atingirem	P
atintar	S
atintarem	P
atiplar	S
atiplarem	P
atirar	S
atirarem	P
atitar	S
atitarem	P
ativar	S
ativarem	P
ativer	S
ativerem	P
atiçar	S
atiçarem	P
atiçoar	S
atiçoarem	P
atoalhar	S
atoalharem	P
atoar	S
atoarem	P
atocaiar	S
atocaiarem	P
atochar	S
atocharem	P
atoicinhar	S
atoicinharem	P
atoiçar	S
atoiçarem	P
atolambar	S
atolambarem	P
atolar	S
atolarem	P
atoldoar	S
atoldoarem	P
atoleimar	S
atoleimarem	P
atomatar	S
atomatarem	P
atombar	S
atombarem	P
atomizar	S
atomizarem	P
atonar	S
atonarem	P
atoniar	S
atoniarem	P
atonizar	S
atonizarem	P
atontar	S
atontarem	P
atopetar	S
atopetarem	P
atorar	S
atorarem	P
atordoar	S
atordoarem	P
atormentar	S
atormentarem	P
atorrear	S
atorrearem	P
atorresmar	S
atorresmarem	P
atorçalar	S
atorçalarem	P
atorçoar	S
atorçoarem	P
atossicar	S
atossicarem	P
atoucinhar	S
atoucinharem	P
atoxicar	S
atoxicarem	P
atrabelhar	S
atrabelharem	P
atracar	S
atracarem	P
atrafegar	S
atrafegarem	P
atrair	S
atraiçoar	S
atraiçoarem	P
atralhoar	S
atralhoarem	P
atramar	S
atramarem	P
atrambolhar	S
atrambolharem	P
atrancar	S
atrancarem	P
atrangalhar	S
atrangalharem	P
atranqueirar	S
atranqueirarem	P
atrapachar	S
atrapacharem	P
atrapalhar	S
atrapalharem	P
atrapar	S
atraparem	P
atrasar	S
atrasarem	P
atravancar	S
atravancarem	P
atravessar	S
atravessarem	P
atravincar	S
atravincarem	P
atraírem	P
atrecer	S
atrecerem	P
atreguar	S
atreguarem	P
atrelar	S
atrelarem	P
atremar	S
atremarem	P
atrepar	S
atreparem	P
atrever	S
atreverem	P
atribuir	S
atribular	S
atribularem	P
atributar	S
atributarem	P
atribuírem	P
atrigar	S
atrigarem	P
atrimarginar	S
atrimarginarem	P
atrincheirar	S
atrincheirarem	P
atristar	S
atristarem	P
atritar	S
atritarem	P
atroar	S
atroarem	P
atrofiar	S
atrofiarem	P
atrogalhar	S
atrogalharem	P
atrolhar	S
atrolharem	P
atromarginar	S
atromarginarem	P
atrombar	S
atrombarem	P
atropar	S
atroparem	P
atropelar	S
atropelarem	P
atropilhar	S
atropilharem	P
atroçoar	S
atroçoarem	P
atualizar	S
atualizarem	P
atuar	S
atuarem	P
atubibar	S
atubibarem	P
atucanar	S
atucanarem	P
atufar	S
atufarem	P
atuir	S
atulhar	S
atulharem	P
atumultuar	S
atumultuarem	P
atundir	S
atundirem	P
atupir	S
atupirem	P
aturar	S
aturarem	P
aturdir	S
aturdirem	P
aturdizar	S
aturdizarem	P
atuírem	P
auferir	S
auferirem	P
augar	S
augarem	P
augir	S
augirem	P
augurar	S
augurarem	P
aumentar	S
aumentarem	P
aunar	S
aunarem	P
aurejar	S
aurejarem	P
aureolar	S
aureolarem	P
aureolizar	S
aureolizarem	P
aurificar	S
aurificarem	P
auriluzir	S
auriluzirem	P
aurisplender	S
aurisplenderem	P
aurorar	S
aurorarem	P
aurorear	S
aurorearem	P
aurorescer	S
aurorescerem	P
auscultar	S
auscultarem	P
ausentar	S
ausentarem	P
auspicar	S
auspicarem	P
auspiciar	S
auspiciarem	P
austar	S
austarem	P
austerizar	S
austerizarem	P
autenticar	S
autenticarem	P
autentificar	S
autentificarem	P
autoacessar	S
autoacessarem	P
autoanalisar	S
autoanalisarem	P
autobiografar	S
autobiografarem	P
autoconfigurar	S
autoconfigurarem	P
autocopiar	S
autocopiarem	P
autocratizar	S
autocratizarem	P
autodenominar	S
autodenominarem	P
autoestruturar	S
autoestruturarem	P
autografar	S
autografarem	P
autointroduzir	S
autointroduzirem	P
autoironizar	S
autoironizarem	P
automatizar	S
automatizarem	P
automobilizar	S
automobilizarem	P
autoposicionar	S
autoposicionarem	P
autopsiar	S
autopsiarem	P
autorizar	S
autorizarem	P
autosporular	S
autosporularem	P
autossugestionar	S
autossugestionarem	P
autuar	S
autuarem	P
auxiliar	S
auxiliarem	P
avacalhar	S
avacalharem	P
avagarar	S
avagararem	P
avaladar	S
avaladarem	P
avalentoar	S
avalentoarem	P
avaliar	S
avaliarem	P
avalizar	S
avalizarem	P
avaloar	S
avaloarem	P
avaluar	S
avaluarem	P
avantajar	S
avantajarem	P
avançar	S
avançarem	P
avarandar	S
avarandarem	P
avariar	S
avariarem	P
avassalar	S
avassalarem	P
avecer	S
avecerem	P
avelar	S
avelarem	P
avelhacar	S
avelhacarem	P
avelhantar	S
avelhantarem	P
avelhar	S
avelharem	P
avelhentar	S
avelhentarem	P
aveludar	S
aveludarem	P
avenenar	S
avenenarem	P
aventar	S
aventarem	P
aventejar	S
aventejarem	P
aventurar	S
aventurarem	P
avençar	S
avençarem	P
averbar	S
averbarem	P
averdugar	S
averdugarem	P
avergalhar	S
avergalharem	P
avergar	S
avergarem	P
avergoar	S
avergoarem	P
avergonhar	S
avergonharem	P
averiguar	S
averiguarem	P
avermelhar	S
avermelharem	P
averrugar	S
averrugarem	P
averrumar	S
averrumarem	P
averter	S
averterem	P
avessar	S
avessarem	P
avexar	S
avexarem	P
avezar	S
avezarem	P
avezeirar	S
avezeirarem	P
avezinhar	S
avezinharem	P
aviar	S
aviarem	P
avier	S
avierem	P
aviesar	S
aviesarem	P
avigorar	S
avigorarem	P
avigorentar	S
avigorentarem	P
avilanar	S
avilanarem	P
avilar	S
avilarem	P
aviltar	S
aviltarem	P
avinagrar	S
avinagrarem	P
avincar	S
avincarem	P
avinhar	S
avinharem	P
avioletar	S
avioletarem	P
avisar	S
avisarem	P
avistar	S
avistarem	P
avitualhar	S
avitualharem	P
avivar	S
avivarem	P
aviventar	S
aviventarem	P
avizinhar	S
avizinharem	P
avoar	S
avoarem	P
avoaçar	S
avoaçarem	P
avocar	S
avocarem	P
avoejar	S
avoejarem	P
avolumar	S
avolumarem	P
avosar	S
avosarem	P
avozear	S
avozearem	P
avultar	S
avultarem	P
axadrezar	S
axadrezarem	P
axicarar	S
axicararem	P
axorcar	S
axorcarem	P
axungiar	S
axungiarem	P
azabumbar	S
azabumbarem	P
azafamar	S
azafamarem	P
azagaiar	S
azagaiarem	P
azamboar	S
azamboarem	P
azangar	S
azangarem	P
azar	S
azaranzar	S
azaranzarem	P
azarar	S
azararem	P
azarem	P
azebrar	S
azebrarem	P
azedar	S
azedarem	P
azeitar	S
azeitarem	P
azeitonar	S
azeitonarem	P
azerar	S
azerarem	P
azevichar	S
azevicharem	P
azevrar	S
azevrarem	P
azinhavrar	S
azinhavrarem	P
aziumar	S
aziumarem	P
azoar	S
azoarem	P
azoinar	S
azoinarem	P
azoratar	S
azoratarem	P
azoretar	S
azoretarem	P
azorragar	S
azorragarem	P
azorrar	S
azorrarem	P
azotar	S
azotarem	P
azougar	S
azougarem	P
azucrinar	S
azucrinarem	P
azular	S
azularem	P
azulear	S
azulearem	P
azulecer	S
azulecerem	P
azulejar	S
azulejarem	P
azulescer	S
azulescerem	P
azulinar	S
azulinarem	P
azumbrar	S
azumbrarem	P
azuretar	S
azuretarem	P
azurrar	S
azurrarem	P
azurzir	S
azurzirem	P
açacalar	S
açacalarem	P
açafroar	S
açafroarem	P
açaimar	S
açaimarem	P
açamar	S
açamarem	P
açambarcar	S
açambarcarem	P
açodar	S
açodarem	P
açoitar	S
açoitarem	P
açorar	S
açorarem	P
açoutar	S
açoutarem	P
açucarar	S
açucararem	P
açudar	S
açudarem	P
açular	S
açularem	P
açumagrar	S
açumagrarem	P
babar	S
babarem	P
babatar	S
babatarem	P
babilonizar	S
babilonizarem	P
babujar	S
babujarem	P
bacafuzar	S
bacafuzarem	P
bacanalizar	S
bacanalizarem	P
bacelar	S
bacelarem	P
bacharelar	S
bacharelarem	P
bachicar	S
bachicarem	P
bacilizar	S
bacilizarem	P
bacorejar	S
bacorejarem	P
bacorinhar	S
bacorinharem	P
badalar	S
badalarem	P
badalejar	S
badalejarem	P
badalhocar	S
badalhocarem	P
badanar	S
badanarem	P
badernar	S
badernarem	P
badorar	S
badorarem	P
bafar	S
bafarem	P
bafejar	S
bafejarem	P
baforar	S
baforarem	P
bafurdar	S
bafurdarem	P
bagar	S
bagarem	P
bagear	S
bagearem	P
baguear	S
baguearem	P
baguncear	S
baguncearem	P
bagunçar	S
bagunçarem	P
baiar	S
baiarem	P
bailar	S
bailarem	P
bailhar	S
bailharem	P
bainhar	S
bainharem	P
baixar	S
baixarem	P
bajar	S
bajarem	P
bajogar	S
bajogarem	P
bajoujar	S
bajoujarem	P
bajular	S
bajularem	P
balancear	S
balancearem	P
balangar	S
balangarem	P
balanquear	S
balanquearem	P
balançar	S
balançarem	P
balar	S
balarem	P
balastrar	S
balastrarem	P
balaustrar	S
balaustrarem	P
balbuciar	S
balbuciarem	P
balburdiar	S
balburdiarem	P
baldar	S
baldarem	P
baldear	S
baldearem	P
baldoar	S
baldoarem	P
baldrocar	S
baldrocarem	P
balear	S
balearem	P
balhar	S
balharem	P
balir	S
balirem	P
balistar	S
balistarem	P
balizar	S
balizarem	P
balnear	S
balnearem	P
baloiçar	S
baloiçarem	P
balouçar	S
balouçarem	P
balroar	S
balroarem	P
balsamar	S
balsamarem	P
balsamificar	S
balsamificarem	P
balsamizar	S
balsamizarem	P
balsar	S
balsarem	P
baluartar	S
baluartarem	P
bambalear	S
bambalearem	P
bambar	S
bambarem	P
bambear	S
bambearem	P
bambinar	S
bambinarem	P
bamboar	S
bamboarem	P
bambochar	S
bambocharem	P
bambolear	S
bambolearem	P
bamburrar	S
bamburrarem	P
banalizar	S
banalizarem	P
bancar	S
bancarem	P
bancarotear	S
bancarotearem	P
bandar	S
bandarem	P
bandarilhar	S
bandarilharem	P
bandarrear	S
bandarrearem	P
bandear	S
bandearem	P
bandeirar	S
bandeirarem	P
bandejar	S
bandejarem	P
bandolear	S
bandolearem	P
bandurrar	S
bandurrarem	P
bandurrear	S
bandurrearem	P
bangolar	S
bangolarem	P
bangular	S
bangularem	P
banhar	S
banharem	P
banir	S
banirem	P
banquetear	S
banquetearem	P
banzar	S
banzarem	P
banzear	S
banzearem	P
baquear	S
baquearem	P
baquetar	S
baquetarem	P
baquetear	S
baquetearem	P
barachar	S
baracharem	P
barafustar	S
barafustarem	P
baralhar	S
baralharem	P
baratar	S
baratarem	P
baratear	S
baratearem	P
baratinar	S
baratinarem	P
barbar	S
barbarem	P
barbarizar	S
barbarizarem	P
barbatear	S
barbatearem	P
barbear	S
barbearem	P
barbechar	S
barbecharem	P
barbelar	S
barbelarem	P
bardar	S
bardarem	P
barganhar	S
barganharem	P
bargantear	S
bargantearem	P
barlaventar	S
barlaventarem	P
barlaventejar	S
barlaventejarem	P
baronizar	S
baronizarem	P
barquear	S
barquearem	P
barquejar	S
barquejarem	P
barracar	S
barracarem	P
barrar	S
barrarem	P
barrear	S
barrearem	P
barregar	S
barregarem	P
barreirar	S
barreirarem	P
barrenar	S
barrenarem	P
barrer	S
barrerem	P
barretear	S
barretearem	P
barricar	S
barricarem	P
barrir	S
barrirem	P
barroar	S
barroarem	P
barrotar	S
barrotarem	P
barrotear	S
barrotearem	P
barrufar	S
barrufarem	P
barruntar	S
barruntarem	P
barulhar	S
barulharem	P
bascolejar	S
bascolejarem	P
basculhar	S
basculharem	P
basear	S
basearem	P
basificar	S
basificarem	P
bastar	S
bastardear	S
bastardearem	P
bastarem	P
bastear	S
bastearem	P
bastecer	S
bastecerem	P
basteirar	S
basteirarem	P
basteirear	S
basteirearem	P
bastir	S
bastirem	P
batalhar	S
batalharem	P
batear	S
batearem	P
bater	S
baterem	P
batizar	S
batizarem	P
batocar	S
batocarem	P
batotar	S
batotarem	P
batotear	S
batotearem	P
batucar	S
batucarem	P
bautizar	S
bautizarem	P
bazofiar	S
bazofiarem	P
beatificar	S
beatificarem	P
beber	S
beberar	S
beberarem	P
beberem	P
bebericar	S
bebericarem	P
beberricar	S
beberricarem	P
bedelhar	S
bedelharem	P
beijar	S
beijarem	P
beijocar	S
beijocarem	P
beiradear	S
beiradearem	P
beiradejar	S
beiradejarem	P
beirar	S
beirarem	P
beletrar	S
beletrarem	P
beliscar	S
beliscarem	P
bemolar	S
bemolarem	P
bemolizar	S
bemolizarem	P
bendelegar	S
bendelegarem	P
bendisser	S
bendisserem	P
beneficiar	S
beneficiarem	P
benfeitorizar	S
benfeitorizarem	P
benquistar	S
benquistarem	P
benzer	S
benzerem	P
berganhar	S
berganharem	P
beriberizar	S
beriberizarem	P
bernear	S
bernearem	P
berrar	S
berrarem	P
berregar	S
berregarem	P
besantar	S
besantarem	P
besbilhotar	S
besbilhotarem	P
besoirar	S
besoirarem	P
besourar	S
besourarem	P
bestar	S
bestarem	P
bestializar	S
bestializarem	P
bestificar	S
bestificarem	P
bestuntar	S
bestuntarem	P
besuntar	S
besuntarem	P
betar	S
betarem	P
betonar	S
betonarem	P
betumar	S
betumarem	P
bexigar	S
bexigarem	P
bezoar	S
bezoarem	P
bibliografar	S
bibliografarem	P
bicar	S
bicarem	P
bichanar	S
bichanarem	P
bichar	S
bicharem	P
biciclizar	S
biciclizarem	P
bicorar	S
bicorarem	P
bicotar	S
bicotarem	P
bifar	S
bifarem	P
bifurcar	S
bifurcarem	P
bigamizar	S
bigamizarem	P
bigodear	S
bigodearem	P
biguar	S
biguarem	P
bilhardar	S
bilhardarem	P
bilontrar	S
bilontrarem	P
bilrar	S
bilrarem	P
bimbalhar	S
bimbalharem	P
bimbar	S
bimbarem	P
binar	S
binarem	P
binocular	S
binocularem	P
binoculizar	S
binoculizarem	P
biografar	S
biografarem	P
bipartir	S
bipartirem	P
birrar	S
birrarem	P
bisar	S
bisarem	P
bisbilhar	S
bisbilharem	P
bisbilhotar	S
bisbilhotarem	P
biscar	S
biscarem	P
biscatear	S
biscatearem	P
biscoitar	S
biscoitarem	P
biscoutar	S
biscoutarem	P
biselar	S
biselarem	P
bisnagar	S
bisnagarem	P
bispar	S
bisparem	P
bispontar	S
bispontarem	P
bispotear	S
bispotearem	P
bissectar	S
bissectarem	P
bissegmentar	S
bissegmentarem	P
bisturizar	S
bisturizarem	P
bitolar	S
bitolarem	P
bitributar	S
bitributarem	P
bivacar	S
bivacarem	P
bizantinizar	S
bizantinizarem	P
bizarrear	S
bizarrearem	P
blandiciar	S
blandiciarem	P
blasfemar	S
blasfemarem	P
blasonar	S
blasonarem	P
blaterar	S
blaterarem	P
blefar	S
blefarem	P
blindar	S
blindarem	P
blocar	S
blocarem	P
bloquear	S
bloquearem	P
boatar	S
boatarem	P
boatejar	S
boatejarem	P
bobar	S
bobarem	P
bobear	S
bobearem	P
bobinar	S
bobinarem	P
bocar	S
bocarem	P
bocejar	S
bocejarem	P
bocelar	S
bocelarem	P
bochechar	S
bochecharem	P
bodar	S
bodarem	P
bodear	S
bodearem	P
bodejar	S
bodejarem	P
bodorar	S
bodorarem	P
bofar	S
bofarem	P
bofetear	S
bofetearem	P
boiar	S
boiarem	P
boicotar	S
boicotarem	P
boicotear	S
boicotearem	P
boiçar	S
boiçarem	P
bojar	S
bojarem	P
bolar	S
bolarem	P
bolchevizar	S
bolchevizarem	P
bolear	S
bolearem	P
boletar	S
boletarem	P
bolhar	S
bolharem	P
bolichar	S
bolicharem	P
bolichear	S
bolichearem	P
bolinar	S
bolinarem	P
bolir	S
bolirem	P
bolorecer	S
bolorecerem	P
bolsar	S
bolsarem	P
bolçar	S
bolçarem	P
bombardear	S
bombardearem	P
bombear	S
bombearem	P
bonançar	S
bonançarem	P
bondar	S
bondarem	P
bonecar	S
bonecarem	P
bongar	S
bongarem	P
bonificar	S
bonificarem	P
boquear	S
boquearem	P
boquejar	S
boquejarem	P
boquiabrir	S
boquiabrirem	P
borboletear	S
borboletearem	P
borborinhar	S
borborinharem	P
borbotar	S
borbotarem	P
borbulhar	S
borbulharem	P
borcar	S
borcarem	P
bordar	S
bordarem	P
bordear	S
bordearem	P
bordejar	S
bordejarem	P
bornear	S
bornearem	P
borrar	S
borrarem	P
borratar	S
borratarem	P
borraçar	S
borraçarem	P
borregar	S
borregarem	P
borretear	S
borretearem	P
borrifar	S
borrifarem	P
borriscar	S
borriscarem	P
borriçar	S
borriçarem	P
bosquejar	S
bosquejarem	P
bostar	S
bostarem	P
bostear	S
bostearem	P
bostejar	S
bostejarem	P
botar	S
botarem	P
botocar	S
botocarem	P
bouleversar	S
bouleversarem	P
bouçar	S
bouçarem	P
boçalar	S
boçalarem	P
boçalizar	S
boçalizarem	P
boçar	S
boçarem	P
bracear	S
bracearem	P
bracejar	S
bracejarem	P
bradar	S
bradarem	P
bradejar	S
bradejarem	P
bralhar	S
bralharem	P
bramanizar	S
bramanizarem	P
bramar	S
bramarem	P
bramir	S
bramirem	P
brandear	S
brandearem	P
brandecer	S
brandecerem	P
brandir	S
brandirem	P
branquear	S
branquearem	P
branquejar	S
branquejarem	P
branquir	S
branquirem	P
braquear	S
braquearem	P
brasear	S
brasearem	P
brasileirar	S
brasileirarem	P
brasoar	S
brasoarem	P
brasonar	S
brasonarem	P
bravatear	S
bravatearem	P
bravear	S
bravearem	P
bravejar	S
bravejarem	P
brear	S
brearem	P
brecar	S
brecarem	P
brechar	S
brecharem	P
brejeirar	S
brejeirarem	P
brevetar	S
brevetarem	P
bridar	S
bridarem	P
brigar	S
brigarem	P
brilhar	S
brilharem	P
brincalhar	S
brincalharem	P
brincar	S
brincarem	P
brindar	S
brindarem	P
briquetar	S
briquetarem	P
briquitar	S
briquitarem	P
britanizar	S
britanizarem	P
britar	S
britarem	P
brizolar	S
brizolarem	P
brocar	S
brocarem	P
brochar	S
brocharem	P
brolar	S
brolarem	P
brolhar	S
brolharem	P
bromar	S
bromarem	P
bronquear	S
bronquearem	P
bronzear	S
bronzearem	P
broquear	S
broquearem	P
broquelar	S
broquelarem	P
broslar	S
broslarem	P
brossar	S
brossarem	P
brotar	S
brotarem	P
broxar	S
broxarem	P
brumalizar	S
brumalizarem	P
brunhir	S
brunhirem	P
brunir	S
brunirem	P
brutalizar	S
brutalizarem	P
brutificar	S
brutificarem	P
bruxar	S
bruxarem	P
bruxear	S
bruxearem	P
bruxulear	S
bruxulearem	P
bubuiar	S
bubuiarem	P
bucinar	S
bucinarem	P
bucolizar	S
bucolizarem	P
bufar	S
bufarem	P
bufir	S
bufirem	P
bufonear	S
bufonearem	P
bugiar	S
bugiarem	P
buir	S
bular	S
bularem	P
bulhar	S
bulharem	P
bulir	S
bulirem	P
bumbar	S
bumbarem	P
bundar	S
bundarem	P
buquinar	S
buquinarem	P
buracar	S
buracarem	P
burburejar	S
burburejarem	P
burburinhar	S
burburinharem	P
burilar	S
burilarem	P
burlar	S
burlarem	P
burlequear	S
burlequearem	P
burlesquear	S
burlesquearem	P
burnir	S
burnirem	P
burocratizar	S
burocratizarem	P
burrificar	S
burrificarem	P
burrinhar	S
burrinharem	P
buscar	S
buscarem	P
bussolar	S
bussolarem	P
butucar	S
butucarem	P
buzegar	S
buzegarem	P
buzinar	S
buzinarem	P
buçalar	S
buçalarem	P
buírem	P
cabalar	S
cabalarem	P
cabear	S
cabearem	P
cabecear	S
cabecearem	P
cablar	S
cablarem	P
caborocar	S
caborocarem	P
cabortar	S
cabortarem	P
cabortear	S
cabortearem	P
cabotar	S
cabotarem	P
caboucar	S
caboucarem	P
cabrazar	S
cabrazarem	P
cabrear	S
cabrearem	P
cabrejar	S
cabrejarem	P
cabrestear	S
cabrestearem	P
cabriolar	S
cabriolarem	P
cabritar	S
cabritarem	P
cabritear	S
cabritearem	P
cabrocar	S
cabrocarem	P
cabrucar	S
cabrucarem	P
cabular	S
cabularem	P
cacear	S
cacearem	P
cacetar	S
cacetarem	P
cacetear	S
cacetearem	P
cachar	S
cacharem	P
cachear	S
cachearem	P
cachetar	S
cachetarem	P
cachimbar	S
cachimbarem	P
cachimbear	S
cachimbearem	P
cachinar	S
cachinarem	P
cachoar	S
cachoarem	P
cachoeirar	S
cachoeirarem	P
cachondear	S
cachondearem	P
cachuchar	S
cachucharem	P
cacicar	S
cacicarem	P
cacifar	S
cacifarem	P
cacimbar	S
cacimbarem	P
cacofoniar	S
cacofoniarem	P
cacofonizar	S
cacofonizarem	P
cacografar	S
cacografarem	P
cacuminalizar	S
cacuminalizarem	P
cadabulhar	S
cadabulharem	P
cadastrar	S
cadastrarem	P
cadaverizar	S
cadaverizarem	P
cadenciar	S
cadenciarem	P
cadinhar	S
cadinharem	P
cadmiar	S
cadmiarem	P
caducar	S
caducarem	P
cafangar	S
cafangarem	P
cafelar	S
cafelarem	P
cafetinar	S
cafetinarem	P
cafifar	S
cafifarem	P
cafunar	S
cafunarem	P
cafungar	S
cafungarem	P
cagar	S
cagarem	P
caguetar	S
caguetarem	P
caguinchar	S
caguincharem	P
caiar	S
caiarem	P
caibrar	S
caibrarem	P
cainhar	S
cainharem	P
cair	S
cairelar	S
cairelarem	P
caitituar	S
caitituarem	P
caixerar	S
caixerarem	P
calabrear	S
calabrearem	P
calabrotear	S
calabrotearem	P
calacear	S
calacearem	P
calaceirar	S
calaceirarem	P
calafetar	S
calafetarem	P
calafetear	S
calafetearem	P
calamistrar	S
calamistrarem	P
calamocar	S
calamocarem	P
calandrar	S
calandrarem	P
calar	S
calarem	P
calcar	S
calcarem	P
calcarizar	S
calcarizarem	P
calcetar	S
calcetarem	P
calcificar	S
calcificarem	P
calcinar	S
calcinarem	P
calcitrar	S
calcitrarem	P
calcografar	S
calcografarem	P
calcorrear	S
calcorrearem	P
calcular	S
calcularem	P
caldar	S
caldarem	P
caldear	S
caldearem	P
caldeirar	S
caldeirarem	P
calear	S
calearem	P
calejar	S
calejarem	P
calemburar	S
calemburarem	P
calemburgar	S
calemburgarem	P
calemburizar	S
calemburizarem	P
calhar	S
calharem	P
calhoar	S
calhoarem	P
calibrar	S
calibrarem	P
caliginar	S
caliginarem	P
caligrafar	S
caligrafarem	P
calmar	S
calmarem	P
calmorrear	S
calmorrearem	P
calorificar	S
calorificarem	P
calotear	S
calotearem	P
caluniar	S
caluniarem	P
calvar	S
calvarem	P
calvejar	S
calvejarem	P
calçar	S
calçarem	P
camar	S
camaradar	S
camaradarem	P
camarem	P
camarinhar	S
camarinharem	P
camartelar	S
camartelarem	P
cambaiar	S
cambaiarem	P
cambalachar	S
cambalacharem	P
cambalear	S
cambalearem	P
cambalhotar	S
cambalhotarem	P
cambar	S
cambarem	P
cambetear	S
cambetearem	P
cambiar	S
cambiarem	P
cambitar	S
cambitarem	P
camboar	S
camboarem	P
caminhar	S
caminharem	P
campainhar	S
campainharem	P
campanular	S
campanularem	P
campar	S
camparem	P
campear	S
campearem	P
campir	S
campirem	P
camuflar	S
camuflarem	P
canalizar	S
canalizarem	P
canavear	S
canavearem	P
cancanar	S
cancanarem	P
cancanear	S
cancanearem	P
cancanizar	S
cancanizarem	P
cancelar	S
cancelarem	P
cancerar	S
cancerarem	P
cancerizar	S
cancerizarem	P
canchear	S
canchearem	P
candear	S
candearem	P
candiar	S
candiarem	P
candidatar	S
candidatarem	P
candidizar	S
candidizarem	P
candilar	S
candilarem	P
candongar	S
candongarem	P
canelar	S
canelarem	P
canforar	S
canforarem	P
cangar	S
cangarem	P
canguinhar	S
canguinharem	P
canhar	S
canharem	P
canhonar	S
canhonarem	P
canhonear	S
canhonearem	P
canibalizar	S
canibalizarem	P
canivetear	S
canivetearem	P
canonizar	S
canonizarem	P
cansar	S
cansarem	P
cantar	S
cantarejar	S
cantarejarem	P
cantarem	P
cantaridar	S
cantaridarem	P
cantarolar	S
cantarolarem	P
cantear	S
cantearem	P
caotizar	S
caotizarem	P
capacitar	S
capacitarem	P
capangar	S
capangarem	P
capar	S
caparem	P
capatazar	S
capatazarem	P
capatazear	S
capatazearem	P
capear	S
capearem	P
capengar	S
capengarem	P
capenguear	S
capenguearem	P
capiangar	S
capiangarem	P
capinar	S
capinarem	P
capiscar	S
capiscarem	P
capistrar	S
capistrarem	P
capitalizar	S
capitalizarem	P
capitanear	S
capitanearem	P
capitar	S
capitarem	P
capitular	S
capitularem	P
capoeirar	S
capoeirarem	P
capotar	S
capotarem	P
capotear	S
capotearem	P
caprichar	S
capricharem	P
caprificar	S
caprificarem	P
capsular	S
capsularem	P
captar	S
captarem	P
capturar	S
capturarem	P
capuchar	S
capucharem	P
caquear	S
caquearem	P
caquinar	S
caquinarem	P
carabinear	S
carabinearem	P
caracolar	S
caracolarem	P
caracolear	S
caracolearem	P
caracolejar	S
caracolejarem	P
caracterizar	S
caracterizarem	P
carambolar	S
carambolarem	P
caramelizar	S
caramelizarem	P
caramunhar	S
caramunharem	P
caranguejar	S
caranguejarem	P
caranguejolar	S
caranguejolarem	P
carantonhar	S
carantonharem	P
carapetar	S
carapetarem	P
caraterizar	S
caraterizarem	P
carbonar	S
carbonarem	P
carbonatar	S
carbonatarem	P
carbonizar	S
carbonizarem	P
carburar	S
carburarem	P
carcarear	S
carcarearem	P
carcarejar	S
carcarejarem	P
carcavar	S
carcavarem	P
carcerar	S
carcerarem	P
carchear	S
carchearem	P
carcomer	S
carcomerem	P
cardar	S
cardarem	P
cardear	S
cardearem	P
carduçar	S
carduçarem	P
carear	S
carearem	P
carecer	S
carecerem	P
carenar	S
carenarem	P
caretear	S
caretearem	P
cargosear	S
cargosearem	P
carguejar	S
carguejarem	P
cariar	S
cariarem	P
caricar	S
caricarem	P
caricaturar	S
caricaturarem	P
cariciar	S
cariciarem	P
carifranzir	S
carifranzirem	P
carimbar	S
carimbarem	P
cariocar	S
cariocarem	P
carioquizar	S
carioquizarem	P
carmear	S
carmearem	P
carminar	S
carminarem	P
carnalizar	S
carnalizarem	P
carnar	S
carnarem	P
carnavalear	S
carnavalearem	P
carnear	S
carnearem	P
carnificar	S
carnificarem	P
carnifizer	S
carnifizerem	P
carocar	S
carocarem	P
caronear	S
caronearem	P
carpar	S
carparem	P
carpear	S
carpearem	P
carpetar	S
carpetarem	P
carpetear	S
carpetearem	P
carpinteirar	S
carpinteirarem	P
carpintejar	S
carpintejarem	P
carpir	S
carpirem	P
carquejar	S
carquejarem	P
carranquear	S
carranquearem	P
carrapatar	S
carrapatarem	P
carrapatear	S
carrapatearem	P
carrar	S
carrarem	P
carrear	S
carrearem	P
carregar	S
carregarem	P
carrejar	S
carrejarem	P
carretar	S
carretarem	P
carretear	S
carretearem	P
carrilar	S
carrilarem	P
carrilhonar	S
carrilhonarem	P
carroçar	S
carroçarem	P
carruajar	S
carruajarem	P
cartabuxar	S
cartabuxarem	P
cartar	S
cartarem	P
cartear	S
cartearem	P
cartografar	S
cartografarem	P
cartonar	S
cartonarem	P
carunchar	S
caruncharem	P
carvoejar	S
carvoejarem	P
casalar	S
casalarem	P
casamatar	S
casamatarem	P
casamentar	S
casamentarem	P
casamentear	S
casamentearem	P
casar	S
casarem	P
cascabulhar	S
cascabulharem	P
cascalhar	S
cascalharem	P
cascar	S
cascarem	P
cascatar	S
cascatarem	P
cascatear	S
cascatearem	P
cascavelar	S
cascavelarem	P
cascavilhar	S
cascavilharem	P
casear	S
casearem	P
caseificar	S
caseificarem	P
casmurrar	S
casmurrarem	P
casquejar	S
casquejarem	P
casquilhar	S
casquilharem	P
casquinar	S
casquinarem	P
cassar	S
cassarem	P
cassear	S
cassearem	P
castanholar	S
castanholarem	P
castear	S
castearem	P
castelhanizar	S
castelhanizarem	P
castificar	S
castificarem	P
castigar	S
castigarem	P
castiçar	S
castiçarem	P
castrametar	S
castrametarem	P
castrar	S
castrarem	P
catadupejar	S
catadupejarem	P
catafeder	S
catafederem	P
catalisar	S
catalisarem	P
catalogar	S
catalogarem	P
catalogizar	S
catalogizarem	P
cataplasmar	S
cataplasmarem	P
catapultar	S
catapultarem	P
catar	S
catarem	P
catarrear	S
catarrearem	P
catear	S
catearem	P
catedratizar	S
catedratizarem	P
categorizar	S
categorizarem	P
catequizar	S
catequizarem	P
cateterizar	S
cateterizarem	P
catingar	S
catingarem	P
catitar	S
catitarem	P
cativar	S
cativarem	P
catolicizar	S
catolicizarem	P
catolizar	S
catolizarem	P
catracegar	S
catracegarem	P
catrafiar	S
catrafiarem	P
catrafilar	S
catrafilarem	P
catraiar	S
catraiarem	P
catrapear	S
catrapearem	P
catrapiscar	S
catrapiscarem	P
catucar	S
catucarem	P
caturrar	S
caturrarem	P
caturritar	S
caturritarem	P
cauchutar	S
cauchutarem	P
caucionar	S
caucionarem	P
caudilhar	S
caudilharem	P
caulificar	S
caulificarem	P
caulinizar	S
caulinizarem	P
caurinar	S
caurinarem	P
causar	S
causarem	P
causticar	S
causticarem	P
cautelar	S
cautelarem	P
cauterizar	S
cauterizarem	P
cavacar	S
cavacarem	P
cavalar	S
cavalarem	P
cavalear	S
cavalearem	P
cavaleirar	S
cavaleirarem	P
cavalgar	S
cavalgarem	P
cavaloar	S
cavaloarem	P
cavaquear	S
cavaquearem	P
cavar	S
cavarem	P
cavernar	S
cavernarem	P
cavidar	S
cavidarem	P
cavilar	S
cavilarem	P
cavilhar	S
cavilharem	P
cavoucar	S
cavoucarem	P
cavucar	S
cavucarem	P
caxingar	S
caxingarem	P
caçambar	S
caçambarem	P
caçambear	S
caçambearem	P
caçapar	S
caçaparem	P
caçapear	S
caçapearem	P
caçar	S
caçarem	P
caçoar	S
caçoarem	P
caírem	P
cear	S
cearem	P
cecear	S
cecearem	P
ceder	S
cederem	P
cedilhar	S
cedilharem	P
cegar	S
cegarem	P
ceifar	S
ceifarem	P
ceivar	S
ceivarem	P
celebrar	S
celebrarem	P
celebrizar	S
celebrizarem	P
celeumar	S
celeumarem	P
celeumear	S
celeumearem	P
cementar	S
cementarem	P
cendrar	S
cendrarem	P
censurar	S
censurarem	P
centelhar	S
centelharem	P
centralizar	S
centralizarem	P
centrar	S
centrarem	P
centrifugar	S
centrifugarem	P
centuplicar	S
centuplicarem	P
cepilhar	S
cepilharem	P
cerar	S
cerarem	P
cercar	S
cercarem	P
cercear	S
cercearem	P
cercilhar	S
cercilharem	P
cerdear	S
cerdearem	P
cerebralizar	S
cerebralizarem	P
ceresitar	S
ceresitarem	P
cergir	S
cergirem	P
cerimoniar	S
cerimoniarem	P
ceringonhar	S
ceringonharem	P
cernar	S
cernarem	P
cernir	S
cernirem	P
cerrar	S
cerrarem	P
certar	S
certarem	P
certificar	S
certificarem	P
cervejar	S
cervejarem	P
cerzir	S
cerzirem	P
cesarizar	S
cesarizarem	P
cessar	S
cessarem	P
cesurar	S
cesurarem	P
cevandijar	S
cevandijarem	P
cevar	S
cevarem	P
chacinar	S
chacinarem	P
chacoalhar	S
chacoalharem	P
chacotear	S
chacotearem	P
chafarizar	S
chafarizarem	P
chafundar	S
chafundarem	P
chafurdar	S
chafurdarem	P
chagar	S
chagarem	P
chairar	S
chairarem	P
chalacear	S
chalacearem	P
chalar	S
chalarem	P
chalaçar	S
chalaçarem	P
chaleirar	S
chaleirarem	P
chalrar	S
chalrarem	P
chalrear	S
chalrearem	P
chamar	S
chamarem	P
chambocar	S
chambocarem	P
chamear	S
chamearem	P
chamejar	S
chamejarem	P
champanhizar	S
champanhizarem	P
champirrear	S
champirrearem	P
champorrear	S
champorrearem	P
chamuscar	S
chamuscarem	P
chancear	S
chancearem	P
chancelar	S
chancelarem	P
chanfralhar	S
chanfralharem	P
chanfrar	S
chanfrarem	P
changar	S
changarem	P
changuear	S
changuearem	P
chanquear	S
chanquearem	P
chantagear	S
chantagearem	P
chantajar	S
chantajarem	P
chantajear	S
chantajearem	P
chantar	S
chantarem	P
chapar	S
chaparem	P
chapear	S
chapearem	P
chapejar	S
chapejarem	P
chapinar	S
chapinarem	P
chapinhar	S
chapinharem	P
chapiscar	S
chapiscarem	P
chapiçar	S
chapiçarem	P
chapodar	S
chapodarem	P
chapotar	S
chapotarem	P
chapuzar	S
chapuzarem	P
chapuçar	S
chapuçarem	P
charadear	S
charadearem	P
charlar	S
charlarem	P
charlatanear	S
charlatanearem	P
charoar	S
charoarem	P
charquear	S
charquearem	P
charriscar	S
charriscarem	P
charruar	S
charruarem	P
charutear	S
charutearem	P
chasquear	S
chasquearem	P
chatear	S
chatearem	P
chatinar	S
chatinarem	P
chavascar	S
chavascarem	P
chavear	S
chavearem	P
chavetar	S
chavetarem	P
chaçar	S
chaçarem	P
checar	S
checarem	P
chefiar	S
chefiarem	P
chegar	S
chegarem	P
cheirar	S
cheirarem	P
chiar	S
chiarem	P
chiatar	S
chiatarem	P
chibantear	S
chibantearem	P
chibar	S
chibarem	P
chibatar	S
chibatarem	P
chibatear	S
chibatearem	P
chicanar	S
chicanarem	P
chicanear	S
chicanearem	P
chichar	S
chicharem	P
chichiar	S
chichiarem	P
chichirrobiar	S
chichirrobiarem	P
chicotar	S
chicotarem	P
chicotear	S
chicotearem	P
chifrar	S
chifrarem	P
chifrinar	S
chifrinarem	P
chilrar	S
chilrarem	P
chilrear	S
chilrearem	P
chimarrear	S
chimarrearem	P
chimarronear	S
chimarronearem	P
chimbear	S
chimbearem	P
chimpar	S
chimparem	P
chinar	S
chinarem	P
chincalhar	S
chincalharem	P
chincar	S
chincarem	P
chinchar	S
chincharem	P
chinear	S
chinearem	P
chiqueirar	S
chiqueirarem	P
chiripear	S
chiripearem	P
chirriar	S
chirriarem	P
chiscar	S
chiscarem	P
chisnar	S
chisnarem	P
chispar	S
chisparem	P
chispear	S
chispearem	P
chocalhar	S
chocalharem	P
chocar	S
chocarem	P
chocarrear	S
chocarrearem	P
chochar	S
chocharem	P
chofrar	S
chofrarem	P
choramigar	S
choramigarem	P
choramingar	S
choramingarem	P
chorar	S
chorarem	P
chorincar	S
chorincarem	P
chorrar	S
chorrarem	P
chorrilhar	S
chorrilharem	P
chorriscar	S
chorriscarem	P
choupar	S
chouparem	P
chousar	S
chousarem	P
choutar	S
choutarem	P
choutear	S
choutearem	P
chover	S
choverem	P
chuchar	S
chucharem	P
chuchurrear	S
chuchurrearem	P
chufar	S
chufarem	P
chufear	S
chufearem	P
chulear	S
chulearem	P
chumaçar	S
chumaçarem	P
chumbar	S
chumbarem	P
chumbear	S
chumbearem	P
chumear	S
chumearem	P
chupar	S
chuparem	P
chupitar	S
chupitarem	P
churrasquear	S
churrasquearem	P
chusmar	S
chusmarem	P
chutar	S
chutarem	P
chuvinhar	S
chuvinharem	P
chuviscar	S
chuviscarem	P
chuçar	S
chuçarem	P
cianozar	S
cianozarem	P
ciar	S
ciarem	P
cibar	S
cibarem	P
cicatrizar	S
cicatrizarem	P
cicerar	S
cicerarem	P
ciceronear	S
ciceronearem	P
ciciar	S
ciciarem	P
ciclizar	S
ciclizarem	P
cientificar	S
cientificarem	P
cifar	S
cifarem	P
cifrar	S
cifrarem	P
ciganar	S
ciganarem	P
ciganear	S
ciganearem	P
cigarrar	S
cigarrarem	P
cigarrear	S
cigarrearem	P
cilhar	S
cilharem	P
ciliciar	S
ciliciarem	P
cilindrar	S
cilindrarem	P
cimbrar	S
cimbrarem	P
cimentar	S
cimentarem	P
cincar	S
cincarem	P
cinchar	S
cincharem	P
cindir	S
cindirem	P
cinematografar	S
cinematografarem	P
cinematografiar	S
cinematografiarem	P
cinerar	S
cinerarem	P
cingir	S
cingirem	P
cintar	S
cintarem	P
cintilar	S
cintilarem	P
cinturar	S
cinturarem	P
cinzar	S
cinzarem	P
cinzelar	S
cinzelarem	P
cipoar	S
cipoarem	P
cirandar	S
cirandarem	P
circiar	S
circiarem	P
circuitar	S
circuitarem	P
circular	S
circularem	P
circumpercorrer	S
circumpercorrerem	P
circumpuser	S
circumpuserem	P
circunavegar	S
circunavegarem	P
circuncidar	S
circuncidarem	P
circundar	S
circundarem	P
circundatar	S
circundatarem	P
circunflexar	S
circunflexarem	P
circunfluir	S
circunfluírem	P
circunfundir	S
circunfundirem	P
circungirar	S
circungirarem	P
circunjazer	S
circunjazerem	P
circunrodar	S
circunrodarem	P
circunscrever	S
circunscreverem	P
circunsonar	S
circunsonarem	P
circunspeccionar	S
circunspeccionarem	P
circunspecionar	S
circunspecionarem	P
circunstanciar	S
circunstanciarem	P
circunstar	S
circunstarem	P
circuntornar	S
circuntornarem	P
circunvagar	S
circunvagarem	P
circunvalar	S
circunvalarem	P
circunvir	S
circunvirem	P
circunvizinhar	S
circunvizinharem	P
circunvoar	S
circunvoarem	P
circunvolver	S
circunvolverem	P
cirilizar	S
cirilizarem	P
cirurgiar	S
cirurgiarem	P
cisalhar	S
cisalharem	P
cisar	S
cisarem	P
ciscar	S
ciscarem	P
cismar	S
cismarem	P
citar	S
citarem	P
citarizar	S
citarizarem	P
ciumar	S
ciumarem	P
civilizar	S
civilizarem	P
clamar	S
clamarem	P
clangorar	S
clangorarem	P
clangorejar	S
clangorejarem	P
clarear	S
clarearem	P
clarejar	S
clarejarem	P
clarificar	S
clarificarem	P
clarimostrar	S
clarimostrarem	P
clarinar	S
clarinarem	P
classar	S
classarem	P
classificar	S
classificarem	P
claudicar	S
claudicarem	P
claustrar	S
claustrarem	P
clausular	S
clausularem	P
clausurar	S
clausurarem	P
clemenciar	S
clemenciarem	P
cleopatrizar	S
cleopatrizarem	P
clericalizar	S
clericalizarem	P
climatizar	S
climatizarem	P
clinicar	S
clinicarem	P
clisterizar	S
clisterizarem	P
clitorizar	S
clitorizarem	P
clivar	S
clivarem	P
clorar	S
clorarem	P
cloroformizar	S
cloroformizarem	P
coabitar	S
coabitarem	P
coacervar	S
coacervarem	P
coacessar	S
coacessarem	P
coadaptar	S
coadaptarem	P
coadjuvar	S
coadjuvarem	P
coadministrar	S
coadministrarem	P
coadquirir	S
coadquirirem	P
coadunar	S
coadunarem	P
coagendar	S
coagendarem	P
coagir	S
coagirem	P
coagmentar	S
coagmentarem	P
coagregar	S
coagregarem	P
coagular	S
coagularem	P
coalescer	S
coalescerem	P
coalhar	S
coalharem	P
coalizar	S
coalizarem	P
coanhar	S
coanharem	P
coaptar	S
coaptarem	P
coar	S
coarem	P
coarrendar	S
coarrendarem	P
coartar	S
coartarem	P
coassociar	S
coassociarem	P
coatar	S
coatarem	P
coaxar	S
coaxarem	P
cobaltizar	S
cobaltizarem	P
cobiçar	S
cobiçarem	P
cobrar	S
cobrarem	P
cobrear	S
cobrearem	P
cobrejar	S
cobrejarem	P
cobrir	S
cobrirem	P
cocainizar	S
cocainizarem	P
cocar	S
cocarem	P
cocegar	S
cocegarem	P
cochar	S
cocharem	P
cochichar	S
cochicharem	P
cochilar	S
cochilarem	P
cochinar	S
cochinarem	P
coconfigurar	S
coconfigurarem	P
cocoricar	S
cocoricarem	P
cocular	S
cocularem	P
codear	S
codearem	P
codejar	S
codejarem	P
codelinquir	S
codelinquirem	P
codificar	S
codificarem	P
codilhar	S
codilharem	P
codirigir	S
codirigirem	P
codizar	S
codizarem	P
coeditorar	S
coeditorarem	P
coeducar	S
coeducarem	P
coempoderar	S
coempoderarem	P
coemponderar	S
coemponderarem	P
coerdar	S
coerdarem	P
coerir	S
coerirem	P
coestender	S
coestenderem	P
coestimular	S
coestimularem	P
coestrear	S
coestrearem	P
coestruturar	S
coestruturarem	P
coexistir	S
coexistirem	P
cofiar	S
cofiarem	P
cogitar	S
cogitarem	P
cognominar	S
cognominarem	P
cogular	S
cogularem	P
coibir	S
coibirem	P
coicear	S
coicearem	P
coifar	S
coifarem	P
coimar	S
coimarem	P
coinar	S
coinarem	P
coincidir	S
coincidirem	P
coindicar	S
coindicarem	P
cointroduzir	S
cointroduzirem	P
coiquinar	S
coiquinarem	P
coiraçar	S
coiraçarem	P
coirear	S
coirearem	P
coisar	S
coisarem	P
coisificar	S
coisificarem	P
coitar	S
coitarem	P
coivarar	S
coivararem	P
colaborar	S
colaborarem	P
colacionar	S
colacionarem	P
colapsar	S
colapsarem	P
colar	S
colarem	P
colchetar	S
colchetarem	P
colchetear	S
colchetearem	P
colchoar	S
colchoarem	P
colear	S
colearem	P
colecionar	S
colecionarem	P
coletar	S
coletarem	P
colgar	S
colgarem	P
colher	S
colherem	P
colidir	S
colidirem	P
coligar	S
coligarem	P
coligir	S
coligirem	P
colimar	S
colimarem	P
colimitar	S
colimitarem	P
colinear	S
colinearem	P
coliquar	S
coliquarem	P
colitigar	S
colitigarem	P
collorir	S
collorirem	P
colmar	S
colmarem	P
colmatar	S
colmatarem	P
colmaçar	S
colmaçarem	P
colocar	S
colocarem	P
colodionar	S
colodionarem	P
colonizar	S
colonizarem	P
coloquiar	S
coloquiarem	P
colorar	S
colorarem	P
colorear	S
colorearem	P
colorir	S
colorirem	P
colorizar	S
colorizarem	P
coltarizar	S
coltarizarem	P
colubrear	S
colubrearem	P
colubrejar	S
colubrejarem	P
coludir	S
coludirem	P
colunar	S
colunarem	P
comandar	S
comandarem	P
comanditar	S
comanditarem	P
comarcar	S
comarcarem	P
combalir	S
combalirem	P
combater	S
combaterem	P
combinar	S
combinarem	P
comboiar	S
comboiarem	P
comburir	S
comburirem	P
combustar	S
combustarem	P
comediar	S
comediarem	P
comedir	S
comedirem	P
comemorar	S
comemorarem	P
comensurar	S
comensurarem	P
comentar	S
comentarem	P
comer	S
comercializar	S
comercializarem	P
comerciar	S
comerciarem	P
comerem	P
cometer	S
cometerem	P
começar	S
começarem	P
comichar	S
comicharem	P
comilar	S
comilarem	P
cominar	S
cominarem	P
cominuir	S
cominuírem	P
comirar	S
comirarem	P
comiscar	S
comiscarem	P
comiserar	S
comiserarem	P
comissionar	S
comissionarem	P
comisturar	S
comisturarem	P
comocionar	S
comocionarem	P
comorar	S
comorarem	P
comover	S
comoverem	P
compactar	S
compactarem	P
compactuar	S
compactuarem	P
compadecer	S
compadecerem	P
compadrar	S
compadrarem	P
compadrear	S
compadrearem	P
compaginar	S
compaginarem	P
comparar	S
compararem	P
comparecer	S
comparecerem	P
comparticipar	S
comparticiparem	P
compartilhar	S
compartilharem	P
compartimentar	S
compartimentarem	P
compartir	S
compartirem	P
compassar	S
compassarem	P
compatibilizar	S
compatibilizarem	P
compelir	S
compelirem	P
compendiar	S
compendiarem	P
compenetrar	S
compenetrarem	P
compensar	S
compensarem	P
competir	S
competirem	P
compilar	S
compilarem	P
complanar	S
complanarem	P
complementar	S
complementarem	P
completar	S
completarem	P
complicar	S
complicarem	P
comportar	S
comportarem	P
comprar	S
comprarem	P
compreender	S
compreenderem	P
comprimir	S
comprimirem	P
comprometer	S
comprometerem	P
comprouver	S
comprouverem	P
comprovar	S
comprovarem	P
compugnar	S
compugnarem	P
compulsar	S
compulsarem	P
compungir	S
compungirem	P
compurgar	S
compurgarem	P
compuser	S
compuserem	P
computadorizar	S
computadorizarem	P
computar	S
computarem	P
comudar	S
comudarem	P
comungar	S
comungarem	P
comunicar	S
comunicarem	P
comunizar	S
comunizarem	P
comutar	S
comutarem	P
concanizar	S
concanizarem	P
concatenar	S
concatenarem	P
concavar	S
concavarem	P
conceber	S
conceberem	P
conceder	S
concederem	P
conceitear	S
conceitearem	P
conceituar	S
conceituarem	P
concelebrar	S
concelebrarem	P
concentrar	S
concentrarem	P
concernir	S
concernirem	P
concertar	S
concertarem	P
concessionar	S
concessionarem	P
conchar	S
concharem	P
conchavar	S
conchavarem	P
conchear	S
conchearem	P
conchegar	S
conchegarem	P
conciliar	S
conciliarem	P
concionar	S
concionarem	P
concitar	S
concitarem	P
conclamar	S
conclamarem	P
concluir	S
concluírem	P
concordar	S
concordarem	P
concorrer	S
concorrerem	P
concrecionar	S
concrecionarem	P
concretar	S
concretarem	P
concretizar	S
concretizarem	P
concriar	S
concriarem	P
concubinar	S
concubinarem	P
conculcar	S
conculcarem	P
concurvar	S
concurvarem	P
concutir	S
concutirem	P
condecorar	S
condecorarem	P
condenar	S
condenarem	P
condensar	S
condensarem	P
condescender	S
condescenderem	P
condessar	S
condessarem	P
condicionar	S
condicionarem	P
condimentar	S
condimentarem	P
condir	S
condirem	P
condisser	S
condisserem	P
condoer	S
condoerem	P
condrificar	S
condrificarem	P
condutar	S
condutarem	P
conduzir	S
conduzirem	P
conectar	S
conectarem	P
confabular	S
confabularem	P
confederar	S
confederarem	P
confeitar	S
confeitarem	P
confeiçoar	S
confeiçoarem	P
conferenciar	S
conferenciarem	P
conferir	S
conferirem	P
confessar	S
confessarem	P
confiar	S
confiarem	P
conficionar	S
conficionarem	P
confidenciar	S
confidenciarem	P
configurar	S
configurarem	P
confinar	S
confinarem	P
confirmar	S
confirmarem	P
confiscar	S
confiscarem	P
conflagrar	S
conflagrarem	P
conflitar	S
conflitarem	P
confluir	S
confluírem	P
conformar	S
conformarem	P
confortar	S
confortarem	P
confranger	S
confrangerem	P
confraternar	S
confraternarem	P
confraternizar	S
confraternizarem	P
confrontar	S
confrontarem	P
confugir	S
confugirem	P
confundir	S
confundirem	P
confutar	S
confutarem	P
congelar	S
congelarem	P
congeminar	S
congeminarem	P
congerar	S
congerarem	P
congestionar	S
congestionarem	P
conglobar	S
conglobarem	P
conglomerar	S
conglomerarem	P
conglutinar	S
conglutinarem	P
congonhar	S
congonharem	P
congratular	S
congratularem	P
congraçar	S
congraçarem	P
congregar	S
congregarem	P
conhecer	S
conhecerem	P
conjeturar	S
conjeturarem	P
conjugar	S
conjugarem	P
conjuminar	S
conjuminarem	P
conjungir	S
conjungirem	P
conjuntar	S
conjuntarem	P
conjurar	S
conjurarem	P
conluiar	S
conluiarem	P
conotar	S
conotarem	P
conquistar	S
conquistarem	P
consagrar	S
consagrarem	P
consciencializar	S
consciencializarem	P
conscientizar	S
conscientizarem	P
conscrever	S
conscreverem	P
conseguir	S
conseguirem	P
conselhar	S
conselharem	P
consentir	S
consentirem	P
consertar	S
consertarem	P
conservar	S
conservarem	P
considerar	S
considerarem	P
consignar	S
consignarem	P
consistir	S
consistirem	P
consoar	S
consoarem	P
consociar	S
consociarem	P
consolar	S
consolarem	P
consolidar	S
consolidarem	P
consonantizar	S
consonantizarem	P
consonar	S
consonarem	P
consorciar	S
consorciarem	P
conspirar	S
conspirarem	P
conspurcar	S
conspurcarem	P
constar	S
constarem	P
constatar	S
constatarem	P
constelar	S
constelarem	P
consternar	S
consternarem	P
constipar	S
constiparem	P
constitucionalizar	S
constitucionalizarem	P
constituir	S
constituírem	P
constranger	S
constrangerem	P
constringir	S
constringirem	P
construir	S
construírem	P
consubstanciar	S
consubstanciarem	P
consultar	S
consultarem	P
consumar	S
consumarem	P
consumir	S
consumirem	P
consurgir	S
consurgirem	P
contabescer	S
contabescerem	P
contabilizar	S
contabilizarem	P
contactar	S
contactarem	P
contagiar	S
contagiarem	P
contaminar	S
contaminarem	P
contar	S
contarem	P
contatar	S
contatarem	P
conteirar	S
conteirarem	P
contemplar	S
contemplarem	P
contemporizar	S
contemporizarem	P
contender	S
contenderem	P
contentar	S
contentarem	P
contestar	S
contestarem	P
contextuar	S
contextuarem	P
contiguar	S
contiguarem	P
continuar	S
continuarem	P
contiver	S
contiverem	P
contiçar	S
contiçarem	P
contorcer	S
contorcerem	P
contorcionar	S
contorcionarem	P
contornar	S
contornarem	P
contornear	S
contornearem	P
contrabalançar	S
contrabalançarem	P
contrabandar	S
contrabandarem	P
contrabandear	S
contrabandearem	P
contrabater	S
contrabaterem	P
contrabracear	S
contrabracearem	P
contracambiar	S
contracambiarem	P
contracenar	S
contracenarem	P
contracolar	S
contracolarem	P
contracunhar	S
contracunharem	P
contradançar	S
contradançarem	P
contradeclarar	S
contradeclararem	P
contradisser	S
contradisserem	P
contradistinguir	S
contradistinguirem	P
contraditar	S
contraditarem	P
contraescapar	S
contraescaparem	P
contraescriturar	S
contraescriturarem	P
contraesfregar	S
contraesfregarem	P
contraespionar	S
contraespionarem	P
contraesquartelar	S
contraesquartelarem	P
contraestender	S
contraestenderem	P
contraestimular	S
contraestimularem	P
contraexemplificar	S
contraexemplificarem	P
contraexpuser	S
contraexpuserem	P
contrafizer	S
contrafizerem	P
contrafortar	S
contrafortarem	P
contraimpelir	S
contraimpelirem	P
contraimpulsionar	S
contraimpulsionarem	P
contraincisar	S
contraincisarem	P
contraindicar	S
contraindicarem	P
contrainformar	S
contrainformarem	P
contrainquirir	S
contrainquirirem	P
contrainterpelar	S
contrainterpelarem	P
contrainverter	S
contrainverterem	P
contrair	S
contramalhar	S
contramalharem	P
contramandar	S
contramandarem	P
contramarcar	S
contramarcarem	P
contramarchar	S
contramarcharem	P
contraminar	S
contraminarem	P
contraminutar	S
contraminutarem	P
contramoldar	S
contramoldarem	P
contramurar	S
contramurarem	P
contranivelar	S
contranivelarem	P
contraofertar	S
contraofertarem	P
contraordenar	S
contraordenarem	P
contrapesar	S
contrapesarem	P
contraplacar	S
contraplacarem	P
contrapontar	S
contrapontarem	P
contrapontear	S
contrapontearem	P
contraproduzir	S
contraproduzirem	P
contrapropuser	S
contrapropuserem	P
contraprovar	S
contraprovarem	P
contrapunçoar	S
contrapunçoarem	P
contrapuser	S
contrapuserem	P
contrariar	S
contrariarem	P
contrarraciocinar	S
contrarraciocinarem	P
contrarreagir	S
contrarreagirem	P
contrarreformar	S
contrarreformarem	P
contrarregrar	S
contrarregrarem	P
contrarregular	S
contrarregularem	P
contrarreplicar	S
contrarreplicarem	P
contrarreptar	S
contrarreptarem	P
contrarresponder	S
contrarresponderem	P
contrarrevoltar	S
contrarrevoltarem	P
contrarrevolucionar	S
contrarrevolucionarem	P
contrarromper	S
contrarromperem	P
contrassalvar	S
contrassalvarem	P
contrassaudar	S
contrassaudarem	P
contrassegurar	S
contrassegurarem	P
contrasselar	S
contrasselarem	P
contrassugerir	S
contrassugerirem	P
contrassujeitar	S
contrassujeitarem	P
contrastar	S
contrastarem	P
contrastear	S
contrastearem	P
contratar	S
contratarem	P
contratelar	S
contratelarem	P
contratestemunhar	S
contratestemunharem	P
contratirar	S
contratirarem	P
contravalar	S
contravalarem	P
contraverter	S
contraverterem	P
contravier	S
contravierem	P
contraírem	P
contribuir	S
contribuírem	P
contristar	S
contristarem	P
controlar	S
controlarem	P
controverter	S
controverterem	P
contubernar	S
contubernarem	P
contundir	S
contundirem	P
conturbar	S
conturbarem	P
conumerar	S
conumerarem	P
convalescer	S
convalescerem	P
convalidar	S
convalidarem	P
convelir	S
convelirem	P
convencer	S
convencerem	P
convencionar	S
convencionarem	P
convergir	S
convergirem	P
conversar	S
conversarem	P
converter	S
converterem	P
convidar	S
convidarem	P
convier	S
convierem	P
conviver	S
conviverem	P
convizinhar	S
convizinharem	P
convocar	S
convocarem	P
convolar	S
convolarem	P
convolver	S
convolverem	P
convulsar	S
convulsarem	P
convulsionar	S
convulsionarem	P
coobar	S
coobarem	P
coobrar	S
coobrarem	P
coobrigar	S
coobrigarem	P
coocupar	S
coocuparem	P
cooficiar	S
cooficiarem	P
coonestar	S
coonestarem	P
cooperar	S
cooperarem	P
cooptar	S
cooptarem	P
coordenar	S
coordenarem	P
copar	S
coparem	P
coparticipar	S
coparticiparem	P
copeirar	S
copeirarem	P
copejar	S
copejarem	P
copelar	S
copelarem	P
copenalizar	S
copenalizarem	P
copiar	S
copiarem	P
copidescar	S
copidescarem	P
copilar	S
copilarem	P
copiografar	S
copiografarem	P
coposicionar	S
coposicionarem	P
copriorizar	S
copriorizarem	P
coproduzir	S
coproduzirem	P
copular	S
copularem	P
coquetear	S
coquetearem	P
corar	S
corarem	P
corcovar	S
corcovarem	P
corcovear	S
corcovearem	P
cordear	S
cordearem	P
cordoar	S
cordoarem	P
coreografar	S
coreografarem	P
coriscar	S
coriscarem	P
cornar	S
cornarem	P
cornear	S
cornearem	P
cornejar	S
cornejarem	P
cornetear	S
cornetearem	P
cornificar	S
cornificarem	P
coroar	S
coroarem	P
corporalizar	S
corporalizarem	P
corporificar	S
corporificarem	P
corporizar	S
corporizarem	P
correar	S
correarem	P
correger	S
corregerem	P
correlacionar	S
correlacionarem	P
correlatar	S
correlatarem	P
correr	S
correrem	P
corresponder	S
corresponderem	P
corresponsabilizar	S
corresponsabilizarem	P
corretar	S
corretarem	P
corricar	S
corricarem	P
corrichar	S
corricharem	P
corrigir	S
corrigirem	P
corripar	S
corriparem	P
corroborar	S
corroborarem	P
corroer	S
corroerem	P
corromper	S
corromperem	P
corruchiar	S
corruchiarem	P
corrugar	S
corrugarem	P
corrupiar	S
corrupiarem	P
corsear	S
corsearem	P
cortar	S
cortarem	P
cortejar	S
cortejarem	P
cortilhar	S
cortilharem	P
cortinar	S
cortinarem	P
corujar	S
corujarem	P
coruscar	S
coruscarem	P
corvejar	S
corvejarem	P
coscorar	S
coscorarem	P
coscosear	S
coscosearem	P
coscuvilhar	S
coscuvilharem	P
coser	S
coserem	P
cosicar	S
cosicarem	P
cosipar	S
cosiparem	P
cosmopolizar	S
cosmopolizarem	P
cosquear	S
cosquearem	P
costear	S
costearem	P
costumar	S
costumarem	P
costurar	S
costurarem	P
cotar	S
cotarem	P
cotejar	S
cotejarem	P
cotiar	S
cotiarem	P
cotidianizar	S
cotidianizarem	P
cotizar	S
cotizarem	P
cotonar	S
cotonarem	P
cotovelar	S
cotovelarem	P
couber	S
couberem	P
coucear	S
coucearem	P
couraçar	S
couraçarem	P
courear	S
courearem	P
cousar	S
cousarem	P
cousificar	S
cousificarem	P
coutar	S
coutarem	P
coutilizar	S
coutilizarem	P
covear	S
covearem	P
coxear	S
coxearem	P
cozer	S
cozerem	P
cozinhar	S
cozinharem	P
coçar	S
coçarem	P
crapulear	S
crapulearem	P
craquejar	S
craquejarem	P
crasear	S
crasearem	P
craticular	S
craticularem	P
cravar	S
cravarem	P
cravejar	S
cravejarem	P
creditar	S
creditarem	P
cremar	S
cremarem	P
cremorizar	S
cremorizarem	P
crenar	S
crenarem	P
creosotar	S
creosotarem	P
crepitar	S
crepitarem	P
crepuscular	S
crepuscularem	P
crepusculejar	S
crepusculejarem	P
crer	S
crerem	P
crescer	S
crescerem	P
crespar	S
cresparem	P
crespir	S
crespirem	P
crestar	S
crestarem	P
cretinizar	S
cretinizarem	P
criar	S
criarem	P
cricrilar	S
cricrilarem	P
criminalizar	S
criminalizarem	P
criminar	S
criminarem	P
criptoanalisar	S
criptoanalisarem	P
criptografar	S
criptografarem	P
crisalidar	S
crisalidarem	P
crismar	S
crismarem	P
crisolar	S
crisolarem	P
crispar	S
crisparem	P
cristalizar	S
cristalizarem	P
cristear	S
cristearem	P
cristianizar	S
cristianizarem	P
cristificar	S
cristificarem	P
criticar	S
criticarem	P
critiquizar	S
critiquizarem	P
crivar	S
crivarem	P
crocitar	S
crocitarem	P
cromar	S
cromarem	P
cromatizar	S
cromatizarem	P
cronicar	S
cronicarem	P
croniquizar	S
croniquizarem	P
cronometrar	S
cronometrarem	P
cruciar	S
cruciarem	P
crucificar	S
crucificarem	P
crucifixar	S
crucifixarem	P
crucigiar	S
crucigiarem	P
cruentar	S
cruentarem	P
cruzar	S
cruzarem	P
cubar	S
cubarem	P
cubicar	S
cubicarem	P
cucar	S
cucarem	P
cucular	S
cucularem	P
cucurbitar	S
cucurbitarem	P
cucuricar	S
cucuricarem	P
cucuritar	S
cucuritarem	P
cuidar	S
cuidarem	P
cuincar	S
cuincarem	P
cuinchar	S
cuincharem	P
cuinhar	S
cuinharem	P
culapar	S
culaparem	P
culatrar	S
culatrarem	P
culatrear	S
culatrearem	P
culimar	S
culimarem	P
culminar	S
culminarem	P
culpar	S
culparem	P
cultivar	S
cultivarem	P
cultuar	S
cultuarem	P
cumpliciar	S
cumpliciarem	P
cumprimentar	S
cumprimentarem	P
cumprir	S
cumprirem	P
cumular	S
cumularem	P
cunhar	S
cunharem	P
cuquear	S
cuquearem	P
curar	S
curarem	P
curarizar	S
curarizarem	P
curetar	S
curetarem	P
curiosar	S
curiosarem	P
curiosear	S
curiosearem	P
currar	S
currarem	P
cursar	S
cursarem	P
cursear	S
cursearem	P
curtir	S
curtirem	P
curvar	S
curvarem	P
curvejar	S
curvejarem	P
curvetear	S
curvetearem	P
cuspilhar	S
cuspilharem	P
cuspinhar	S
cuspinharem	P
cuspir	S
cuspirem	P
custar	S
custarem	P
custear	S
custearem	P
custodiar	S
custodiarem	P
cutilar	S
cutilarem	P
cutinizar	S
cutinizarem	P
cutisar	S
cutisarem	P
cutucar	S
cutucarem	P
dactilografar	S
dactilografarem	P
dadivar	S
dadivarem	P
daguerreotipar	S
daguerreotiparem	P
daltonizar	S
daltonizarem	P
damasquinar	S
damasquinarem	P
damejar	S
damejarem	P
danar	S
danarem	P
dandinar	S
dandinarem	P
danificar	S
danificarem	P
daninhar	S
daninharem	P
dançar	S
dançarem	P
dançaricar	S
dançaricarem	P
dardar	S
dardarem	P
dardejar	S
dardejarem	P
datar	S
datarem	P
datilografar	S
datilografarem	P
dealbar	S
dealbarem	P
dealvar	S
dealvarem	P
deambular	S
deambularem	P
dearticular	S
dearticularem	P
debacar	S
debacarem	P
debagar	S
debagarem	P
debandar	S
debandarem	P
debangar	S
debangarem	P
debar	S
debarem	P
debater	S
debaterem	P
debelar	S
debelarem	P
debenturar	S
debenturarem	P
debicar	S
debicarem	P
debilitar	S
debilitarem	P
debitar	S
debitarem	P
deblaterar	S
deblaterarem	P
debloquear	S
debloquearem	P
debochar	S
debocharem	P
deboiçar	S
deboiçarem	P
deborcar	S
deborcarem	P
debordar	S
debordarem	P
debotar	S
debotarem	P
debouçar	S
debouçarem	P
debrear	S
debrearem	P
debruar	S
debruarem	P
debruçar	S
debruçarem	P
debulhar	S
debulharem	P
debutar	S
debutarem	P
debuxar	S
debuxarem	P
decair	S
decalcar	S
decalcarem	P
decalvar	S
decalvarem	P
decampar	S
decamparem	P
decantar	S
decantarem	P
decapar	S
decaparem	P
decapitar	S
decapitarem	P
decapsular	S
decapsularem	P
decaírem	P
deceinar	S
deceinarem	P
decempartir	S
decempartirem	P
decemplicar	S
decemplicarem	P
decepar	S
deceparem	P
decepcionar	S
decepcionarem	P
decernir	S
decernirem	P
decertar	S
decertarem	P
decidir	S
decidirem	P
decifrar	S
decifrarem	P
decilitrar	S
decilitrarem	P
decimar	S
decimarem	P
declamar	S
declamarem	P
declarar	S
declararem	P
declinar	S
declinarem	P
declivar	S
declivarem	P
decoar	S
decoarem	P
decolar	S
decolarem	P
decolorar	S
decolorarem	P
decompuser	S
decompuserem	P
decorar	S
decorarem	P
decorrer	S
decorrerem	P
decorticar	S
decorticarem	P
decotar	S
decotarem	P
decrepitar	S
decrepitarem	P
decrescer	S
decrescerem	P
decretar	S
decretarem	P
decriptar	S
decriptarem	P
decroar	S
decroarem	P
decruar	S
decruarem	P
decuplar	S
decuplarem	P
decuplicar	S
decuplicarem	P
dedecorar	S
dedecorarem	P
dedetizar	S
dedetizarem	P
dedicar	S
dedicarem	P
dedignar	S
dedignarem	P
dedilhar	S
dedilharem	P
dedurar	S
dedurarem	P
deduzir	S
deduzirem	P
defamar	S
defamarem	P
defasar	S
defasarem	P
defecar	S
defecarem	P
defender	S
defenderem	P
defenestrar	S
defenestrarem	P
defensar	S
defensarem	P
deferir	S
deferirem	P
definhar	S
definharem	P
definir	S
definirem	P
deflacionar	S
deflacionarem	P
deflagrar	S
deflagrarem	P
deflectir	S
deflectirem	P
deflegmar	S
deflegmarem	P
deflexionar	S
deflexionarem	P
deflorar	S
deflorarem	P
defluir	S
defluírem	P
deformar	S
deformarem	P
defraudar	S
defraudarem	P
defrontar	S
defrontarem	P
defumar	S
defumarem	P
defuntar	S
defuntarem	P
defuntear	S
defuntearem	P
degasar	S
degasarem	P
degastar	S
degastarem	P
degelar	S
degelarem	P
degenerar	S
degenerarem	P
deglutir	S
deglutirem	P
degolar	S
degolarem	P
degotar	S
degotarem	P
degradar	S
degradarem	P
degranar	S
degranarem	P
degranhar	S
degranharem	P
degredar	S
degredarem	P
degringolar	S
degringolarem	P
degustar	S
degustarem	P
deificar	S
deificarem	P
deitar	S
deitarem	P
deixar	S
deixarem	P
dejarretar	S
dejarretarem	P
dejejuar	S
dejejuarem	P
dejetar	S
dejetarem	P
dejungir	S
dejungirem	P
delamber	S
delamberem	P
delapidar	S
delapidarem	P
delatar	S
delatarem	P
delegar	S
delegarem	P
deleitar	S
deleitarem	P
deleixar	S
deleixarem	P
deletar	S
deletarem	P
deletrear	S
deletrearem	P
delgaçar	S
delgaçarem	P
delibar	S
delibarem	P
deliberar	S
deliberarem	P
deliciar	S
deliciarem	P
deligar	S
deligarem	P
deliminar	S
deliminarem	P
delimitar	S
delimitarem	P
delinear	S
delinearem	P
delingar	S
delingarem	P
delinquir	S
delinquirem	P
deliquar	S
deliquarem	P
deliquescer	S
deliquescerem	P
delir	S
delirar	S
delirarem	P
delirem	P
delivrar	S
delivrarem	P
delombar	S
delombarem	P
delongar	S
delongarem	P
deludir	S
deludirem	P
deluzir	S
deluzirem	P
demandar	S
demandarem	P
demarcar	S
demarcarem	P
demasiar	S
demasiarem	P
demear	S
demearem	P
dementar	S
dementarem	P
demitir	S
demitirem	P
demitizar	S
demitizarem	P
democratizar	S
democratizarem	P
demografar	S
demografarem	P
demolhar	S
demolharem	P
demolir	S
demolirem	P
demonetizar	S
demonetizarem	P
demonizar	S
demonizarem	P
demonstrar	S
demonstrarem	P
demorar	S
demorarem	P
demostrar	S
demostrarem	P
demover	S
demoverem	P
demudar	S
demudarem	P
denegar	S
denegarem	P
denegrecer	S
denegrecerem	P
denegrir	S
denegrirem	P
denigrar	S
denigrarem	P
denodar	S
denodarem	P
denominar	S
denominarem	P
denotar	S
denotarem	P
densar	S
densarem	P
dentar	S
dentarem	P
dentear	S
dentearem	P
dentelar	S
dentelarem	P
denticular	S
denticularem	P
denudar	S
denudarem	P
denunciar	S
denunciarem	P
denutrir	S
denutrirem	P
deparar	S
depararem	P
departir	S
departirem	P
depauperar	S
depauperarem	P
depenar	S
depenarem	P
depender	S
dependerem	P
dependurar	S
dependurarem	P
depenicar	S
depenicarem	P
deperder	S
deperderem	P
deperecer	S
deperecerem	P
depilar	S
depilarem	P
deplorar	S
deplorarem	P
deplumar	S
deplumarem	P
depolarizar	S
depolarizarem	P
depolir	S
depolirazar	S
depolirazarem	P
depolirem	P
depolmar	S
depolmarem	P
depopular	S
depopularem	P
depopularizar	S
depopularizarem	P
deportar	S
deportarem	P
depositar	S
depositarem	P
depravar	S
depravarem	P
deprecar	S
deprecarem	P
depreciar	S
depreciarem	P
depredar	S
depredarem	P
depreender	S
depreenderem	P
deprimir	S
deprimirem	P
depurar	S
depurarem	P
depuser	S
depuserem	P
deputar	S
deputarem	P
dequitar	S
dequitarem	P
der	S
derem	P
derivar	S
derivarem	P
dermatosar	S
dermatosarem	P
derrabar	S
derrabarem	P
derramar	S
derramarem	P
derrancar	S
derrancarem	P
derrapar	S
derraparem	P
derrear	S
derrearem	P
derregar	S
derregarem	P
derrengar	S
derrengarem	P
derreter	S
derreterem	P
derribar	S
derribarem	P
derriscar	S
derriscarem	P
derriçar	S
derriçarem	P
derrocar	S
derrocarem	P
derrogar	S
derrogarem	P
derrotar	S
derrotarem	P
derrubar	S
derrubarem	P
derruir	S
derruírem	P
desabafar	S
desabafarem	P
desabalar	S
desabalarem	P
desabalroar	S
desabalroarem	P
desabar	S
desabarem	P
desabeirar	S
desabeirarem	P
desabelhar	S
desabelharem	P
desabilitar	S
desabilitarem	P
desabitar	S
desabitarem	P
desabituar	S
desabituarem	P
desabocar	S
desabocarem	P
desabonar	S
desabonarem	P
desaborcar	S
desaborcarem	P
desabordar	S
desabordarem	P
desaborrecer	S
desaborrecerem	P
desaborrir	S
desaborrirem	P
desabotoar	S
desabotoarem	P
desaboçar	S
desaboçarem	P
desabraçar	S
desabraçarem	P
desabrigar	S
desabrigarem	P
desabrir	S
desabrirem	P
desabrochar	S
desabrocharem	P
desabrolhar	S
desabrolharem	P
desabusar	S
desabusarem	P
desacamar	S
desacamaradar	S
desacamaradarem	P
desacamarem	P
desacampar	S
desacamparem	P
desacanalhar	S
desacanalharem	P
desacanhar	S
desacanharem	P
desacarpetar	S
desacarpetarem	P
desacasalar	S
desacasalarem	P
desacatar	S
desacatarem	P
desacaudilhar	S
desacaudilharem	P
desacautelar	S
desacautelarem	P
desacavalar	S
desacavalarem	P
desaceitar	S
desaceitarem	P
desacelerar	S
desacelerarem	P
desacentuar	S
desacentuarem	P
desacerbar	S
desacerbarem	P
desacertar	S
desacertarem	P
desachegar	S
desachegarem	P
desacidificar	S
desacidificarem	P
desaclimar	S
desaclimarem	P
desaclimatar	S
desaclimatarem	P
desacobardar	S
desacobardarem	P
desacochar	S
desacocharem	P
desacoimar	S
desacoimarem	P
desacoitar	S
desacoitarem	P
desacolchetar	S
desacolchetarem	P
desacolchoar	S
desacolchoarem	P
desacolher	S
desacolherar	S
desacolherarem	P
desacolherem	P
desacomodar	S
desacomodarem	P
desacompanhar	S
desacompanharem	P
desaconchegar	S
desaconchegarem	P
desaconselhar	S
desaconselharem	P
desacordar	S
desacordarem	P
desacoroçoar	S
desacoroçoarem	P
desacorrentar	S
desacorrentarem	P
desacorrer	S
desacorrerem	P
desacorçoar	S
desacorçoarem	P
desacostar	S
desacostarem	P
desacostumar	S
desacostumarem	P
desacoutar	S
desacoutarem	P
desacovardar	S
desacovardarem	P
desacravar	S
desacravarem	P
desacreditar	S
desacreditarem	P
desacuar	S
desacuarem	P
desacumular	S
desacumularem	P
desacunhar	S
desacunharem	P
desadaptar	S
desadaptarem	P
desadequar	S
desadequarem	P
desadmoestar	S
desadmoestarem	P
desadorar	S
desadorarem	P
desadormecer	S
desadormecerem	P
desadormentar	S
desadormentarem	P
desadornar	S
desadornarem	P
desadunar	S
desadunarem	P
desafaimar	S
desafaimarem	P
desafamar	S
desafamarem	P
desafastar	S
desafastarem	P
desafear	S
desafearem	P
desafeitar	S
desafeitarem	P
desafeiçoar	S
desafeiçoarem	P
desaferrar	S
desaferrarem	P
desaferroar	S
desaferroarem	P
desaferrolhar	S
desaferrolharem	P
desafervoar	S
desafervoarem	P
desafervorar	S
desafervorarem	P
desafiar	S
desafiarem	P
desafilhar	S
desafilharem	P
desafinar	S
desafinarem	P
desafivelar	S
desafivelarem	P
desafixar	S
desafixarem	P
desafizer	S
desafizerem	P
desafligir	S
desafligirem	P
desafogar	S
desafogarem	P
desafoguear	S
desafoguearem	P
desaforar	S
desaforarem	P
desafreguesar	S
desafreguesarem	P
desafreimar	S
desafreimarem	P
desafrontar	S
desafrontarem	P
desafumar	S
desafumarem	P
desafundar	S
desafundarem	P
desagaloar	S
desagaloarem	P
desagarrar	S
desagarrarem	P
desagasalhar	S
desagasalharem	P
desagastar	S
desagastarem	P
desagendar	S
desagendarem	P
desaglomerar	S
desaglomerarem	P
desagoniar	S
desagoniarem	P
desagradar	S
desagradarem	P
desagradecer	S
desagradecerem	P
desagravar	S
desagravarem	P
desagregar	S
desagregarem	P
desagrilhoar	S
desagrilhoarem	P
desaguar	S
desaguarem	P
desaguaxar	S
desaguaxarem	P
desaguisar	S
desaguisarem	P
desaguçar	S
desaguçarem	P
desainar	S
desainarem	P
desairar	S
desairarem	P
desajeitar	S
desajeitarem	P
desajoujar	S
desajoujarem	P
desajudar	S
desajudarem	P
desajuizar	S
desajuizarem	P
desajuntar	S
desajuntarem	P
desajustar	S
desajustarem	P
desalagar	S
desalagarem	P
desalapar	S
desalaparem	P
desalargar	S
desalargarem	P
desalastrar	S
desalastrarem	P
desalbardar	S
desalbardarem	P
desalcoolificar	S
desalcoolificarem	P
desalcoolizar	S
desalcoolizarem	P
desalegrar	S
desalegrarem	P
desaleitar	S
desaleitarem	P
desalentar	S
desalentarem	P
desalfaiar	S
desalfaiarem	P
desalforjar	S
desalforjarem	P
desalgemar	S
desalgemarem	P
desalhear	S
desalhearem	P
desaliar	S
desaliarem	P
desalijar	S
desalijarem	P
desalinhar	S
desalinharem	P
desalinhavar	S
desalinhavarem	P
desalistar	S
desalistarem	P
desaliviar	S
desaliviarem	P
desalmar	S
desalmarem	P
desalojar	S
desalojarem	P
desalterar	S
desalterarem	P
desalugar	S
desalugarem	P
desalvorar	S
desalvorarem	P
desamagoar	S
desamagoarem	P
desamalgamar	S
desamalgamarem	P
desamamentar	S
desamamentarem	P
desamanhar	S
desamanharem	P
desamantilhar	S
desamantilharem	P
desamar	S
desamarem	P
desamarrar	S
desamarrarem	P
desamarrotar	S
desamarrotarem	P
desamassar	S
desamassarem	P
desambientar	S
desambientarem	P
desamear	S
desamearem	P
desamigar	S
desamigarem	P
desamimar	S
desamimarem	P
desamistar	S
desamistarem	P
desamodorrar	S
desamodorrarem	P
desamoedar	S
desamoedarem	P
desamolgar	S
desamolgarem	P
desamontar	S
desamontarem	P
desamontoar	S
desamontoarem	P
desamortalhar	S
desamortalharem	P
desamortizar	S
desamortizarem	P
desamotinar	S
desamotinarem	P
desamparar	S
desampararem	P
desamuar	S
desamuarem	P
desanalfabetizar	S
desanalfabetizarem	P
desancar	S
desancarem	P
desancorar	S
desancorarem	P
desandar	S
desandarem	P
desanelar	S
desanelarem	P
desanexar	S
desanexarem	P
desanichar	S
desanicharem	P
desanimar	S
desanimarem	P
desaninhar	S
desaninharem	P
desanistiar	S
desanistiarem	P
desanojar	S
desanojarem	P
desanular	S
desanularem	P
desanuviar	S
desanuviarem	P
desapacientar	S
desapacientarem	P
desapadrinhar	S
desapadrinharem	P
desapagar	S
desapagarem	P
desapaixonar	S
desapaixonarem	P
desaparafusar	S
desaparafusarem	P
desaparecer	S
desaparecerem	P
desaparelhar	S
desaparelharem	P
desapartar	S
desapartarem	P
desapavorar	S
desapavorarem	P
desapaziguar	S
desapaziguarem	P
desapear	S
desapearem	P
desapegar	S
desapegarem	P
desapeirar	S
desapeirarem	P
desaperceber	S
desaperceberem	P
desaperrar	S
desaperrarem	P
desapertar	S
desapertarem	P
desapeçonhentar	S
desapeçonhentarem	P
desapiedar	S
desapiedarem	P
desaplaudir	S
desaplaudirem	P
desaplicar	S
desaplicarem	P
desaplumar	S
desaplumarem	P
desapoderar	S
desapoderarem	P
desapoiar	S
desapoiarem	P
desapolvilhar	S
desapolvilharem	P
desapontar	S
desapontarem	P
desapoquentar	S
desapoquentarem	P
desaportuguesar	S
desaportuguesarem	P
desaposentar	S
desaposentarem	P
desapossar	S
desapossarem	P
desapreciar	S
desapreciarem	P
desaprender	S
desaprenderem	P
desapresilhar	S
desapresilharem	P
desapressar	S
desapressarem	P
desaprestar	S
desaprestarem	P
desapreçar	S
desapreçarem	P
desapropriar	S
desapropriarem	P
desaprouver	S
desaprouverem	P
desaprovar	S
desaprovarem	P
desaproveitar	S
desaproveitarem	P
desaproximar	S
desaproximarem	P
desaprumar	S
desaprumarem	P
desapuser	S
desapuserem	P
desaquartelar	S
desaquartelarem	P
desaquecer	S
desaquecerem	P
desaquinhoar	S
desaquinhoarem	P
desaranhar	S
desaranharem	P
desarar	S
desararem	P
desarborizar	S
desarborizarem	P
desarcar	S
desarcarem	P
desarear	S
desarearem	P
desarestar	S
desarestarem	P
desarilhar	S
desarilharem	P
desaristar	S
desaristarem	P
desarmar	S
desarmarem	P
desarmonizar	S
desarmonizarem	P
desaromar	S
desaromarem	P
desaromatizar	S
desaromatizarem	P
desarquear	S
desarquearem	P
desarquitetar	S
desarquitetarem	P
desarquivar	S
desarquivarem	P
desarraigar	S
desarraigarem	P
desarrancar	S
desarrancarem	P
desarranchar	S
desarrancharem	P
desarranjar	S
desarranjarem	P
desarrazoar	S
desarrazoarem	P
desarrear	S
desarrearem	P
desarreatar	S
desarreatarem	P
desarrebitar	S
desarrebitarem	P
desarredar	S
desarredarem	P
desarredondar	S
desarredondarem	P
desarregaçar	S
desarregaçarem	P
desarreigar	S
desarreigarem	P
desarrenegar	S
desarrenegarem	P
desarrimar	S
desarrimarem	P
desarriscar	S
desarriscarem	P
desarrochar	S
desarrocharem	P
desarrolhar	S
desarrolharem	P
desarruar	S
desarruarem	P
desarrufar	S
desarrufarem	P
desarrugar	S
desarrugarem	P
desarrumar	S
desarrumarem	P
desarticular	S
desarticularem	P
desartilhar	S
desartilharem	P
desarvorar	S
desarvorarem	P
desasar	S
desasarem	P
desasir	S
desasirem	P
desasnar	S
desasnarem	P
desassanhar	S
desassanharem	P
desassear	S
desassearem	P
desassegurar	S
desassegurarem	P
desasselvajar	S
desasselvajarem	P
desassemelhar	S
desassemelharem	P
desassenhorear	S
desassenhorearem	P
desassestar	S
desassestarem	P
desassimilar	S
desassimilarem	P
desassisar	S
desassisarem	P
desassistir	S
desassistirem	P
desassociar	S
desassociarem	P
desassombrar	S
desassombrarem	P
desassorear	S
desassorearem	P
desassossegar	S
desassossegarem	P
desassustar	S
desassustarem	P
desatabafar	S
desatabafarem	P
desatacar	S
desatacarem	P
desatafulhar	S
desatafulharem	P
desatapetar	S
desatapetarem	P
desatar	S
desatarem	P
desatarraxar	S
desatarraxarem	P
desatascar	S
desatascarem	P
desataviar	S
desataviarem	P
desatediar	S
desatediarem	P
desatemorizar	S
desatemorizarem	P
desatender	S
desatenderem	P
desatentar	S
desatentarem	P
desaterrar	S
desaterrarem	P
desatestar	S
desatestarem	P
desatilhar	S
desatilharem	P
desatinar	S
desatinarem	P
desativar	S
desativarem	P
desatolar	S
desatolarem	P
desatordoar	S
desatordoarem	P
desatracar	S
desatracarem	P
desatrancar	S
desatrancarem	P
desatravancar	S
desatravancarem	P
desatravessar	S
desatravessarem	P
desatrelar	S
desatrelarem	P
desatremar	S
desatremarem	P
desatribular	S
desatribularem	P
desatupir	S
desatupirem	P
desaturdir	S
desaturdirem	P
desautorar	S
desautorarem	P
desautorizar	S
desautorizarem	P
desauxiliar	S
desauxiliarem	P
desavagar	S
desavagarem	P
desavariar	S
desavariarem	P
desaverbar	S
desaverbarem	P
desavergonhar	S
desavergonharem	P
desavexar	S
desavexarem	P
desavezar	S
desavezarem	P
desaviar	S
desaviarem	P
desavier	S
desavierem	P
desavincar	S
desavincarem	P
desavinhar	S
desavinharem	P
desavisar	S
desavisarem	P
desavistar	S
desavistarem	P
desavolumar	S
desavolumarem	P
desazotar	S
desazotarem	P
desaçaimar	S
desaçaimarem	P
desaçamar	S
desaçamarem	P
desbabar	S
desbabarem	P
desbabelizar	S
desbabelizarem	P
desbadalar	S
desbadalarem	P
desbagar	S
desbagarem	P
desbagoar	S
desbagoarem	P
desbagulhar	S
desbagulharem	P
desbalizar	S
desbalizarem	P
desbalsar	S
desbalsarem	P
desbalçar	S
desbalçarem	P
desbambar	S
desbambarem	P
desbanalizar	S
desbanalizarem	P
desbancar	S
desbancarem	P
desbandalhar	S
desbandalharem	P
desbandar	S
desbandarem	P
desbandeirar	S
desbandeirarem	P
desbaratar	S
desbaratarem	P
desbarbar	S
desbarbarem	P
desbarbarizar	S
desbarbarizarem	P
desbarrancar	S
desbarrancarem	P
desbarrar	S
desbarrarem	P
desbarretar	S
desbarretarem	P
desbarrigar	S
desbarrigarem	P
desbastar	S
desbastardar	S
desbastardarem	P
desbastarem	P
desbastecer	S
desbastecerem	P
desbatizar	S
desbatizarem	P
desbatocar	S
desbatocarem	P
desbeber	S
desbeberem	P
desbeiçar	S
desbeiçarem	P
desbestializar	S
desbestializarem	P
desbesuntar	S
desbesuntarem	P
desbicar	S
desbicarem	P
desbloquear	S
desbloquearem	P
desbocar	S
desbocarem	P
desbolinar	S
desbolinarem	P
desbolotar	S
desbolotarem	P
desborcar	S
desborcarem	P
desborcelar	S
desborcelarem	P
desborcinar	S
desborcinarem	P
desbordar	S
desbordarem	P
desbornizar	S
desbornizarem	P
desboroar	S
desboroarem	P
desborrar	S
desborrarem	P
desbotar	S
desbotarem	P
desbotoar	S
desbotoarem	P
desbragar	S
desbragarem	P
desbrasileirar	S
desbrasileirarem	P
desbravar	S
desbravarem	P
desbravecer	S
desbravecerem	P
desbravejar	S
desbravejarem	P
desbriar	S
desbriarem	P
desbridar	S
desbridarem	P
desbrochar	S
desbrocharem	P
desbrotar	S
desbrotarem	P
desbrutalizar	S
desbrutalizarem	P
desbuchar	S
desbucharem	P
desbulhar	S
desbulharem	P
desbundar	S
desbundarem	P
desburrificar	S
desburrificarem	P
descabaçar	S
descabaçarem	P
descabelar	S
descabelarem	P
descabeçar	S
descabeçarem	P
descabrear	S
descabrearem	P
descachar	S
descacharem	P
descachaçar	S
descachaçarem	P
descacholar	S
descacholarem	P
descadeirar	S
descadeirarem	P
descair	S
descalabrar	S
descalabrarem	P
descalar	S
descalarem	P
descalavrar	S
descalavrarem	P
descalcificar	S
descalcificarem	P
descalejar	S
descalejarem	P
descalhoar	S
descalhoarem	P
descaliçar	S
descaliçarem	P
descalvar	S
descalvarem	P
descalçar	S
descalçarem	P
descamar	S
descamarem	P
descambar	S
descambarem	P
descaminhar	S
descaminharem	P
descamisar	S
descamisarem	P
descampar	S
descamparem	P
descanar	S
descanarem	P
descancelar	S
descancelarem	P
descangar	S
descangarem	P
descangotar	S
descangotarem	P
descanhotar	S
descanhotarem	P
descanjicar	S
descanjicarem	P
descansar	S
descansarem	P
descantar	S
descantarem	P
descantear	S
descantearem	P
descapacitar	S
descapacitarem	P
descapelar	S
descapelarem	P
descapitalizar	S
descapitalizarem	P
descapsular	S
descapsularem	P
descaracterizar	S
descaracterizarem	P
descarapuçar	S
descarapuçarem	P
descarar	S
descararem	P
descaraterizar	S
descaraterizarem	P
descarbonar	S
descarbonarem	P
descarbonatar	S
descarbonatarem	P
descarbonizar	S
descarbonizarem	P
descarecer	S
descarecerem	P
descargar	S
descargarem	P
descariocar	S
descariocarem	P
descarioquizar	S
descarioquizarem	P
descarnar	S
descarnarem	P
descarolar	S
descarolarem	P
descaroçar	S
descaroçarem	P
descarrar	S
descarrarem	P
descarregar	S
descarregarem	P
descarreirar	S
descarreirarem	P
descarrilar	S
descarrilarem	P
descarrilhar	S
descarrilharem	P
descartar	S
descartarem	P
descasalar	S
descasalarem	P
descasar	S
descasarem	P
descascar	S
descascarem	P
descaspar	S
descasparem	P
descasquear	S
descasquearem	P
descasquejar	S
descasquejarem	P
descativar	S
descativarem	P
descatolizar	S
descatolizarem	P
descaudar	S
descaudarem	P
descavalgar	S
descavalgarem	P
descavar	S
descavarem	P
descaírem	P
descegar	S
descegarem	P
descelular	S
descelularem	P
descender	S
descenderem	P
descentralizar	S
descentralizarem	P
descentrar	S
descentrarem	P
descer	S
descercar	S
descercarem	P
descerebrar	S
descerebrarem	P
descerem	P
descerrar	S
descerrarem	P
deschancelar	S
deschancelarem	P
deschapelar	S
deschapelarem	P
deschumbar	S
deschumbarem	P
descimbrar	S
descimbrarem	P
descimentar	S
descimentarem	P
descingir	S
descingirem	P
descintar	S
descintarem	P
descinturar	S
descinturarem	P
descivilizar	S
descivilizarem	P
desclassificar	S
desclassificarem	P
descloretar	S
descloretarem	P
descoagular	S
descoagularem	P
descoalhar	S
descoalharem	P
descobrir	S
descobrirem	P
descocar	S
descocarem	P
descochar	S
descocharem	P
descodear	S
descodearem	P
descofrar	S
descofrarem	P
descogotar	S
descogotarem	P
descogotear	S
descogotearem	P
descoifar	S
descoifarem	P
descoimar	S
descoimarem	P
descoitar	S
descoitarem	P
descoivarar	S
descoivararem	P
descolar	S
descolarem	P
descolchetar	S
descolchetarem	P
descolgar	S
descolgarem	P
descolmar	S
descolmarem	P
descolocar	S
descolocarem	P
descolonizar	S
descolonizarem	P
descolorar	S
descolorarem	P
descolorir	S
descolorirem	P
descomandar	S
descomandarem	P
descomedir	S
descomedirem	P
descomer	S
descomerem	P
descometer	S
descometerem	P
descomover	S
descomoverem	P
descompadecer	S
descompadecerem	P
descompadrar	S
descompadrarem	P
descompaginar	S
descompaginarem	P
descompanhar	S
descompanharem	P
descompassar	S
descompassarem	P
descompensar	S
descompensarem	P
descomplicar	S
descomplicarem	P
descompreender	S
descompreenderem	P
descomprimir	S
descomprimirem	P
descomprouver	S
descomprouverem	P
descompuser	S
descompuserem	P
descomungar	S
descomungarem	P
desconceituar	S
desconceituarem	P
desconcentrar	S
desconcentrarem	P
desconcertar	S
desconcertarem	P
desconchavar	S
desconchavarem	P
desconchegar	S
desconchegarem	P
desconciliar	S
desconciliarem	P
desconcordar	S
desconcordarem	P
descondensar	S
descondensarem	P
descondisser	S
descondisserem	P
desconectar	S
desconectarem	P
desconfessar	S
desconfessarem	P
desconfiar	S
desconfiarem	P
desconfigurar	S
desconfigurarem	P
desconformar	S
desconformarem	P
desconfortar	S
desconfortarem	P
desconfranger	S
desconfrangerem	P
desconfundir	S
desconfundirem	P
descongelar	S
descongelarem	P
descongestionar	S
descongestionarem	P
desconhecer	S
desconhecerem	P
desconjugar	S
desconjugarem	P
desconjuntar	S
desconjuntarem	P
desconjurar	S
desconjurarem	P
desconsagrar	S
desconsagrarem	P
desconsentir	S
desconsentirem	P
desconsertar	S
desconsertarem	P
desconsiderar	S
desconsiderarem	P
desconsolar	S
desconsolarem	P
desconstranger	S
desconstrangerem	P
desconstruir	S
desconstruírem	P
descontar	S
descontarem	P
descontentar	S
descontentarem	P
descontinuar	S
descontinuarem	P
descontrair	S
descontratar	S
descontratarem	P
descontraírem	P
descontrolar	S
descontrolarem	P
desconvencer	S
desconvencerem	P
desconversar	S
desconversarem	P
desconverter	S
desconverterem	P
desconvidar	S
desconvidarem	P
desconvier	S
desconvierem	P
descoordenar	S
descoordenarem	P
descorajar	S
descorajarem	P
descorar	S
descorarem	P
descoraçoar	S
descoraçoarem	P
descordar	S
descordarem	P
descorentar	S
descorentarem	P
descoreografar	S
descoreografarem	P
descornar	S
descornarem	P
descoroar	S
descoroarem	P
descoroçoar	S
descoroçoarem	P
descorrelacionar	S
descorrelacionarem	P
descorrentar	S
descorrentarem	P
descorresponder	S
descorresponderem	P
descortejar	S
descortejarem	P
descorticar	S
descorticarem	P
descortinar	S
descortinarem	P
descortiçar	S
descortiçarem	P
descoruchar	S
descorucharem	P
descorçoar	S
descorçoarem	P
descoser	S
descoserem	P
descostar	S
descostarem	P
descostumar	S
descostumarem	P
descosturar	S
descosturarem	P
descotoar	S
descotoarem	P
descouber	S
descouberem	P
descoutar	S
descoutarem	P
descrasear	S
descrasearem	P
descravar	S
descravarem	P
descravejar	S
descravejarem	P
descravizar	S
descravizarem	P
descreditar	S
descreditarem	P
descremar	S
descremarem	P
descrer	S
descrerem	P
descrever	S
descreverem	P
descriminar	S
descriminarem	P
descristianizar	S
descristianizarem	P
descruzar	S
descruzarem	P
descuidar	S
descuidarem	P
desculpar	S
desculparem	P
descultivar	S
descultivarem	P
descumprir	S
descumprirem	P
descunhar	S
descunharem	P
descurar	S
descurarem	P
descurvar	S
descurvarem	P
desdeixar	S
desdeixarem	P
desdemonizar	S
desdemonizarem	P
desdenhar	S
desdenharem	P
desdentar	S
desdentarem	P
desder	S
desderem	P
desdirecionar	S
desdirecionarem	P
desdisponibilizar	S
desdisponibilizarem	P
desdisser	S
desdisserem	P
desdobar	S
desdobarem	P
desdobrar	S
desdobrarem	P
desdoirar	S
desdoirarem	P
desdourar	S
desdourarem	P
desdoutrinar	S
desdoutrinarem	P
deseclipsar	S
deseclipsarem	P
desedificar	S
desedificarem	P
deseducar	S
deseducarem	P
deseixar	S
deseixarem	P
desejar	S
desejarem	P
deselectrizar	S
deselectrizarem	P
deseleger	S
deselegerem	P
deseletrizar	S
deseletrizarem	P
deseliminar	S
deseliminarem	P
desemadeirar	S
desemadeirarem	P
desemalar	S
desemalarem	P
desemalhar	S
desemalharem	P
desemalhetar	S
desemalhetarem	P
desemaranhar	S
desemaranharem	P
desemaçar	S
desemaçarem	P
desembaciar	S
desembaciarem	P
desembainhar	S
desembainharem	P
desembalar	S
desembalarem	P
desembalsamar	S
desembalsamarem	P
desembalsar	S
desembalsarem	P
desembandeirar	S
desembandeirarem	P
desembaralhar	S
desembaralharem	P
desembaraçar	S
desembaraçarem	P
desembarcar	S
desembarcarem	P
desembargar	S
desembargarem	P
desembarrancar	S
desembarrancarem	P
desembarrigar	S
desembarrigarem	P
desembarrilar	S
desembarrilarem	P
desembaular	S
desembaularem	P
desembaçar	S
desembaçarem	P
desembebedar	S
desembebedarem	P
desembeber	S
desembeberem	P
desembestar	S
desembestarem	P
desembezerrar	S
desembezerrarem	P
desembirrar	S
desembirrarem	P
desembocar	S
desembocarem	P
desembolar	S
desembolarem	P
desembolsar	S
desembolsarem	P
desemborcar	S
desemborcarem	P
desemborrachar	S
desemborracharem	P
desemborrar	S
desemborrarem	P
desemborrascar	S
desemborrascarem	P
desemboscar	S
desemboscarem	P
desembotar	S
desembotarem	P
desembraiar	S
desembraiarem	P
desembravecer	S
desembravecerem	P
desembraçar	S
desembraçarem	P
desembrear	S
desembrearem	P
desembrechar	S
desembrecharem	P
desembrenhar	S
desembrenharem	P
desembriagar	S
desembriagarem	P
desembridar	S
desembridarem	P
desembrionar	S
desembrionarem	P
desembrulhar	S
desembrulharem	P
desembruscar	S
desembruscarem	P
desembrutecer	S
desembrutecerem	P
desembruxar	S
desembruxarem	P
desembuchar	S
desembucharem	P
desemburrar	S
desemburrarem	P
desembutir	S
desembutirem	P
desembuçar	S
desembuçarem	P
desemedar	S
desemedarem	P
desemoinhar	S
desemoinharem	P
desemoldurar	S
desemoldurarem	P
desempacar	S
desempacarem	P
desempachar	S
desempacharem	P
desempacotar	S
desempacotarem	P
desempalar	S
desempalarem	P
desempalhar	S
desempalharem	P
desempalmar	S
desempalmarem	P
desempanar	S
desempanarem	P
desempandeirar	S
desempandeirarem	P
desempanturrar	S
desempanturrarem	P
desempapar	S
desempaparem	P
desempapelar	S
desempapelarem	P
desempar	S
desemparceirar	S
desemparceirarem	P
desemparedar	S
desemparedarem	P
desemparelhar	S
desemparelharem	P
desemparem	P
desempastar	S
desempastarem	P
desempastelar	S
desempastelarem	P
desempatar	S
desempatarem	P
desempavesar	S
desempavesarem	P
desempecer	S
desempecerem	P
desempecilhar	S
desempecilharem	P
desempedernecer	S
desempedernecerem	P
desempedernir	S
desempedernirem	P
desempedrar	S
desempedrarem	P
desempegar	S
desempegarem	P
desempenar	S
desempenarem	P
desempenhar	S
desempenharem	P
desempernar	S
desempernarem	P
desemperrar	S
desemperrarem	P
desempertigar	S
desempertigarem	P
desempestar	S
desempestarem	P
desempeçar	S
desempeçarem	P
desempeçonhar	S
desempeçonharem	P
desempilhar	S
desempilharem	P
desempinar	S
desempinarem	P
desemplastar	S
desemplastarem	P
desemplastrar	S
desemplastrarem	P
desemplumar	S
desemplumarem	P
desempoar	S
desempoarem	P
desempobrecer	S
desempobrecerem	P
desempoderar	S
desempoderarem	P
desempoeirar	S
desempoeirarem	P
desempolar	S
desempolarem	P
desempolear	S
desempolearem	P
desempoleirar	S
desempoleirarem	P
desempolgar	S
desempolgarem	P
desempolhar	S
desempolharem	P
desemponderar	S
desemponderarem	P
desempossar	S
desempossarem	P
desempoçar	S
desempoçarem	P
desempregar	S
desempregarem	P
desemprenhar	S
desemprenharem	P
desemproar	S
desemproarem	P
desempulhar	S
desempulharem	P
desempunhar	S
desempunharem	P
desemudecer	S
desemudecerem	P
desenamorar	S
desenamorarem	P
desenastrar	S
desenastrarem	P
desenatar	S
desenatarem	P
desencabar	S
desencabarem	P
desencabelar	S
desencabelarem	P
desencabeçar	S
desencabeçarem	P
desencabrestar	S
desencabrestarem	P
desencabritar	S
desencabritarem	P
desencabular	S
desencabularem	P
desencachar	S
desencacharem	P
desencadear	S
desencadearem	P
desencadernar	S
desencadernarem	P
desencaiporar	S
desencaiporarem	P
desencaixar	S
desencaixarem	P
desencaixilhar	S
desencaixilharem	P
desencaixotar	S
desencaixotarem	P
desencalacrar	S
desencalacrarem	P
desencalhar	S
desencalharem	P
desencalmar	S
desencalmarem	P
desencambar	S
desencambarem	P
desencaminhar	S
desencaminharem	P
desencamisar	S
desencamisarem	P
desencampar	S
desencamparem	P
desencanalhar	S
desencanalharem	P
desencanar	S
desencanarem	P
desencanastrar	S
desencanastrarem	P
desencandear	S
desencandearem	P
desencangar	S
desencangarem	P
desencantar	S
desencantarem	P
desencantoar	S
desencantoarem	P
desencanudar	S
desencanudarem	P
desencapar	S
desencaparem	P
desencapelar	S
desencapelarem	P
desencapoeirar	S
desencapoeirarem	P
desencapotar	S
desencapotarem	P
desencaracolar	S
desencaracolarem	P
desencarapelar	S
desencarapelarem	P
desencarapinhar	S
desencarapinharem	P
desencarcerar	S
desencarcerarem	P
desencardir	S
desencardirem	P
desencarecer	S
desencarecerem	P
desencariocar	S
desencariocarem	P
desencarioquizar	S
desencarioquizarem	P
desencarnar	S
desencarnarem	P
desencarpetar	S
desencarpetarem	P
desencarquilhar	S
desencarquilharem	P
desencarrancar	S
desencarrancarem	P
desencarrar	S
desencarrarem	P
desencarregar	S
desencarregarem	P
desencarreirar	S
desencarreirarem	P
desencarretar	S
desencarretarem	P
desencarrilar	S
desencarrilarem	P
desencarrilhar	S
desencarrilharem	P
desencartar	S
desencartarem	P
desencasacar	S
desencasacarem	P
desencasar	S
desencasarem	P
desencascar	S
desencascarem	P
desencasquear	S
desencasquearem	P
desencasquetar	S
desencasquetarem	P
desencassar	S
desencassarem	P
desencastelar	S
desencastelarem	P
desencastoar	S
desencastoarem	P
desencatarroar	S
desencatarroarem	P
desencavacar	S
desencavacarem	P
desencavalgar	S
desencavalgarem	P
desencavar	S
desencavarem	P
desencavernar	S
desencavernarem	P
desencavilhar	S
desencavilharem	P
desencepar	S
desenceparem	P
desencerar	S
desencerarem	P
desencerrar	S
desencerrarem	P
desencharcar	S
desencharcarem	P
desencher	S
desencherem	P
desencilhar	S
desencilharem	P
desenclaustrar	S
desenclaustrarem	P
desenclavinhar	S
desenclavinharem	P
desencobrir	S
desencobrirem	P
desencodear	S
desencodearem	P
desencofrar	S
desencofrarem	P
desencoifar	S
desencoifarem	P
desencoivarar	S
desencoivararem	P
desencolar	S
desencolarem	P
desencolerizar	S
desencolerizarem	P
desencolher	S
desencolherem	P
desencomendar	S
desencomendarem	P
desenconchar	S
desenconcharem	P
desencontrar	S
desencontrarem	P
desencorajar	S
desencorajarem	P
desencordoar	S
desencordoarem	P
desencorpar	S
desencorparem	P
desencorrear	S
desencorrearem	P
desencortiçar	S
desencortiçarem	P
desencoscorar	S
desencoscorarem	P
desencostar	S
desencostarem	P
desencoutar	S
desencoutarem	P
desencovar	S
desencovarem	P
desencovilar	S
desencovilarem	P
desencravar	S
desencravarem	P
desencravilhar	S
desencravilharem	P
desencrencar	S
desencrencarem	P
desencrespar	S
desencresparem	P
desencrostar	S
desencrostarem	P
desencruar	S
desencruarem	P
desencruzar	S
desencruzarem	P
desencubar	S
desencubarem	P
desencucar	S
desencucarem	P
desenculatrar	S
desenculatrarem	P
desencurralar	S
desencurralarem	P
desencurvar	S
desencurvarem	P
desendemoninhar	S
desendemoninharem	P
desendeusar	S
desendeusarem	P
desendividar	S
desendividarem	P
desenegrecer	S
desenegrecerem	P
desenervar	S
desenervarem	P
desenevoar	S
desenevoarem	P
desenfadar	S
desenfadarem	P
desenfaixar	S
desenfaixarem	P
desenfardar	S
desenfardarem	P
desenfardelar	S
desenfardelarem	P
desenfarpelar	S
desenfarpelarem	P
desenfarruscar	S
desenfarruscarem	P
desenfartar	S
desenfartarem	P
desenfastiar	S
desenfastiarem	P
desenfeitar	S
desenfeitarem	P
desenfeitiçar	S
desenfeitiçarem	P
desenfeixar	S
desenfeixarem	P
desenfermar	S
desenfermarem	P
desenferrujar	S
desenferrujarem	P
desenfestar	S
desenfestarem	P
desenfezar	S
desenfezarem	P
desenfiar	S
desenfiarem	P
desenfileirar	S
desenfileirarem	P
desenflorar	S
desenflorarem	P
desenforcar	S
desenforcarem	P
desenforjar	S
desenforjarem	P
desenformar	S
desenformarem	P
desenfornar	S
desenfornarem	P
desenfrascar	S
desenfrascarem	P
desenfrear	S
desenfrearem	P
desenfrechar	S
desenfrecharem	P
desenfrenar	S
desenfrenarem	P
desenfronhar	S
desenfronharem	P
desenfueirar	S
desenfueirarem	P
desenfunar	S
desenfunarem	P
desenfurecer	S
desenfurecerem	P
desenfurnar	S
desenfurnarem	P
desenfuscar	S
desenfuscarem	P
desengaiolar	S
desengaiolarem	P
desengajar	S
desengajarem	P
desengalfinhar	S
desengalfinharem	P
desenganar	S
desenganarem	P
desenganchar	S
desengancharem	P
desengarrafar	S
desengarrafarem	P
desengasgar	S
desengasgarem	P
desengastalhar	S
desengastalharem	P
desengastar	S
desengastarem	P
desengatar	S
desengatarem	P
desengatilhar	S
desengatilharem	P
desengavetar	S
desengavetarem	P
desengaçar	S
desengaçarem	P
desengelhar	S
desengelharem	P
desenglobar	S
desenglobarem	P
desengodar	S
desengodarem	P
desengolfar	S
desengolfarem	P
desengolir	S
desengolirem	P
desengomar	S
desengomarem	P
desengonçar	S
desengonçarem	P
desengordar	S
desengordarem	P
desengordurar	S
desengordurarem	P
desengorgitar	S
desengorgitarem	P
desengrainhar	S
desengrainharem	P
desengrandecer	S
desengrandecerem	P
desengranzar	S
desengranzarem	P
desengravecer	S
desengravecerem	P
desengravescer	S
desengravescerem	P
desengraxar	S
desengraxarem	P
desengrazar	S
desengrazarem	P
desengraçar	S
desengraçarem	P
desengrenar	S
desengrenarem	P
desengrenhar	S
desengrenharem	P
desengrilar	S
desengrilarem	P
desengrimpar	S
desengrimparem	P
desengrinaldar	S
desengrinaldarem	P
desengrossar	S
desengrossarem	P
desengrumar	S
desengrumarem	P
desenguaranchar	S
desenguarancharem	P
desenguiçar	S
desenguiçarem	P
desengulhar	S
desengulharem	P
desenhar	S
desenharem	P
desenjaular	S
desenjaularem	P
desenjoar	S
desenjoarem	P
desenlambuzar	S
desenlambuzarem	P
desenlamear	S
desenlamearem	P
desenlapar	S
desenlaparem	P
desenlatar	S
desenlatarem	P
desenlaçar	S
desenlaçarem	P
desenlear	S
desenlearem	P
desenlevar	S
desenlevarem	P
desenliçar	S
desenliçarem	P
desenlodar	S
desenlodarem	P
desenlouquecer	S
desenlouquecerem	P
desenlutar	S
desenlutarem	P
desenobrecer	S
desenobrecerem	P
desenodoar	S
desenodoarem	P
desenojar	S
desenojarem	P
desenovelar	S
desenovelarem	P
desenplacar	S
desenplacarem	P
desenquadrar	S
desenquadrarem	P
desenraiar	S
desenraiarem	P
desenraivar	S
desenraivarem	P
desenraivecer	S
desenraivecerem	P
desenraizar	S
desenraizarem	P
desenramar	S
desenramarem	P
desenrascar	S
desenrascarem	P
desenredar	S
desenredarem	P
desenregelar	S
desenregelarem	P
desenrijar	S
desenrijarem	P
desenriquecer	S
desenriquecerem	P
desenristar	S
desenristarem	P
desenrizar	S
desenrizarem	P
desenriçar	S
desenriçarem	P
desenrodilhar	S
desenrodilharem	P
desenrolar	S
desenrolarem	P
desenrolhar	S
desenrolharem	P
desenroscar	S
desenroscarem	P
desenroupar	S
desenrouparem	P
desenrouquecer	S
desenrouquecerem	P
desenrubescer	S
desenrubescerem	P
desenrugar	S
desenrugarem	P
desensaboar	S
desensaboarem	P
desensaburrar	S
desensaburrarem	P
desensacar	S
desensacarem	P
desensandecer	S
desensandecerem	P
desensanguentar	S
desensanguentarem	P
desensarilhar	S
desensarilharem	P
desensartar	S
desensartarem	P
desensebar	S
desensebarem	P
desensimesmar	S
desensimesmarem	P
desensinar	S
desensinarem	P
desensoberbecer	S
desensoberbecerem	P
desensolvar	S
desensolvarem	P
desensombrar	S
desensombrarem	P
desensopar	S
desensoparem	P
desensurdecer	S
desensurdecerem	P
desensurrar	S
desensurrarem	P
desentabuar	S
desentabuarem	P
desentabular	S
desentabularem	P
desentaipar	S
desentaiparem	P
desentalar	S
desentalarem	P
desentaliscar	S
desentaliscarem	P
desentaramelar	S
desentaramelarem	P
desentarraxar	S
desentarraxarem	P
desentediar	S
desentediarem	P
desentender	S
desentenderem	P
desentenebrecer	S
desentenebrecerem	P
desenternecer	S
desenternecerem	P
desenterrar	S
desenterrarem	P
desenterroar	S
desenterroarem	P
desentesar	S
desentesarem	P
desentesoirar	S
desentesoirarem	P
desentesourar	S
desentesourarem	P
desentibiar	S
desentibiarem	P
desentistrecer	S
desentistrecerem	P
desentoar	S
desentoarem	P
desentocar	S
desentocarem	P
desentolher	S
desentolherem	P
desentonar	S
desentonarem	P
desentorpecer	S
desentorpecerem	P
desentortar	S
desentortarem	P
desentoxicar	S
desentoxicarem	P
desentralhar	S
desentralharem	P
desentranhar	S
desentranharem	P
desentrançar	S
desentrançarem	P
desentrapar	S
desentraparem	P
desentravar	S
desentravarem	P
desentrelaçar	S
desentrelaçarem	P
desentrelinhar	S
desentrelinharem	P
desentrevar	S
desentrevarem	P
desentreverar	S
desentreverarem	P
desentrincheirar	S
desentrincheirarem	P
desentroixar	S
desentroixarem	P
desentronizar	S
desentronizarem	P
desentropilhar	S
desentropilharem	P
desentrouxar	S
desentrouxarem	P
desentulhar	S
desentulharem	P
desentumecer	S
desentumecerem	P
desentupir	S
desentupirem	P
desenturvar	S
desenturvarem	P
desenvasar	S
desenvasarem	P
desenvasilhar	S
desenvasilharem	P
desenvencelhar	S
desenvencelharem	P
desenvencilhar	S
desenvencilharem	P
desenvenenar	S
desenvenenarem	P
desenveredar	S
desenveredarem	P
desenvergar	S
desenvergarem	P
desenvernizar	S
desenvernizarem	P
desenviezar	S
desenviezarem	P
desenvincilhar	S
desenvincilharem	P
desenviolar	S
desenviolarem	P
desenviscar	S
desenviscarem	P
desenvolver	S
desenvolverem	P
desenxabir	S
desenxabirem	P
desenxamear	S
desenxamearem	P
desenxarciar	S
desenxarciarem	P
desenxofrar	S
desenxofrarem	P
desenxovalhar	S
desenxovalharem	P
desenxovar	S
desenxovarem	P
desequilibrar	S
desequilibrarem	P
desequipar	S
desequiparem	P
desequivocar	S
desequivocarem	P
deserdar	S
deserdarem	P
desertar	S
desertarem	P
desescurecer	S
desescurecerem	P
desespartilhar	S
desespartilharem	P
desesperançar	S
desesperançarem	P
desesperar	S
desesperarem	P
desespinhar	S
desespinharem	P
desesquipar	S
desesquiparem	P
desestagnar	S
desestagnarem	P
desesteirar	S
desesteirarem	P
desestimar	S
desestimarem	P
desestimular	S
desestimularem	P
desestorvar	S
desestorvarem	P
desestribar	S
desestribarem	P
desestruturar	S
desestruturarem	P
desestudar	S
desestudarem	P
desevangelizar	S
desevangelizarem	P
desexcomungar	S
desexcomungarem	P
desfabricar	S
desfabricarem	P
desfabular	S
desfabularem	P
desfadigar	S
desfadigarem	P
desfaiar	S
desfaiarem	P
desfalcar	S
desfalcarem	P
desfalcaçar	S
desfalcaçarem	P
desfalecer	S
desfalecerem	P
desfanatizar	S
desfanatizarem	P
desfantasiar	S
desfantasiarem	P
desfardar	S
desfardarem	P
desfarelar	S
desfarelarem	P
desfarçar	S
desfarçarem	P
desfasar	S
desfasarem	P
desfavorecer	S
desfavorecerem	P
desfear	S
desfearem	P
desfechar	S
desfecharem	P
desfeitear	S
desfeitearem	P
desferir	S
desferirem	P
desferrar	S
desferrarem	P
desferrolhar	S
desferrolharem	P
desferrujar	S
desferrujarem	P
desfertilizar	S
desfertilizarem	P
desfiar	S
desfiarem	P
desfibrar	S
desfibrarem	P
desfibrinar	S
desfibrinarem	P
desficcionar	S
desficcionarem	P
desfidelizar	S
desfidelizarem	P
desfigurar	S
desfigurarem	P
desfilar	S
desfilarem	P
desfilhar	S
desfilharem	P
desfitar	S
desfitarem	P
desfivelar	S
desfivelarem	P
desfizer	S
desfizerem	P
desflegmar	S
desflegmarem	P
desflorar	S
desflorarem	P
desflorescer	S
desflorescerem	P
desflorestar	S
desflorestarem	P
desflorir	S
desflorirem	P
desfocar	S
desfocarem	P
desfolegar	S
desfolegarem	P
desfolhar	S
desfolharem	P
desformar	S
desformarem	P
desformosear	S
desformosearem	P
desforrar	S
desforrarem	P
desfortalecer	S
desfortalecerem	P
desfortificar	S
desfortificarem	P
desforçar	S
desforçarem	P
desfradar	S
desfradarem	P
desfragilizar	S
desfragilizarem	P
desfraldar	S
desfraldarem	P
desfrangir	S
desfrangirem	P
desfranjar	S
desfranjarem	P
desfranzir	S
desfranzirem	P
desfraternizar	S
desfraternizarem	P
desfrear	S
desfrearem	P
desfrechar	S
desfrecharem	P
desfrequentar	S
desfrequentarem	P
desfrisar	S
desfrisarem	P
desfrondescer	S
desfrondescerem	P
desfruir	S
desfrutar	S
desfrutarem	P
desfrutescer	S
desfrutescerem	P
desfruírem	P
desfundar	S
desfundarem	P
desgabar	S
desgabarem	P
desgadelhar	S
desgadelharem	P
desgalgar	S
desgalgarem	P
desgalhar	S
desgalharem	P
desgalvanizar	S
desgalvanizarem	P
desgarantir	S
desgarantirem	P
desgarrar	S
desgarrarem	P
desgarronar	S
desgarronarem	P
desgastar	S
desgastarem	P
desgelar	S
desgelarem	P
desglabar	S
desglabarem	P
desglobulizar	S
desglobulizarem	P
desgoelar	S
desgoelarem	P
desgornir	S
desgornirem	P
desgostar	S
desgostarem	P
desgovernar	S
desgovernarem	P
desgraciar	S
desgraciarem	P
desgradear	S
desgradearem	P
desgraduar	S
desgraduarem	P
desgranar	S
desgranarem	P
desgravidar	S
desgravidarem	P
desgraxar	S
desgraxarem	P
desgraçar	S
desgraçarem	P
desgregar	S
desgregarem	P
desgrenhar	S
desgrenharem	P
desgrilhoar	S
desgrilhoarem	P
desgrinaldar	S
desgrinaldarem	P
desgrudar	S
desgrudarem	P
desgrumar	S
desgrumarem	P
desguampar	S
desguamparem	P
desguardar	S
desguardarem	P
desguaritar	S
desguaritarem	P
desguarnecer	S
desguarnecerem	P
desguedelhar	S
desguedelharem	P
desguiar	S
desguiarem	P
desidratar	S
desidratarem	P
desidrogenar	S
desidrogenarem	P
designar	S
designarem	P
desigualar	S
desigualarem	P
desiludir	S
desiludirem	P
desilustrar	S
desilustrarem	P
desimaginar	S
desimaginarem	P
desimanar	S
desimanarem	P
desimbuir	S
desimbuírem	P
desimpedir	S
desimpedirem	P
desimplicar	S
desimplicarem	P
desimprensar	S
desimprensarem	P
desimpressionar	S
desimpressionarem	P
desimpuser	S
desimpuserem	P
desinchar	S
desincharem	P
desinclinar	S
desinclinarem	P
desincompatibilizar	S
desincompatibilizarem	P
desincorporar	S
desincorporarem	P
desincrustar	S
desincrustarem	P
desincumbir	S
desincumbirem	P
desindiciar	S
desindiciarem	P
desindisponibilizar	S
desindisponibilizarem	P
desindividualizar	S
desindividualizarem	P
desinfamar	S
desinfamarem	P
desinfeccionar	S
desinfeccionarem	P
desinfecionar	S
desinfecionarem	P
desinfectar	S
desinfectarem	P
desinfernar	S
desinfernarem	P
desinfestar	S
desinfestarem	P
desinfetar	S
desinfetarem	P
desinficionar	S
desinficionarem	P
desinflamar	S
desinflamarem	P
desinfluir	S
desinfluírem	P
desinformar	S
desinformarem	P
desinformatizar	S
desinformatizarem	P
desingurgitar	S
desingurgitarem	P
desinibir	S
desinibirem	P
desinjuriar	S
desinjuriarem	P
desinquietar	S
desinquietarem	P
desintegrar	S
desintegrarem	P
desinteirar	S
desinteirarem	P
desinteiriçar	S
desinteiriçarem	P
desinteressar	S
desinteressarem	P
desinternar	S
desinternarem	P
desintestinar	S
desintestinarem	P
desintimidar	S
desintimidarem	P
desintoxicar	S
desintoxicarem	P
desintricar	S
desintricarem	P
desintrincar	S
desintrincarem	P
desintroduzir	S
desintroduzirem	P
desinturmescer	S
desinturmescerem	P
desinvernar	S
desinvernarem	P
desinvestir	S
desinvestirem	P
desinçar	S
desinçarem	P
desipotecar	S
desipotecarem	P
desirmanar	S
desirmanarem	P
desiscar	S
desiscarem	P
desistir	S
desistirem	P
desjarretar	S
desjarretarem	P
desjejuar	S
desjejuarem	P
desjudicializar	S
desjudicializarem	P
desjuizar	S
desjuizarem	P
desjungir	S
desjungirem	P
desjuntar	S
desjuntarem	P
deslacrar	S
deslacrarem	P
desladrilhar	S
desladrilharem	P
deslajear	S
deslajearem	P
deslanar	S
deslanarem	P
deslanchar	S
deslancharem	P
deslapar	S
deslaparem	P
deslapidar	S
deslapidarem	P
deslassar	S
deslassarem	P
deslastrar	S
deslastrarem	P
deslastrear	S
deslastrearem	P
deslaurear	S
deslaurearem	P
deslavar	S
deslavarem	P
deslavrar	S
deslavrarem	P
deslaçar	S
deslaçarem	P
deslealdar	S
deslealdarem	P
deslegitimar	S
deslegitimarem	P
desleitar	S
desleitarem	P
desleixar	S
desleixarem	P
deslembrar	S
deslembrarem	P
deslendear	S
deslendearem	P
desliar	S
desliarem	P
desligar	S
desligarem	P
deslindar	S
deslindarem	P
deslinguar	S
deslinguarem	P
deslisar	S
deslisarem	P
deslizar	S
deslizarem	P
deslocar	S
deslocarem	P
deslodar	S
deslodarem	P
deslograr	S
deslograrem	P
deslombar	S
deslombarem	P
desloucar	S
desloucarem	P
deslouvar	S
deslouvarem	P
deslumbrar	S
deslumbrarem	P
deslustrar	S
deslustrarem	P
desluzir	S
desluzirem	P
desmacular	S
desmacularem	P
desmadeirar	S
desmadeirarem	P
desmaginar	S
desmaginarem	P
desmagnetizar	S
desmagnetizarem	P
desmaiar	S
desmaiarem	P
desmalhar	S
desmalharem	P
desmamar	S
desmamarem	P
desmanar	S
desmanarem	P
desmanchar	S
desmancharem	P
desmandar	S
desmandarem	P
desmandibular	S
desmandibularem	P
desmanear	S
desmanearem	P
desmaninhar	S
desmaninharem	P
desmanivar	S
desmanivarem	P
desmantar	S
desmantarem	P
desmantelar	S
desmantelarem	P
desmaranhar	S
desmaranharem	P
desmarcar	S
desmarcarem	P
desmarcializar	S
desmarcializarem	P
desmarear	S
desmarearem	P
desmarelecer	S
desmarelecerem	P
desmarginar	S
desmarginarem	P
desmascarar	S
desmascararem	P
desmastrar	S
desmastrarem	P
desmastrear	S
desmastrearem	P
desmatar	S
desmatarem	P
desmaterializar	S
desmaterializarem	P
desmazelar	S
desmazelarem	P
desmazorrar	S
desmazorrarem	P
desmedir	S
desmedirem	P
desmedrar	S
desmedrarem	P
desmedular	S
desmedularem	P
desmelancolizar	S
desmelancolizarem	P
desmelhorar	S
desmelhorarem	P
desmelindrar	S
desmelindrarem	P
desmembrar	S
desmembrarem	P
desmemoriar	S
desmemoriarem	P
desmensurar	S
desmensurarem	P
desmentar	S
desmentarem	P
desmentir	S
desmentirem	P
desmerecer	S
desmerecerem	P
desmesurar	S
desmesurarem	P
desmetalizar	S
desmetalizarem	P
desmilitarizar	S
desmilitarizarem	P
desmineralizar	S
desmineralizarem	P
desmiolar	S
desmiolarem	P
desmiudar	S
desmiudarem	P
desmobilar	S
desmobilarem	P
desmobilhar	S
desmobilharem	P
desmobiliar	S
desmobiliarem	P
desmobilizar	S
desmobilizarem	P
desmochar	S
desmocharem	P
desmoderar	S
desmoderarem	P
desmodular	S
desmodularem	P
desmoitar	S
desmoitarem	P
desmoldar	S
desmoldarem	P
desmonetizar	S
desmonetizarem	P
desmonopolizar	S
desmonopolizarem	P
desmontar	S
desmontarem	P
desmoralizar	S
desmoralizarem	P
desmoronar	S
desmoronarem	P
desmorrer	S
desmorrerem	P
desmortalhar	S
desmortalharem	P
desmortificar	S
desmortificarem	P
desmotivar	S
desmotivarem	P
desmouchar	S
desmoucharem	P
desmoutar	S
desmoutarem	P
desmudar	S
desmudarem	P
desmunhecar	S
desmunhecarem	P
desmunicionar	S
desmunicionarem	P
desmurar	S
desmurarem	P
desmurchar	S
desmurcharem	P
desnacionalizar	S
desnacionalizarem	P
desnalgar	S
desnalgarem	P
desnamorar	S
desnamorarem	P
desnarigar	S
desnarigarem	P
desnasalar	S
desnasalarem	P
desnasalizar	S
desnasalizarem	P
desnastrar	S
desnastrarem	P
desnatar	S
desnatarem	P
desnaturalizar	S
desnaturalizarem	P
desnaturar	S
desnaturarem	P
desnecessitar	S
desnecessitarem	P
desnegar	S
desnegarem	P
desnegociar	S
desnegociarem	P
desnervar	S
desnervarem	P
desnevar	S
desnevarem	P
desnevoar	S
desnevoarem	P
desninhar	S
desninharem	P
desniquelar	S
desniquelarem	P
desnivelar	S
desnivelarem	P
desnobrecer	S
desnobrecerem	P
desnocar	S
desnocarem	P
desnodar	S
desnodarem	P
desnodoar	S
desnodoarem	P
desnoivar	S
desnoivarem	P
desnortear	S
desnortearem	P
desnotar	S
desnotarem	P
desnovelar	S
desnovelarem	P
desnuar	S
desnuarem	P
desnublar	S
desnublarem	P
desnucar	S
desnucarem	P
desnudar	S
desnudarem	P
desnutrir	S
desnutrirem	P
desnuviar	S
desnuviarem	P
desobedecer	S
desobedecerem	P
desobrigar	S
desobrigarem	P
desobrumbrar	S
desobrumbrarem	P
desobscurecer	S
desobscurecerem	P
desobstruir	S
desobstruírem	P
desocupar	S
desocuparem	P
desodorar	S
desodorarem	P
desodorizar	S
desodorizarem	P
desoficializar	S
desoficializarem	P
desofuscar	S
desofuscarem	P
desolar	S
desolarem	P
desoleificar	S
desoleificarem	P
desolhar	S
desolharem	P
desonerar	S
desonerarem	P
desonestar	S
desonestarem	P
desonestrar	S
desonestrarem	P
desonrar	S
desonrarem	P
desopilar	S
desopilarem	P
desopressar	S
desopressarem	P
desoprimir	S
desoprimirem	P
desorbitar	S
desorbitarem	P
desordenar	S
desordenarem	P
desorelhar	S
desorelharem	P
desorganizar	S
desorganizarem	P
desorientar	S
desorientarem	P
desornamentar	S
desornamentarem	P
desornar	S
desornarem	P
desossar	S
desossarem	P
desougar	S
desougarem	P
desovar	S
desovarem	P
desoxidar	S
desoxidarem	P
desoxigenar	S
desoxigenarem	P
despachar	S
despacharem	P
despadrar	S
despadrarem	P
despaganizar	S
despaganizarem	P
despaginar	S
despaginarem	P
despairecer	S
despairecerem	P
despalatalizar	S
despalatalizarem	P
despalatizar	S
despalatizarem	P
despaletar	S
despaletarem	P
despaletear	S
despaletearem	P
despalhar	S
despalharem	P
despalmar	S
despalmarem	P
despalmilhar	S
despalmilharem	P
despampanar	S
despampanarem	P
despampar	S
despamparem	P
despapar	S
despaparem	P
desparafinar	S
desparafinarem	P
desparafusar	S
desparafusarem	P
desparamentar	S
desparamentarem	P
desparecer	S
desparecerem	P
desparelhar	S
desparelharem	P
despargir	S
despargirem	P
desparramar	S
desparramarem	P
desparrar	S
desparrarem	P
despartir	S
despartirem	P
desparzir	S
desparzirem	P
despassar	S
despassarem	P
despastar	S
despastarem	P
despavorir	S
despavorirem	P
despear	S
despearem	P
despecuniar	S
despecuniarem	P
despedaçar	S
despedaçarem	P
despedir	S
despedirem	P
despegar	S
despegarem	P
despeitar	S
despeitarem	P
despeitorar	S
despeitorarem	P
despejar	S
despejarem	P
despelar	S
despelarem	P
despenalizar	S
despenalizarem	P
despenar	S
despenarem	P
despencar	S
despencarem	P
despender	S
despenderem	P
despendurar	S
despendurarem	P
despenhar	S
despenharem	P
despenitenciar	S
despenitenciarem	P
despentear	S
despentearem	P
desperceber	S
desperceberem	P
desperdiçar	S
desperdiçarem	P
desperecer	S
desperecerem	P
desperfilar	S
desperfilarem	P
despersonalizar	S
despersonalizarem	P
despersuadir	S
despersuadirem	P
despertar	S
despertarem	P
despesar	S
despesarem	P
despescar	S
despescarem	P
despetalar	S
despetalarem	P
despetrechar	S
despetrecharem	P
despicar	S
despicarem	P
despiedar	S
despiedarem	P
despigmentar	S
despigmentarem	P
despilchar	S
despilcharem	P
despinicar	S
despinicarem	P
despintar	S
despintarem	P
despinçar	S
despinçarem	P
despiolhar	S
despiolharem	P
despir	S
despirem	P
despirocar	S
despirocarem	P
despistar	S
despistarem	P
desplantar	S
desplantarem	P
desplumar	S
desplumarem	P
despoetizar	S
despoetizarem	P
despojar	S
despojarem	P
despolarizar	S
despolarizarem	P
despolir	S
despolirem	P
despoliticalhar	S
despoliticalharem	P
despolpar	S
despolparem	P
despoluir	S
despoluírem	P
desponderar	S
desponderarem	P
despontar	S
despontarem	P
despontuar	S
despontuarem	P
despopularizar	S
despopularizarem	P
desportilhar	S
desportilharem	P
desportuguesar	S
desportuguesarem	P
desposar	S
desposarem	P
desposicionar	S
desposicionarem	P
despossar	S
despossarem	P
despossuir	S
despossuírem	P
despostigar	S
despostigarem	P
despotizar	S
despotizarem	P
despotiçar	S
despotiçarem	P
despovoar	S
despovoarem	P
despratear	S
despratearem	P
desprecatar	S
desprecatarem	P
desprecaver	S
desprecaverem	P
despreciar	S
despreciarem	P
despregar	S
despregarem	P
despreguiçar	S
despreguiçarem	P
despremiar	S
despremiarem	P
desprender	S
desprenderem	P
despreocupar	S
despreocuparem	P
despresilhar	S
despresilharem	P
desprestigiar	S
desprestigiarem	P
desprevenir	S
desprevenirem	P
desprezar	S
desprezarem	P
desprimorar	S
desprimorarem	P
despriorizar	S
despriorizarem	P
desprivar	S
desprivarem	P
desprivilegiar	S
desprivilegiarem	P
desprofanar	S
desprofanarem	P
despronunciar	S
despronunciarem	P
desproporcionar	S
desproporcionarem	P
despropositar	S
despropositarem	P
desproteger	S
desprotegerem	P
desprouver	S
desprouverem	P
desprover	S
desproverem	P
despumar	S
despumarem	P
despuser	S
despuserem	P
desquadrar	S
desquadrarem	P
desquadrilhar	S
desquadrilharem	P
desqualificar	S
desqualificarem	P
desquartar	S
desquartarem	P
desquartinar	S
desquartinarem	P
desquebrar	S
desquebrarem	P
desqueixar	S
desqueixarem	P
desqueixolar	S
desqueixolarem	P
desquiar	S
desquiarem	P
desquiciar	S
desquiciarem	P
desquietar	S
desquietarem	P
desquis	S
desquisem	P
desquitar	S
desquitarem	P
desrabar	S
desrabarem	P
desracializar	S
desracializarem	P
desraigar	S
desraigarem	P
desraizar	S
desraizarem	P
desramar	S
desramarem	P
desratar	S
desratarem	P
desratizar	S
desratizarem	P
desrefolhar	S
desrefolharem	P
desregrar	S
desregrarem	P
desrelvar	S
desrelvarem	P
desremediar	S
desremediarem	P
desrepublicanizar	S
desrepublicanizarem	P
desrespeitar	S
desrespeitarem	P
desresponsabilizar	S
desresponsabilizarem	P
desrevestir	S
desrevestirem	P
desriscar	S
desriscarem	P
desrizar	S
desrizarem	P
desriçar	S
desriçarem	P
desrolhar	S
desrolharem	P
desroscar	S
desroscarem	P
desrugar	S
desrugarem	P
dessaborar	S
dessaborarem	P
dessaborear	S
dessaborearem	P
dessaburrar	S
dessaburrarem	P
dessagrar	S
dessagrarem	P
dessaibrar	S
dessaibrarem	P
dessalar	S
dessalarem	P
dessalgar	S
dessalgarem	P
dessalificar	S
dessalificarem	P
dessalinizar	S
dessalinizarem	P
dessamoucar	S
dessamoucarem	P
dessangrar	S
dessangrarem	P
dessar	S
dessarem	P
dessarrar	S
dessarrarem	P
dessarroar	S
dessarroarem	P
dessaudar	S
dessaudarem	P
dessazonar	S
dessazonarem	P
dessecar	S
dessecarem	P
dessedentar	S
dessedentarem	P
dessegredar	S
dessegredarem	P
desseguir	S
desseguirem	P
dessegurar	S
dessegurarem	P
desseivar	S
desseivarem	P
desselar	S
desselarem	P
dessemelhar	S
dessemelharem	P
dessensibilizar	S
dessensibilizarem	P
dessentir	S
dessentirem	P
dessepultar	S
dessepultarem	P
desservir	S
desservirem	P
dessesmar	S
dessesmarem	P
dessexualizar	S
dessexualizarem	P
dessexuar	S
dessexuarem	P
dessimpatizar	S
dessimpatizarem	P
dessincronizar	S
dessincronizarem	P
dessitiar	S
dessitiarem	P
dessoar	S
dessoarem	P
dessobraçar	S
dessobraçarem	P
dessocar	S
dessocarem	P
dessocorrer	S
dessocorrerem	P
dessolar	S
dessolarem	P
dessoldar	S
dessoldarem	P
dessolhar	S
dessolharem	P
dessorar	S
dessorarem	P
dessorrir	S
dessorrirem	P
dessortear	S
dessortearem	P
dessorver	S
dessorverem	P
dessossegar	S
dessossegarem	P
dessoterrar	S
dessoterrarem	P
dessouber	S
dessouberem	P
dessoçobrar	S
dessoçobrarem	P
dessuar	S
dessuarem	P
dessubjugar	S
dessubjugarem	P
dessubstanciar	S
dessubstanciarem	P
dessujar	S
dessujarem	P
dessulfurar	S
dessulfurarem	P
dessulfurizar	S
dessulfurizarem	P
dessumir	S
dessumirem	P
destabocar	S
destabocarem	P
destacar	S
destacarem	P
destalar	S
destalarem	P
destalhar	S
destalharem	P
destalingar	S
destalingarem	P
destampar	S
destamparem	P
destaninizar	S
destaninizarem	P
destanizar	S
destanizarem	P
destapar	S
destaparem	P
destaquear	S
destaquearem	P
destecer	S
destecerem	P
destelar	S
destelarem	P
destelhar	S
destelharem	P
destemer	S
destemerem	P
destemperar	S
destemperarem	P
desterneirar	S
desterneirarem	P
desterrar	S
desterrarem	P
desterroar	S
desterroarem	P
destetar	S
destetarem	P
destilar	S
destilarem	P
destinar	S
destinarem	P
destingir	S
destingirem	P
destiranizar	S
destiranizarem	P
destisnar	S
destisnarem	P
destituir	S
destituírem	P
destoar	S
destoarem	P
destocar	S
destocarem	P
destoldar	S
destoldarem	P
destolher	S
destolherem	P
destonar	S
destonarem	P
destopetear	S
destopetearem	P
destorar	S
destorarem	P
destorcer	S
destorcerem	P
destorpecer	S
destorpecerem	P
destorroar	S
destorroarem	P
destoucar	S
destoucarem	P
destragar	S
destragarem	P
destramar	S
destramarem	P
destrambelhar	S
destrambelharem	P
destrancar	S
destrancarem	P
destransar	S
destransarem	P
destrançar	S
destrançarem	P
destratar	S
destratarem	P
destravancar	S
destravancarem	P
destravar	S
destravarem	P
destraçar	S
destraçarem	P
destreinar	S
destreinarem	P
destrelar	S
destrelarem	P
destrepar	S
destreparem	P
destribalizar	S
destribalizarem	P
destribar	S
destribarem	P
destrincar	S
destrincarem	P
destrinchar	S
destrincharem	P
destrinçar	S
destrinçarem	P
destripar	S
destriparem	P
destripular	S
destripularem	P
destristecer	S
destristecerem	P
destrocar	S
destrocarem	P
destronar	S
destronarem	P
destroncar	S
destroncarem	P
destronizar	S
destronizarem	P
destroçar	S
destroçarem	P
destruir	S
destrunfar	S
destrunfarem	P
destruírem	P
desturvar	S
desturvarem	P
desultrajar	S
desultrajarem	P
desumanar	S
desumanarem	P
desumanizar	S
desumanizarem	P
desunhar	S
desunharem	P
desunificar	S
desunificarem	P
desunir	S
desunirem	P
desurdir	S
desurdirem	P
desusar	S
desusarem	P
desvaecer	S
desvaecerem	P
desvair	S
desvairar	S
desvairarem	P
desvaler	S
desvalerem	P
desvaliar	S
desvaliarem	P
desvalidar	S
desvalidarem	P
desvalijar	S
desvalijarem	P
desvalizar	S
desvalizarem	P
desvalorar	S
desvalorarem	P
desvalorizar	S
desvalorizarem	P
desvanear	S
desvanearem	P
desvanecer	S
desvanecerem	P
desvarar	S
desvararem	P
desvariar	S
desvariarem	P
desvaziar	S
desvaziarem	P
desvaírem	P
desvelar	S
desvelarem	P
desvelejar	S
desvelejarem	P
desvencelhar	S
desvencelharem	P
desvencilhar	S
desvencilharem	P
desvendar	S
desvendarem	P
desvenerar	S
desvenerarem	P
desventrar	S
desventrarem	P
desventurar	S
desventurarem	P
desverdecer	S
desverdecerem	P
desvergonhar	S
desvergonharem	P
desvertebrar	S
desvertebrarem	P
desvestir	S
desvestirem	P
desvezar	S
desvezarem	P
desviabilizar	S
desviabilizarem	P
desviar	S
desviarem	P
desvidrar	S
desvidrarem	P
desvidraçar	S
desvidraçarem	P
desvigar	S
desvigarem	P
desvigiar	S
desvigiarem	P
desvigorar	S
desvigorarem	P
desvigorizar	S
desvigorizarem	P
desvincar	S
desvincarem	P
desvincilhar	S
desvincilharem	P
desvincular	S
desvincularem	P
desvirar	S
desvirarem	P
desvirgar	S
desvirgarem	P
desvirginar	S
desvirginarem	P
desvirginizar	S
desvirginizarem	P
desvirgular	S
desvirgularem	P
desvirilizar	S
desvirilizarem	P
desvirtuar	S
desvirtuarem	P
desviscerar	S
desviscerarem	P
desvisgar	S
desvisgarem	P
desvitalizar	S
desvitalizarem	P
desvitaminar	S
desvitaminarem	P
desvitrificar	S
desvitrificarem	P
desviver	S
desviverem	P
desvizinhar	S
desvizinharem	P
desvocalizar	S
desvocalizarem	P
desvolumar	S
desvolumarem	P
desvoluntariar	S
desvoluntariarem	P
desxadrezar	S
desxadrezarem	P
deszelar	S
deszelarem	P
detalhar	S
detalharem	P
detectar	S
detectarem	P
detergir	S
detergirem	P
deteriorar	S
deteriorarem	P
determinar	S
determinarem	P
detestar	S
detestarem	P
detetar	S
detetarem	P
detiver	S
detiverem	P
detonar	S
detonarem	P
detorar	S
detorarem	P
detrair	S
detratar	S
detratarem	P
detraírem	P
detruncar	S
detruncarem	P
detumescer	S
detumescerem	P
deturbar	S
deturbarem	P
deturpar	S
deturparem	P
devanear	S
devanearem	P
devassar	S
devassarem	P
devastar	S
devastarem	P
dever	S
deverem	P
devier	S
devierem	P
devisar	S
devisarem	P
devitrificar	S
devitrificarem	P
devolver	S
devolverem	P
devorar	S
devorarem	P
devotar	S
devotarem	P
diademar	S
diademarem	P
diafanizar	S
diafanizarem	P
diagnosticar	S
diagnosticarem	P
diagramar	S
diagramarem	P
dialisar	S
dialisarem	P
dialogar	S
dialogarem	P
diamantizar	S
diamantizarem	P
diarizar	S
diarizarem	P
dicar	S
dicarem	P
dicionarar	S
dicionararem	P
dicionariar	S
dicionariarem	P
dicionarizar	S
dicionarizarem	P
dicorrer	S
dicorrerem	P
dicotomizar	S
dicotomizarem	P
diesar	S
diesarem	P
difamar	S
difamarem	P
diferenciar	S
diferenciarem	P
diferençar	S
diferençarem	P
diferir	S
diferirem	P
dificultar	S
dificultarem	P
difluir	S
difluírem	P
difractar	S
difractarem	P
difratar	S
difratarem	P
difundir	S
difundirem	P
digerir	S
digerirem	P
digestir	S
digestirem	P
digitar	S
digitarem	P
digladiar	S
digladiarem	P
dignar	S
dignarem	P
dignificar	S
dignificarem	P
digressionar	S
digressionarem	P
digressoar	S
digressoarem	P
dilacelar	S
dilacelarem	P
dilaniar	S
dilaniarem	P
dilapidar	S
dilapidarem	P
dilatar	S
dilatarem	P
diligenciar	S
diligenciarem	P
dilucidar	S
dilucidarem	P
diluir	S
diluviar	S
diluviarem	P
diluírem	P
dimanar	S
dimanarem	P
dimensionar	S
dimensionarem	P
dimidiar	S
dimidiarem	P
diminuir	S
diminuírem	P
dinamitar	S
dinamitarem	P
dinamizar	S
dinamizarem	P
dinumerar	S
dinumerarem	P
diplomaciar	S
diplomaciarem	P
diplomar	S
diplomarem	P
direcionar	S
direcionarem	P
dirigir	S
dirigirem	P
dirimir	S
dirimirem	P
diruir	S
diruírem	P
discar	S
discarem	P
discernir	S
discernirem	P
disciplinar	S
disciplinarem	P
discordar	S
discordarem	P
discrepar	S
discreparem	P
discretear	S
discretearem	P
discriminar	S
discriminarem	P
discursar	S
discursarem	P
discutir	S
discutirem	P
disfarçar	S
disfarçarem	P
disferir	S
disferirem	P
disformar	S
disformarem	P
disgregar	S
disgregarem	P
disjungir	S
disjungirem	P
disjuntar	S
disjuntarem	P
disparar	S
dispararem	P
disparatar	S
disparatarem	P
disparecer	S
disparecerem	P
dispartir	S
dispartirem	P
dispensar	S
dispensarem	P
disperder	S
disperderem	P
dispersar	S
dispersarem	P
disponibilizar	S
disponibilizarem	P
dispuser	S
dispuserem	P
disputar	S
disputarem	P
dissaborear	S
dissaborearem	P
dissecar	S
dissecarem	P
dissemelhar	S
dissemelharem	P
disseminar	S
disseminarem	P
dissentir	S
dissentirem	P
disser	S
disserem	P
dissertar	S
dissertarem	P
dissidiar	S
dissidiarem	P
dissidir	S
dissidirem	P
dissimilar	S
dissimilarem	P
dissimular	S
dissimularem	P
dissipar	S
dissiparem	P
dissociar	S
dissociarem	P
dissolver	S
dissolverem	P
dissonar	S
dissonarem	P
dissorar	S
dissorarem	P
dissuadir	S
dissuadirem	P
distanciar	S
distanciarem	P
distar	S
distarem	P
distender	S
distenderem	P
distilar	S
distilarem	P
distinguir	S
distinguirem	P
distorcer	S
distorcerem	P
distrair	S
distratar	S
distratarem	P
distraírem	P
distribuir	S
distribuírem	P
disturbar	S
disturbarem	P
ditar	S
ditarem	P
ditongar	S
ditongarem	P
diuturnizar	S
diuturnizarem	P
divagar	S
divagarem	P
divaricar	S
divaricarem	P
divergir	S
divergirem	P
diversificar	S
diversificarem	P
divertir	S
divertirem	P
dividir	S
dividirem	P
divinizar	S
divinizarem	P
divisar	S
divisarem	P
divorciar	S
divorciarem	P
divulgar	S
divulgarem	P
dizimar	S
dizimarem	P
doar	S
doarem	P
dobar	S
dobarem	P
dobrar	S
dobrarem	P
docilizar	S
docilizarem	P
documentar	S
documentarem	P
doer	S
doerem	P
doestar	S
doestarem	P
dogmatizar	S
dogmatizarem	P
doidejar	S
doidejarem	P
doidivanar	S
doidivanarem	P
doirar	S
doirarem	P
doirejar	S
doirejarem	P
domar	S
domarem	P
domesticar	S
domesticarem	P
domiciliar	S
domiciliarem	P
dominar	S
dominarem	P
domingar	S
domingarem	P
donairear	S
donairearem	P
donear	S
donearem	P
dopar	S
doparem	P
dormentar	S
dormentarem	P
dorminhar	S
dorminharem	P
dormir	S
dormirem	P
dormitar	S
dormitarem	P
dosar	S
dosarem	P
dosear	S
dosearem	P
dosificar	S
dosificarem	P
dosselar	S
dosselarem	P
dotar	S
dotarem	P
doudejar	S
doudejarem	P
dourar	S
dourarem	P
dourejar	S
dourejarem	P
doutorar	S
doutorarem	P
doutrinar	S
doutrinarem	P
doçar	S
doçarem	P
dragar	S
dragarem	P
drainar	S
drainarem	P
dramatizar	S
dramatizarem	P
drapear	S
drapearem	P
drapejar	S
drapejarem	P
drenar	S
drenarem	P
driblar	S
driblarem	P
drogar	S
drogarem	P
droguear	S
droguearem	P
dualizar	S
dualizarem	P
dublar	S
dublarem	P
duchar	S
ducharem	P
ductilizar	S
ductilizarem	P
duelar	S
duelarem	P
duelizar	S
duelizarem	P
dulcificar	S
dulcificarem	P
duplicar	S
duplicarem	P
durar	S
durarem	P
duvidar	S
duvidarem	P
ebanizar	S
ebanizarem	P
ebulir	S
ebulirem	P
ecar	S
ecarem	P
eclipsar	S
eclipsarem	P
eclodir	S
eclodirem	P
ecoar	S
ecoarem	P
economizar	S
economizarem	P
edemaciar	S
edemaciarem	P
edenizar	S
edenizarem	P
edicionar	S
edicionarem	P
edificar	S
edificarem	P
editar	S
editarem	P
editorar	S
editorarem	P
educar	S
educarem	P
edulcorar	S
edulcorarem	P
edulçar	S
edulçarem	P
eduzir	S
eduzirem	P
efabular	S
efabularem	P
efeituar	S
efeituarem	P
efemerizar	S
efemerizarem	P
efeminar	S
efeminarem	P
efeminizar	S
efeminizarem	P
efenecer	S
efenecerem	P
efervescer	S
efervescerem	P
efetivar	S
efetivarem	P
efetuar	S
efetuarem	P
efigiar	S
efigiarem	P
eflorescer	S
eflorescerem	P
efluir	S
efluírem	P
efundir	S
efundirem	P
eguar	S
eguarem	P
eivar	S
eivarem	P
eixar	S
eixarem	P
ejacular	S
ejacularem	P
ejetar	S
ejetarem	P
elaborar	S
elaborarem	P
elanguescer	S
elanguescerem	P
elastecer	S
elastecerem	P
electrificar	S
electrificarem	P
electrizar	S
electrizarem	P
electrocutar	S
electrocutarem	P
electrolisar	S
electrolisarem	P
electrotipar	S
electrotiparem	P
elegantizar	S
elegantizarem	P
eleger	S
elegerem	P
eletrificar	S
eletrificarem	P
eletrizar	S
eletrizarem	P
eletrocutar	S
eletrocutarem	P
eletrolisar	S
eletrolisarem	P
eletrotipar	S
eletrotiparem	P
elevar	S
elevarem	P
eliciar	S
eliciarem	P
elidir	S
elidirem	P
eligir	S
eligirem	P
eliminar	S
eliminarem	P
elipsar	S
elipsarem	P
elixar	S
elixarem	P
elogiar	S
elogiarem	P
elucidar	S
elucidarem	P
elucubrar	S
elucubrarem	P
eludir	S
eludirem	P
eluir	S
eluírem	P
emaciar	S
emaciarem	P
emadeirar	S
emadeirarem	P
emadeixar	S
emadeixarem	P
emadurecer	S
emadurecerem	P
emagotar	S
emagotarem	P
emagrar	S
emagrarem	P
emagrecer	S
emagrecerem	P
emagrentar	S
emagrentarem	P
emalar	S
emalarem	P
emalhar	S
emalharem	P
emalhetar	S
emalhetarem	P
emanar	S
emanarem	P
emanchar	S
emancharem	P
emancipar	S
emanciparem	P
emandingar	S
emandingarem	P
emanilhar	S
emanilharem	P
emanocar	S
emanocarem	P
emanquecer	S
emanquecerem	P
emantar	S
emantarem	P
emantilhar	S
emantilharem	P
emaranhar	S
emaranharem	P
emarar	S
emararem	P
emarear	S
emarearem	P
emarelecer	S
emarelecerem	P
emartilhar	S
emartilharem	P
emascarar	S
emascararem	P
emascular	S
emascularem	P
emassar	S
emassarem	P
emassilhar	S
emassilharem	P
emastear	S
emastearem	P
emastrar	S
emastrarem	P
emastrear	S
emastrearem	P
emaçar	S
emaçarem	P
emaçarocar	S
emaçarocarem	P
embacelar	S
embacelarem	P
embaciar	S
embaciarem	P
embainhar	S
embainharem	P
embair	S
embalançar	S
embalançarem	P
embalar	S
embalarem	P
embalouçar	S
embalouçarem	P
embalsamar	S
embalsamarem	P
embalsar	S
embalsarem	P
embalçar	S
embalçarem	P
embambecer	S
embambecerem	P
embananar	S
embananarem	P
embandar	S
embandarem	P
embandeirar	S
embandeirarem	P
embandidar	S
embandidarem	P
embarafustar	S
embarafustarem	P
embaralhar	S
embaralharem	P
embaratecer	S
embaratecerem	P
embaraçar	S
embaraçarem	P
embarbar	S
embarbarem	P
embarbascar	S
embarbascarem	P
embarbecer	S
embarbecerem	P
embarbelar	S
embarbelarem	P
embarbilhar	S
embarbilharem	P
embarcar	S
embarcarem	P
embardar	S
embardarem	P
embargar	S
embargarem	P
embarrancar	S
embarrancarem	P
embarrar	S
embarrarem	P
embarrear	S
embarrearem	P
embarreirar	S
embarreirarem	P
embarrelar	S
embarrelarem	P
embarretar	S
embarretarem	P
embarricar	S
embarricarem	P
embarrigar	S
embarrigarem	P
embarrilar	S
embarrilarem	P
embarulhar	S
embarulharem	P
embasar	S
embasarem	P
embasbacar	S
embasbacarem	P
embastar	S
embastarem	P
embastecer	S
embastecerem	P
embastir	S
embastirem	P
embater	S
embaterem	P
embatocar	S
embatocarem	P
embatucar	S
embatucarem	P
embaucar	S
embaucarem	P
embaular	S
embaularem	P
embaçar	S
embaçarem	P
embaírem	P
embebecer	S
embebecerem	P
embebedar	S
embebedarem	P
embeber	S
embeberar	S
embeberarem	P
embeberem	P
embeiçar	S
embeiçarem	P
embelecar	S
embelecarem	P
embelecer	S
embelecerem	P
embelezar	S
embelezarem	P
embelgar	S
embelgarem	P
embelinhar	S
embelinharem	P
embernar	S
embernarem	P
emberrinchar	S
emberrincharem	P
embesourar	S
embesourarem	P
embespinhar	S
embespinharem	P
embestar	S
embestarem	P
embetesgar	S
embetesgarem	P
embetumar	S
embetumarem	P
embevecer	S
embevecerem	P
embezerrar	S
embezerrarem	P
embicar	S
embicarem	P
embilhar	S
embilharem	P
embilocar	S
embilocarem	P
embiocar	S
embiocarem	P
embirar	S
embirarem	P
embirrar	S
embirrarem	P
embirutar	S
embirutarem	P
emblemar	S
emblemarem	P
embobar	S
embobarem	P
embocar	S
embocarem	P
embocetar	S
embocetarem	P
embochechar	S
embochecharem	P
embodalhar	S
embodalharem	P
embodegar	S
embodegarem	P
embodocar	S
embodocarem	P
emboizar	S
emboizarem	P
embolar	S
embolarem	P
emboldrear	S
emboldrearem	P
emboldregar	S
emboldregarem	P
emboldriar	S
emboldriarem	P
embolorar	S
embolorarem	P
embolorecer	S
embolorecerem	P
embolotar	S
embolotarem	P
embolsar	S
embolsarem	P
embonar	S
embonarem	P
embonecar	S
embonecarem	P
embonecrar	S
embonecrarem	P
emboquilhar	S
emboquilharem	P
emborcar	S
emborcarem	P
embornalar	S
embornalarem	P
embornecer	S
embornecerem	P
emborquilhar	S
emborquilharem	P
emborrachar	S
emborracharem	P
emborralhar	S
emborralharem	P
emborrar	S
emborrarem	P
emborrascar	S
emborrascarem	P
emboscar	S
emboscarem	P
embostar	S
embostarem	P
embostear	S
embostearem	P
embostelar	S
embostelarem	P
embotar	S
embotarem	P
embotelhar	S
embotelharem	P
embotijar	S
embotijarem	P
emboçar	S
emboçarem	P
embrabar	S
embrabarem	P
embrabecer	S
embrabecerem	P
embraceirar	S
embraceirarem	P
embraiar	S
embraiarem	P
embramar	S
embramarem	P
embrancar	S
embrancarem	P
embrandecer	S
embrandecerem	P
embranquecer	S
embranquecerem	P
embravear	S
embravearem	P
embravecer	S
embravecerem	P
embraçar	S
embraçarem	P
embrear	S
embrearem	P
embrechar	S
embrecharem	P
embrenhar	S
embrenharem	P
embretar	S
embretarem	P
embriagar	S
embriagarem	P
embridar	S
embridarem	P
embrincar	S
embrincarem	P
embromar	S
embromarem	P
embruacar	S
embruacarem	P
embrulhar	S
embrulharem	P
embrumar	S
embrumarem	P
embruscar	S
embruscarem	P
embrutar	S
embrutarem	P
embrutecer	S
embrutecerem	P
embruxar	S
embruxarem	P
embuchar	S
embucharem	P
embudar	S
embudarem	P
embuizar	S
embuizarem	P
emburacar	S
emburacarem	P
emburilhar	S
emburilharem	P
emburrar	S
emburrarem	P
emburricar	S
emburricarem	P
embustear	S
embustearem	P
embutir	S
embutirem	P
embuziar	S
embuziarem	P
embuzinar	S
embuzinarem	P
embuçalar	S
embuçalarem	P
embuçar	S
embuçarem	P
emechar	S
emecharem	P
emedar	S
emedarem	P
emelar	S
emelarem	P
emendar	S
emendarem	P
emeninecer	S
emeninecerem	P
ementar	S
ementarem	P
emergir	S
emergirem	P
emertizar	S
emertizarem	P
emetizar	S
emetizarem	P
emgrambelar	S
emgrambelarem	P
emigrar	S
emigrarem	P
eminenciar	S
eminenciarem	P
emitir	S
emitirem	P
emocionar	S
emocionarem	P
emoldar	S
emoldarem	P
emoldurar	S
emoldurarem	P
emoleirar	S
emoleirarem	P
emolhar	S
emolharem	P
emolir	S
emolirem	P
emonar	S
emonarem	P
emordaçar	S
emordaçarem	P
emorear	S
emorearem	P
emornecer	S
emornecerem	P
emorrinhar	S
emorrinharem	P
emortecer	S
emortecerem	P
emostar	S
emostarem	P
emouquecer	S
emouquecerem	P
empacar	S
empacarem	P
empacavirar	S
empacavirarem	P
empachar	S
empacharem	P
empacotar	S
empacotarem	P
empadesar	S
empadesarem	P
empadroar	S
empadroarem	P
empaiolar	S
empaiolarem	P
empalamar	S
empalamarem	P
empalar	S
empalarem	P
empalear	S
empalearem	P
empalecer	S
empalecerem	P
empaletar	S
empaletarem	P
empalhar	S
empalharem	P
empalheirar	S
empalheirarem	P
empalidecer	S
empalidecerem	P
empalmar	S
empalmarem	P
empaludar	S
empaludarem	P
empampanar	S
empampanarem	P
empanar	S
empanarem	P
empancar	S
empancarem	P
empandeirar	S
empandeirarem	P
empandilhar	S
empandilharem	P
empandinar	S
empandinarem	P
empaneirar	S
empaneirarem	P
empanemar	S
empanemarem	P
empangar	S
empangarem	P
empantanar	S
empantanarem	P
empantufar	S
empantufarem	P
empanturrar	S
empanturrarem	P
empanzinar	S
empanzinarem	P
empapar	S
empaparem	P
empapelar	S
empapelarem	P
empapoilar	S
empapoilarem	P
empapuçar	S
empapuçarem	P
empaquetar	S
empaquetarem	P
empar	S
emparaisar	S
emparaisarem	P
emparar	S
empararem	P
emparcar	S
emparcarem	P
emparceirar	S
emparceirarem	P
emparcelar	S
emparcelarem	P
empardar	S
empardarem	P
empardecer	S
empardecerem	P
emparedar	S
emparedarem	P
emparelhar	S
emparelharem	P
emparem	P
emparentar	S
emparentarem	P
emparrar	S
emparrarem	P
emparreirar	S
emparreirarem	P
emparvar	S
emparvarem	P
emparvecer	S
emparvecerem	P
emparvoecer	S
emparvoecerem	P
empastar	S
empastarem	P
empastelar	S
empastelarem	P
empatar	S
empatarem	P
empaturrar	S
empaturrarem	P
empavear	S
empavearem	P
empavesar	S
empavesarem	P
empavoar	S
empavoarem	P
empavonar	S
empavonarem	P
empaçocar	S
empaçocarem	P
empear	S
empearem	P
empecadar	S
empecadarem	P
empecer	S
empecerem	P
empecilhar	S
empecilharem	P
empedernecer	S
empedernecerem	P
empedernir	S
empedernirem	P
empedrar	S
empedrarem	P
empedrenir	S
empedrenirem	P
empegar	S
empegarem	P
empeireirar	S
empeireirarem	P
empeiticar	S
empeiticarem	P
empelamar	S
empelamarem	P
empelar	S
empelarem	P
empelicar	S
empelicarem	P
empelicular	S
empelicularem	P
empelotar	S
empelotarem	P
empenachar	S
empenacharem	P
empenar	S
empenarem	P
empencar	S
empencarem	P
empendoar	S
empendoarem	P
empenhar	S
empenharem	P
empenhorar	S
empenhorarem	P
empenujar	S
empenujarem	P
empeolar	S
empeolarem	P
empepinar	S
empepinarem	P
empequenecer	S
empequenecerem	P
empequenitar	S
empequenitarem	P
emperiquitar	S
emperiquitarem	P
emperlar	S
emperlarem	P
empernar	S
empernarem	P
empernear	S
empernearem	P
empernicar	S
empernicarem	P
emperrar	S
emperrarem	P
empertigar	S
empertigarem	P
empesar	S
empesarem	P
empesgar	S
empesgarem	P
empestar	S
empestarem	P
empestear	S
empestearem	P
empetecar	S
empetecarem	P
empezar	S
empezarem	P
empezinhar	S
empezinharem	P
empeçar	S
empeçarem	P
empeçonhar	S
empeçonharem	P
empeçonhentar	S
empeçonhentarem	P
empicotar	S
empicotarem	P
empilchar	S
empilcharem	P
empilhar	S
empilharem	P
empinar	S
empinarem	P
empinhocar	S
empinhocarem	P
empiorar	S
empiorarem	P
empipar	S
empiparem	P
empipocar	S
empipocarem	P
empirrear	S
empirrearem	P
empiscar	S
empiscarem	P
empistolar	S
empistolarem	P
empiteirar	S
empiteirarem	P
emplacar	S
emplacarem	P
emplasmar	S
emplasmarem	P
emplastar	S
emplastarem	P
emplastrar	S
emplastrarem	P
emplumar	S
emplumarem	P
emplumescer	S
emplumescerem	P
empoar	S
empoarem	P
empobrecer	S
empobrecerem	P
empocilgar	S
empocilgarem	P
empoderar	S
empoderarem	P
empoeirar	S
empoeirarem	P
empolar	S
empolarem	P
empolear	S
empolearem	P
empoleirar	S
empoleirarem	P
empolgar	S
empolgarem	P
empolhar	S
empolharem	P
empolmar	S
empolmarem	P
empolvilhar	S
empolvilharem	P
empomadar	S
empomadarem	P
empombar	S
empombarem	P
emponderar	S
emponderarem	P
empontar	S
empontarem	P
empopar	S
empoparem	P
emporcalhar	S
emporcalharem	P
emporcar	S
emporcarem	P
empossar	S
empossarem	P
empostar	S
empostarem	P
empostigar	S
empostigarem	P
empoçar	S
empoçarem	P
emprateleirar	S
emprateleirarem	P
emprazar	S
emprazarem	P
empreender	S
empreenderem	P
empregar	S
empregarem	P
empreguiçar	S
empreguiçarem	P
empreitar	S
empreitarem	P
emprender	S
emprenderem	P
emprenhar	S
emprenharem	P
empresar	S
empresarem	P
emprestadar	S
emprestadarem	P
emprestar	S
emprestarem	P
empretecer	S
empretecerem	P
empretejar	S
empretejarem	P
emprisionar	S
emprisionarem	P
emproar	S
emproarem	P
empubescer	S
empubescerem	P
empulhar	S
empulharem	P
empunhar	S
empunharem	P
empunir	S
empunirem	P
empurpurar	S
empurpurarem	P
empurpurecer	S
empurpurecerem	P
empurrar	S
empurrarem	P
emputecer	S
emputecerem	P
empuxar	S
empuxarem	P
emudecer	S
emudecerem	P
emugrecer	S
emugrecerem	P
emular	S
emularem	P
emulsificar	S
emulsificarem	P
emulsionar	S
emulsionarem	P
emundar	S
emundarem	P
emuralhar	S
emuralharem	P
emurchecer	S
emurchecerem	P
enaipar	S
enaiparem	P
enaltar	S
enaltarem	P
enaltecer	S
enaltecerem	P
enamorar	S
enamorarem	P
enarrar	S
enarrarem	P
enastrar	S
enastrarem	P
enatar	S
enatarem	P
enateirar	S
enateirarem	P
enausear	S
enausearem	P
encabar	S
encabarem	P
encabeirar	S
encabeirarem	P
encabelar	S
encabelarem	P
encabelizar	S
encabelizarem	P
encabeliçar	S
encabeliçarem	P
encabeçar	S
encabeçarem	P
encabrestar	S
encabrestarem	P
encabritar	S
encabritarem	P
encabular	S
encabularem	P
encachar	S
encacharem	P
encachaçar	S
encachaçarem	P
encachiar	S
encachiarem	P
encachoeirar	S
encachoeirarem	P
encacholar	S
encacholarem	P
encadear	S
encadearem	P
encadeirar	S
encadeirarem	P
encadernar	S
encadernarem	P
encafifar	S
encafifarem	P
encafuar	S
encafuarem	P
encafurnar	S
encafurnarem	P
encaibrar	S
encaibrarem	P
encaieirar	S
encaieirarem	P
encaipirar	S
encaipirarem	P
encaiporar	S
encaiporarem	P
encaiseirar	S
encaiseirarem	P
encaixar	S
encaixarem	P
encaixotar	S
encaixotarem	P
encalacrar	S
encalacrarem	P
encalamechar	S
encalamecharem	P
encalamistrar	S
encalamistrarem	P
encalamoucar	S
encalamoucarem	P
encalar	S
encalarem	P
encalcar	S
encalcarem	P
encaldeirar	S
encaldeirarem	P
encalecer	S
encalecerem	P
encaleirar	S
encaleirarem	P
encalhar	S
encalharem	P
encalir	S
encalirem	P
encalistar	S
encalistarem	P
encalistrar	S
encalistrarem	P
encaliçar	S
encaliçarem	P
encalmar	S
encalmarem	P
encalombar	S
encalombarem	P
encalvecer	S
encalvecerem	P
encalçar	S
encalçarem	P
encamar	S
encamarem	P
encamarotar	S
encamarotarem	P
encamaçar	S
encamaçarem	P
encambar	S
encambarem	P
encambeirar	S
encambeirarem	P
encambitar	S
encambitarem	P
encamboar	S
encamboarem	P
encambonar	S
encambonarem	P
encambulhar	S
encambulharem	P
encaminhar	S
encaminharem	P
encamisar	S
encamisarem	P
encampanar	S
encampanarem	P
encampar	S
encamparem	P
encamurçar	S
encamurçarem	P
encanalhar	S
encanalharem	P
encanar	S
encanarem	P
encanastrar	S
encanastrarem	P
encancarar	S
encancararem	P
encancerar	S
encancerarem	P
encandear	S
encandearem	P
encandecer	S
encandecerem	P
encandilar	S
encandilarem	P
encanecer	S
encanecerem	P
encanelar	S
encanelarem	P
encanfinfar	S
encanfinfarem	P
encangalhar	S
encangalharem	P
encangar	S
encangarem	P
encangotar	S
encangotarem	P
encanicar	S
encanicarem	P
encaniçar	S
encaniçarem	P
encanoar	S
encanoarem	P
encantar	S
encantarem	P
encanteirar	S
encanteirarem	P
encantinar	S
encantinarem	P
encantoar	S
encantoarem	P
encantonar	S
encantonarem	P
encanudar	S
encanudarem	P
encanzinar	S
encanzinarem	P
encanzoar	S
encanzoarem	P
encapachar	S
encapacharem	P
encapar	S
encaparem	P
encapelar	S
encapelarem	P
encapetar	S
encapetarem	P
encapoeirar	S
encapoeirarem	P
encapotar	S
encapotarem	P
encaprichar	S
encapricharem	P
encapsular	S
encapsularem	P
encapuchar	S
encapucharem	P
encapuzar	S
encapuzarem	P
encaracolar	S
encaracolarem	P
encaramanchar	S
encaramancharem	P
encaramelar	S
encaramelarem	P
encaramonar	S
encaramonarem	P
encaramujar	S
encaramujarem	P
encarangar	S
encarangarem	P
encaranguejar	S
encaranguejarem	P
encarapelar	S
encarapelarem	P
encarapinhar	S
encarapinharem	P
encarapitar	S
encarapitarem	P
encarapuçar	S
encarapuçarem	P
encarar	S
encararem	P
encaravelhar	S
encaravelharem	P
encarcerar	S
encarcerarem	P
encarchar	S
encarcharem	P
encardir	S
encardirem	P
encardumar	S
encardumarem	P
encarecer	S
encarecerem	P
encarentar	S
encarentarem	P
encaretar	S
encaretarem	P
encargar	S
encargarem	P
encarijar	S
encarijarem	P
encariocar	S
encariocarem	P
encarioquizar	S
encarioquizarem	P
encarnar	S
encarnarem	P
encarneirar	S
encarneirarem	P
encarniçar	S
encarniçarem	P
encarochar	S
encarocharem	P
encaroçar	S
encaroçarem	P
encarpetar	S
encarpetarem	P
encarquilhar	S
encarquilharem	P
encarrancar	S
encarrancarem	P
encarrapichar	S
encarrapicharem	P
encarrapitar	S
encarrapitarem	P
encarrar	S
encarrarem	P
encarrascar	S
encarrascarem	P
encarraspanar	S
encarraspanarem	P
encarregar	S
encarregarem	P
encarreirar	S
encarreirarem	P
encarretar	S
encarretarem	P
encarrilar	S
encarrilarem	P
encarrilhar	S
encarrilharem	P
encartar	S
encartarem	P
encartolar	S
encartolarem	P
encartuchar	S
encartucharem	P
encarvoar	S
encarvoarem	P
encarvoejar	S
encarvoejarem	P
encarvoiçar	S
encarvoiçarem	P
encasacar	S
encasacarem	P
encasar	S
encasarem	P
encascalhar	S
encascalharem	P
encascar	S
encascarem	P
encasmurrar	S
encasmurrarem	P
encasquetar	S
encasquetarem	P
encasquilhar	S
encasquilharem	P
encastalhar	S
encastalharem	P
encastelar	S
encastelarem	P
encastoar	S
encastoarem	P
encastrar	S
encastrarem	P
encasular	S
encasularem	P
encataplasmar	S
encataplasmarem	P
encatarrar	S
encatarrarem	P
encatarroar	S
encatarroarem	P
encatrafiar	S
encatrafiarem	P
encatramonar	S
encatramonarem	P
encatrinar	S
encatrinarem	P
encauchar	S
encaucharem	P
encausticar	S
encausticarem	P
encavacar	S
encavacarem	P
encavalar	S
encavalarem	P
encavaleirar	S
encavaleirarem	P
encavalgar	S
encavalgarem	P
encavalitar	S
encavalitarem	P
encavar	S
encavarem	P
encavernar	S
encavernarem	P
encavilhar	S
encavilharem	P
encaxilhar	S
encaxilharem	P
encaçapar	S
encaçaparem	P
encedrar	S
encedrarem	P
encegar	S
encegarem	P
enceguecer	S
enceguecerem	P
encegueirar	S
encegueirarem	P
enceirar	S
enceirarem	P
encelar	S
encelarem	P
enceleirar	S
enceleirarem	P
encenar	S
encenarem	P
encender	S
encenderem	P
encendrar	S
encendrarem	P
encensoriar	S
encensoriarem	P
encentrar	S
encentrarem	P
encepar	S
enceparem	P
encerar	S
encerarem	P
encercar	S
encercarem	P
encerebrar	S
encerebrarem	P
enceroilar	S
enceroilarem	P
enceroular	S
enceroularem	P
encerrar	S
encerrarem	P
encertar	S
encertarem	P
encervejar	S
encervejarem	P
encestar	S
encestarem	P
encetar	S
encetarem	P
encevar	S
encevarem	P
enchacotar	S
enchacotarem	P
enchafurdar	S
enchafurdarem	P
enchamejar	S
enchamejarem	P
enchapelar	S
enchapelarem	P
enchapotar	S
enchapotarem	P
encharcar	S
encharcarem	P
encharolar	S
encharolarem	P
enchavetar	S
enchavetarem	P
encher	S
encherem	P
enchicharrar	S
enchicharrarem	P
enchimarrar	S
enchimarrarem	P
enchiqueirar	S
enchiqueirarem	P
enchocalhar	S
enchocalharem	P
enchoiriçar	S
enchoiriçarem	P
enchouriçar	S
enchouriçarem	P
enchoçar	S
enchoçarem	P
enchumaçar	S
enchumaçarem	P
enchumbar	S
enchumbarem	P
enchusmar	S
enchusmarem	P
encieirar	S
encieirarem	P
encilhar	S
encilharem	P
encimar	S
encimarem	P
encinchar	S
encincharem	P
encinhar	S
encinharem	P
encintar	S
encintarem	P
encinzar	S
encinzarem	P
encirrar	S
encirrarem	P
encistar	S
encistarem	P
enciumar	S
enciumarem	P
enclaustrar	S
enclaustrarem	P
enclausurar	S
enclausurarem	P
enclavinhar	S
enclavinharem	P
encloacar	S
encloacarem	P
encloar	S
encloarem	P
encobadar	S
encobadarem	P
encobertar	S
encobertarem	P
encobrir	S
encobrirem	P
encocurutar	S
encocurutarem	P
encodar	S
encodarem	P
encodear	S
encodearem	P
encofar	S
encofarem	P
encofrar	S
encofrarem	P
encoifar	S
encoifarem	P
encoimar	S
encoimarem	P
encoirar	S
encoirarem	P
encoiraçar	S
encoiraçarem	P
encoitar	S
encoitarem	P
encoivarar	S
encoivararem	P
encolar	S
encolarem	P
encoleirar	S
encoleirarem	P
encolerizar	S
encolerizarem	P
encolher	S
encolherem	P
encomendar	S
encomendarem	P
encomiar	S
encomiarem	P
encomissar	S
encomissarem	P
encomorouçar	S
encomorouçarem	P
encomoroçar	S
encomoroçarem	P
encompridar	S
encompridarem	P
enconcar	S
enconcarem	P
enconchar	S
enconcharem	P
encondar	S
encondarem	P
encontrar	S
encontrarem	P
encontroar	S
encontroarem	P
encopar	S
encoparem	P
encoquinar	S
encoquinarem	P
encoquinhar	S
encoquinharem	P
encorajar	S
encorajarem	P
encorcundar	S
encorcundarem	P
encordoar	S
encordoarem	P
encornar	S
encornarem	P
encornetar	S
encornetarem	P
encoronhar	S
encoronharem	P
encorpar	S
encorparem	P
encorporar	S
encorporarem	P
encorrear	S
encorrearem	P
encorrentar	S
encorrentarem	P
encorriar	S
encorriarem	P
encorricar	S
encorricarem	P
encorrilhar	S
encorrilharem	P
encorrugir	S
encorrugirem	P
encortelhar	S
encortelharem	P
encortinar	S
encortinarem	P
encortiçar	S
encortiçarem	P
encorujar	S
encorujarem	P
encoscorar	S
encoscorarem	P
encospiar	S
encospiarem	P
encostalar	S
encostalarem	P
encostar	S
encostarem	P
encostelar	S
encostelarem	P
encouchar	S
encoucharem	P
encourar	S
encourarem	P
encouraçar	S
encouraçarem	P
encovar	S
encovardar	S
encovardarem	P
encovarem	P
encovilar	S
encovilarem	P
encovitar	S
encovitarem	P
encrassar	S
encrassarem	P
encravar	S
encravarem	P
encravelhar	S
encravelharem	P
encravilhar	S
encravilharem	P
encrencar	S
encrencarem	P
encrespar	S
encresparem	P
encrisar	S
encrisarem	P
encristar	S
encristarem	P
encrostar	S
encrostarem	P
encruar	S
encruarem	P
encrudelecer	S
encrudelecerem	P
encrudescer	S
encrudescerem	P
encruecer	S
encruecerem	P
encruelecer	S
encruelecerem	P
encruentar	S
encruentarem	P
encrustar	S
encrustarem	P
encruzar	S
encruzarem	P
encruzilhar	S
encruzilharem	P
encubar	S
encubarem	P
encucar	S
encucarem	P
encucharrar	S
encucharrarem	P
encueirar	S
encueirarem	P
encumear	S
encumearem	P
encurralar	S
encurralarem	P
encurtar	S
encurtarem	P
encurvar	S
encurvarem	P
encutinhar	S
encutinharem	P
endechar	S
endecharem	P
endefluxar	S
endefluxarem	P
endemoninhar	S
endemoninharem	P
endentar	S
endentarem	P
endentecer	S
endentecerem	P
endereçar	S
endereçarem	P
endeusar	S
endeusarem	P
endiabrar	S
endiabrarem	P
endinheirar	S
endinheirarem	P
endireitar	S
endireitarem	P
endividar	S
endividarem	P
endoidar	S
endoidarem	P
endoidecer	S
endoidecerem	P
endolorecer	S
endolorecerem	P
endomingar	S
endomingarem	P
endorsar	S
endorsarem	P
endossar	S
endossarem	P
endoudar	S
endoudarem	P
endoudecer	S
endoudecerem	P
endoutrinar	S
endoutrinarem	P
endurar	S
endurarem	P
endurecer	S
endurecerem	P
endurentar	S
endurentarem	P
enegrecer	S
enegrecerem	P
enervar	S
enervarem	P
enesgar	S
enesgarem	P
enevoar	S
enevoarem	P
enfadar	S
enfadarem	P
enfaixar	S
enfaixarem	P
enfanicar	S
enfanicarem	P
enfarar	S
enfararem	P
enfardar	S
enfardarem	P
enfardelar	S
enfardelarem	P
enfarear	S
enfarearem	P
enfarelar	S
enfarelarem	P
enfarinhar	S
enfarinharem	P
enfaroar	S
enfaroarem	P
enfarpelar	S
enfarpelarem	P
enfarrapar	S
enfarraparem	P
enfarruscar	S
enfarruscarem	P
enfartar	S
enfartarem	P
enfasar	S
enfasarem	P
enfastiar	S
enfastiarem	P
enfatiotar	S
enfatiotarem	P
enfatizar	S
enfatizarem	P
enfatuar	S
enfatuarem	P
enfear	S
enfearem	P
enfebrecer	S
enfebrecerem	P
enfeirar	S
enfeirarem	P
enfeitar	S
enfeitarem	P
enfeitiçar	S
enfeitiçarem	P
enfeixar	S
enfeixarem	P
enfelpar	S
enfelparem	P
enfeltrar	S
enfeltrarem	P
enfelujar	S
enfelujarem	P
enfermar	S
enfermarem	P
enfernizar	S
enfernizarem	P
enferretar	S
enferretarem	P
enferrujar	S
enferrujarem	P
enfervecer	S
enfervecerem	P
enfestar	S
enfestarem	P
enfestoar	S
enfestoarem	P
enfeudar	S
enfeudarem	P
enfezar	S
enfezarem	P
enfiar	S
enfiarem	P
enfieirar	S
enfieirarem	P
enfileirar	S
enfileirarem	P
enfincar	S
enfincarem	P
enfistular	S
enfistularem	P
enfitar	S
enfitarem	P
enfiteuticar	S
enfiteuticarem	P
enfivelar	S
enfivelarem	P
enfixar	S
enfixarem	P
enflanelar	S
enflanelarem	P
enflorar	S
enflorarem	P
enflorear	S
enflorearem	P
enflorescer	S
enflorescerem	P
enfobiar	S
enfobiarem	P
enfocar	S
enfocarem	P
enfogar	S
enfogarem	P
enfolar	S
enfolarem	P
enfolechar	S
enfolecharem	P
enfolhar	S
enfolharem	P
enfolipar	S
enfoliparem	P
enforcar	S
enforcarem	P
enforjar	S
enforjarem	P
enformar	S
enformarem	P
enformosar	S
enformosarem	P
enfornar	S
enfornarem	P
enforquilhar	S
enforquilharem	P
enfortar	S
enfortarem	P
enfortecer	S
enfortecerem	P
enfortir	S
enfortirem	P
enfragar	S
enfragarem	P
enfranquear	S
enfranquearem	P
enfranquecer	S
enfranquecerem	P
enfraquecer	S
enfraquecerem	P
enfraquentar	S
enfraquentarem	P
enfrascar	S
enfrascarem	P
enfrear	S
enfrearem	P
enfrechar	S
enfrecharem	P
enfrenar	S
enfrenarem	P
enfrenesiar	S
enfrenesiarem	P
enfrentar	S
enfrentarem	P
enfrestar	S
enfrestarem	P
enfriar	S
enfriarem	P
enfroixecer	S
enfroixecerem	P
enfrondar	S
enfrondarem	P
enfronhar	S
enfronharem	P
enfrouxecer	S
enfrouxecerem	P
enfrutar	S
enfrutarem	P
enfrutecer	S
enfrutecerem	P
enfuar	S
enfuarem	P
enfueirar	S
enfueirarem	P
enfulijar	S
enfulijarem	P
enfumar	S
enfumarar	S
enfumararem	P
enfumarem	P
enfumaçar	S
enfumaçarem	P
enfunar	S
enfunarem	P
enfunicar	S
enfunicarem	P
enfunilar	S
enfunilarem	P
enfurecer	S
enfurecerem	P
enfuriar	S
enfuriarem	P
enfurnar	S
enfurnarem	P
enfusar	S
enfusarem	P
enfuscar	S
enfuscarem	P
enfustar	S
enfustarem	P
engabelar	S
engabelarem	P
engadanhar	S
engadanharem	P
engadelhar	S
engadelharem	P
engafecer	S
engafecerem	P
engaiar	S
engaiarem	P
engaifonar	S
engaifonarem	P
engaiolar	S
engaiolarem	P
engajar	S
engajarem	P
engalanar	S
engalanarem	P
engalanear	S
engalanearem	P
engalanecer	S
engalanecerem	P
engalar	S
engalarem	P
engalfinhar	S
engalfinharem	P
engalgar	S
engalgarem	P
engalhadecer	S
engalhadecerem	P
engalhar	S
engalhardear	S
engalhardearem	P
engalhardetar	S
engalhardetarem	P
engalharem	P
engalicar	S
engalicarem	P
engalinhar	S
engalinharem	P
engalispar	S
engalisparem	P
engalriçar	S
engalriçarem	P
engambelar	S
engambelarem	P
engambitar	S
engambitarem	P
enganar	S
enganarem	P
enganchar	S
engancharem	P
enganir	S
enganirem	P
engar	S
engarampar	S
engaramparem	P
engaranhar	S
engaranharem	P
engarantar	S
engarantarem	P
engarapar	S
engaraparem	P
engaravitar	S
engaravitarem	P
engarem	P
engarfar	S
engarfarem	P
engargalhar	S
engargalharem	P
engargantar	S
engargantarem	P
engarnachar	S
engarnacharem	P
engarrafar	S
engarrafarem	P
engarupar	S
engaruparem	P
engasgalhar	S
engasgalharem	P
engasgar	S
engasgarem	P
engastalhar	S
engastalharem	P
engastar	S
engastarem	P
engastoar	S
engastoarem	P
engatar	S
engatarem	P
engatilhar	S
engatilharem	P
engatinhar	S
engatinharem	P
engavelar	S
engavelarem	P
engavetar	S
engavetarem	P
engavinhar	S
engavinharem	P
engazofilar	S
engazofilarem	P
engazopar	S
engazoparem	P
engazupar	S
engazuparem	P
engaçar	S
engaçarem	P
engelhar	S
engelharem	P
engendrar	S
engendrarem	P
engenhar	S
engenharem	P
engessar	S
engessarem	P
engigar	S
engigarem	P
englobar	S
englobarem	P
englobular	S
englobularem	P
engodar	S
engodarem	P
engodilhar	S
engodilharem	P
engoiar	S
engoiarem	P
engolfar	S
engolfarem	P
engolipar	S
engoliparem	P
engolir	S
engolirem	P
engomar	S
engomarem	P
engonçar	S
engonçarem	P
engordar	S
engordarem	P
engordurar	S
engordurarem	P
engorolar	S
engorolarem	P
engorrar	S
engorrarem	P
engradar	S
engradarem	P
engradear	S
engradearem	P
engradecer	S
engradecerem	P
engraecer	S
engraecerem	P
engraixar	S
engraixarem	P
engrampar	S
engramparem	P
engrandecer	S
engrandecerem	P
engranponar	S
engranponarem	P
engranzar	S
engranzarem	P
engrassar	S
engrassarem	P
engravatar	S
engravatarem	P
engravatizar	S
engravatizarem	P
engravescer	S
engravescerem	P
engravidar	S
engravidarem	P
engravitar	S
engravitarem	P
engraxar	S
engraxarem	P
engrazar	S
engrazarem	P
engrazular	S
engrazularem	P
engraçar	S
engraçarem	P
engrelar	S
engrelarem	P
engrenar	S
engrenarem	P
engrenhar	S
engrenharem	P
engrifar	S
engrifarem	P
engrilar	S
engrilarem	P
engrimar	S
engrimarem	P
engrimpar	S
engrimparem	P
engrimpinar	S
engrimpinarem	P
engrimponar	S
engrimponarem	P
engrinaldar	S
engrinaldarem	P
engripar	S
engriparem	P
engrolar	S
engrolarem	P
engrossar	S
engrossarem	P
engrotar	S
engrotarem	P
engrujar	S
engrujarem	P
engrumar	S
engrumarem	P
engrumecer	S
engrumecerem	P
engrunhir	S
engrunhirem	P
engrupir	S
engrupirem	P
enguedelhar	S
enguedelharem	P
enguirlandar	S
enguirlandarem	P
enguizalhar	S
enguizalharem	P
enguiçar	S
enguiçarem	P
engulhar	S
engulharem	P
engulipar	S
enguliparem	P
engulodinar	S
engulodinarem	P
engulosinar	S
engulosinarem	P
engunhar	S
engunharem	P
engurujar	S
engurujarem	P
enigmar	S
enigmarem	P
enjambrar	S
enjambrarem	P
enjangar	S
enjangarem	P
enjaular	S
enjaularem	P
enjeirar	S
enjeirarem	P
enjeitar	S
enjeitarem	P
enjerir	S
enjerirem	P
enjerizar	S
enjerizarem	P
enjicar	S
enjicarem	P
enjoar	S
enjoarem	P
enjoiar	S
enjoiarem	P
enjorcar	S
enjorcarem	P
enjugar	S
enjugarem	P
enlabiar	S
enlabiarem	P
enlabirintar	S
enlabirintarem	P
enlabuzar	S
enlabuzarem	P
enlacrar	S
enlacrarem	P
enladeirar	S
enladeirarem	P
enlagar	S
enlagarem	P
enlaivar	S
enlaivarem	P
enlambujar	S
enlambujarem	P
enlambuzar	S
enlambuzarem	P
enlamear	S
enlamearem	P
enlaminar	S
enlaminarem	P
enlanguescer	S
enlanguescerem	P
enlanzar	S
enlanzarem	P
enlapar	S
enlaparem	P
enlastrar	S
enlastrarem	P
enlatar	S
enlatarem	P
enlaçar	S
enlaçarem	P
enlear	S
enlearem	P
enleivar	S
enleivarem	P
enlerdar	S
enlerdarem	P
enlevar	S
enlevarem	P
enlhear	S
enlhearem	P
enlividecer	S
enlividecerem	P
enliçar	S
enliçarem	P
enlocar	S
enlocarem	P
enlodar	S
enlodarem	P
enlodaçar	S
enlodaçarem	P
enloirar	S
enloirarem	P
enloirecer	S
enloirecerem	P
enloisar	S
enloisarem	P
enloiçar	S
enloiçarem	P
enlojar	S
enlojarem	P
enlombar	S
enlombarem	P
enlorpecer	S
enlorpecerem	P
enlouquecer	S
enlouquecerem	P
enlourar	S
enlourarem	P
enlourecer	S
enlourecerem	P
enlousar	S
enlousarem	P
enlouçar	S
enlouçarem	P
enluarar	S
enluararem	P
enludrar	S
enludrarem	P
enlurar	S
enlurarem	P
enlutar	S
enlutarem	P
enluvar	S
enluvarem	P
ennodar	S
ennodarem	P
enobrecer	S
enobrecerem	P
enodar	S
enodarem	P
enodoar	S
enodoarem	P
enoiriçar	S
enoiriçarem	P
enoitar	S
enoitarem	P
enoitecer	S
enoitecerem	P
enojar	S
enojarem	P
enosilhar	S
enosilharem	P
enouriçar	S
enouriçarem	P
enoutecer	S
enoutecerem	P
enovelar	S
enovelarem	P
enquadrar	S
enquadrarem	P
enquadrilhar	S
enquadrilharem	P
enquartar	S
enquartarem	P
enqueijar	S
enqueijarem	P
enquilhar	S
enquilharem	P
enquistar	S
enquistarem	P
enquizilar	S
enquizilarem	P
enrabar	S
enrabarem	P
enrabeirar	S
enrabeirarem	P
enrabichar	S
enrabicharem	P
enraiar	S
enraiarem	P
enraivar	S
enraivarem	P
enraivecer	S
enraivecerem	P
enraizar	S
enraizarem	P
enramalhar	S
enramalharem	P
enramalhetar	S
enramalhetarem	P
enramar	S
enramarem	P
enramear	S
enramearem	P
enramilhetar	S
enramilhetarem	P
enranchar	S
enrancharem	P
enrançar	S
enrançarem	P
enrarecer	S
enrarecerem	P
enrascar	S
enrascarem	P
enratar	S
enratarem	P
enraçar	S
enraçarem	P
enredar	S
enredarem	P
enredear	S
enredearem	P
enredoiçar	S
enredoiçarem	P
enredouçar	S
enredouçarem	P
enregelar	S
enregelarem	P
enreixar	S
enreixarem	P
enrelhar	S
enrelharem	P
enrelvar	S
enrelvarem	P
enremessar	S
enremessarem	P
enremissar	S
enremissarem	P
enrenquear	S
enrenquearem	P
enrepolhar	S
enrepolharem	P
enresinar	S
enresinarem	P
enresmar	S
enresmarem	P
enrestar	S
enrestarem	P
enrestiar	S
enrestiarem	P
enrevesar	S
enrevesarem	P
enriar	S
enriarem	P
enricar	S
enricarem	P
enriconar	S
enriconarem	P
enrijar	S
enrijarem	P
enrijecer	S
enrijecerem	P
enrilhar	S
enrilharem	P
enriminar	S
enriminarem	P
enrinconar	S
enrinconarem	P
enripar	S
enriparem	P
enriquecer	S
enriquecerem	P
enristar	S
enristarem	P
enrizar	S
enrizarem	P
enriçar	S
enriçarem	P
enrobustecer	S
enrobustecerem	P
enrocar	S
enrocarem	P
enrochar	S
enrocharem	P
enrodelar	S
enrodelarem	P
enrodilhar	S
enrodilharem	P
enrodrigar	S
enrodrigarem	P
enrolar	S
enrolarem	P
enrolhar	S
enrolharem	P
enroscar	S
enroscarem	P
enrostar	S
enrostarem	P
enroupar	S
enrouparem	P
enrouquecer	S
enrouquecerem	P
enroxar	S
enroxarem	P
enrubescer	S
enrubescerem	P
enrudecer	S
enrudecerem	P
enrufar	S
enrufarem	P
enrugar	S
enrugarem	P
enruminar	S
enruminarem	P
enrustir	S
enrustirem	P
enruçar	S
enruçarem	P
ensaboar	S
ensaboarem	P
ensaburrar	S
ensaburrarem	P
ensacar	S
ensacarem	P
ensaiar	S
ensaiarem	P
ensaibrar	S
ensaibrarem	P
ensalmar	S
ensalmarem	P
ensalmoirar	S
ensalmoirarem	P
ensalmourar	S
ensalmourarem	P
ensamarrar	S
ensamarrarem	P
ensambenitar	S
ensambenitarem	P
ensamblar	S
ensamblarem	P
ensanchar	S
ensancharem	P
ensandalar	S
ensandalarem	P
ensandecer	S
ensandecerem	P
ensanefar	S
ensanefarem	P
ensanguentar	S
ensanguentarem	P
ensanguinhar	S
ensanguinharem	P
ensanhar	S
ensanharem	P
ensardinar	S
ensardinarem	P
ensarilhar	S
ensarilharem	P
ensarnecer	S
ensarnecerem	P
ensarrafar	S
ensarrafarem	P
ensartar	S
ensartarem	P
ensaudar	S
ensaudarem	P
ensaudecer	S
ensaudecerem	P
ensebar	S
ensebarem	P
ensecar	S
ensecarem	P
ensedar	S
ensedarem	P
enseirar	S
enseirarem	P
enseivar	S
enseivarem	P
ensejar	S
ensejarem	P
ensementar	S
ensementarem	P
ensenhorear	S
ensenhorearem	P
ensilar	S
ensilarem	P
ensilvar	S
ensilvarem	P
ensilverar	S
ensilverarem	P
ensimesmar	S
ensimesmarem	P
ensinar	S
ensinarem	P
ensoar	S
ensoarem	P
ensoberbar	S
ensoberbarem	P
ensoberbecer	S
ensoberbecerem	P
ensobradar	S
ensobradarem	P
ensofregar	S
ensofregarem	P
ensogar	S
ensogarem	P
ensoleirar	S
ensoleirarem	P
ensolvar	S
ensolvarem	P
ensombrar	S
ensombrarem	P
ensombrear	S
ensombrearem	P
ensombrecer	S
ensombrecerem	P
ensopar	S
ensoparem	P
ensopear	S
ensopearem	P
ensorear	S
ensorearem	P
ensornar	S
ensornarem	P
ensossar	S
ensossarem	P
ensovacar	S
ensovacarem	P
ensumagrar	S
ensumagrarem	P
ensurdecer	S
ensurdecerem	P
ensurroar	S
ensurroarem	P
entabocar	S
entabocarem	P
entabuar	S
entabuarem	P
entabular	S
entabularem	P
entachar	S
entacharem	P
entaipar	S
entaiparem	P
entalar	S
entalarem	P
entalecer	S
entalecerem	P
entaleigar	S
entaleigarem	P
entalhar	S
entalharem	P
entalir	S
entalirem	P
entaliscar	S
entaliscarem	P
entaloar	S
entaloarem	P
entancar	S
entancarem	P
entanguecer	S
entanguecerem	P
entanguir	S
entanguirem	P
entaniçar	S
entaniçarem	P
entapetar	S
entapetarem	P
entapizar	S
entapizarem	P
entaramelar	S
entaramelarem	P
entardecer	S
entardecerem	P
entarraxar	S
entarraxarem	P
entear	S
entearem	P
entecar	S
entecarem	P
entecer	S
entecerem	P
entediar	S
entediarem	P
entejar	S
entejarem	P
entelar	S
entelarem	P
entelhar	S
entelharem	P
entender	S
entenderem	P
entenebrar	S
entenebrarem	P
entenebrecer	S
entenebrecerem	P
entenrecer	S
entenrecerem	P
entepidecer	S
entepidecerem	P
enternecer	S
enternecerem	P
enterrar	S
enterrarem	P
enterreirar	S
enterreirarem	P
enterroar	S
enterroarem	P
entertiver	S
entertiverem	P
enterturbar	S
enterturbarem	P
entesar	S
entesarem	P
entesoirar	S
entesoirarem	P
entesourar	S
entesourarem	P
entestar	S
entestarem	P
entibecer	S
entibecerem	P
entibiar	S
entibiarem	P
enticar	S
enticarem	P
entijolar	S
entijolarem	P
entijucar	S
entijucarem	P
entintar	S
entintarem	P
entisicar	S
entisicarem	P
entivar	S
entivarem	P
entoar	S
entoarem	P
entocar	S
entocarem	P
entogar	S
entogarem	P
entoicerar	S
entoicerarem	P
entoiçar	S
entoiçarem	P
entojar	S
entojarem	P
entoldar	S
entoldarem	P
entolhar	S
entolharem	P
entonar	S
entonarem	P
entontar	S
entontarem	P
entontecer	S
entontecerem	P
entornar	S
entornarem	P
entorpecer	S
entorpecerem	P
entorroar	S
entorroarem	P
entortar	S
entortarem	P
entoucar	S
entoucarem	P
entouceirar	S
entouceirarem	P
entourar	S
entourarem	P
entourir	S
entourirem	P
entouçar	S
entouçarem	P
entrabrir	S
entrabrirem	P
entrajar	S
entrajarem	P
entralhar	S
entralharem	P
entramar	S
entramarem	P
entrambicar	S
entrambicarem	P
entranhar	S
entranharem	P
entranqueirar	S
entranqueirarem	P
entrançar	S
entrançarem	P
entrapar	S
entraparem	P
entrar	S
entrarem	P
entrastar	S
entrastarem	P
entravar	S
entravarem	P
entravessar	S
entravessarem	P
entreabrir	S
entreabrirem	P
entreadivinhar	S
entreadivinharem	P
entreamar	S
entreamarem	P
entreaparecer	S
entreaparecerem	P
entrebater	S
entrebaterem	P
entrebeijar	S
entrebeijarem	P
entrecerrar	S
entrecerrarem	P
entrechar	S
entrecharem	P
entrechocar	S
entrechocarem	P
entrecolher	S
entrecolherem	P
entreconhecer	S
entreconhecerem	P
entrecorrer	S
entrecorrerem	P
entrecortar	S
entrecortarem	P
entrecozer	S
entrecozerem	P
entrecruzar	S
entrecruzarem	P
entredevorar	S
entredevorarem	P
entredilacelar	S
entredilacelarem	P
entredisputar	S
entredisputarem	P
entredisser	S
entredisserem	P
entredizimar	S
entredizimarem	P
entrefalar	S
entrefalarem	P
entrefechar	S
entrefecharem	P
entrefestejar	S
entrefestejarem	P
entrefigurar	S
entrefigurarem	P
entrefolhar	S
entrefolharem	P
entregar	S
entregarem	P
entrelaçar	S
entrelaçarem	P
entrelembrar	S
entrelembrarem	P
entreler	S
entrelerem	P
entreligar	S
entreligarem	P
entrelinhar	S
entrelinharem	P
entreluzir	S
entreluzirem	P
entremarrar	S
entremarrarem	P
entrematar	S
entrematarem	P
entremear	S
entremearem	P
entremesclar	S
entremesclarem	P
entremeter	S
entremeterem	P
entremisturar	S
entremisturarem	P
entremorder	S
entremorderem	P
entremostrar	S
entremostrarem	P
entrenublar	S
entrenublarem	P
entreolhar	S
entreolharem	P
entreouvir	S
entreouvirem	P
entreparar	S
entrepararem	P
entrepassar	S
entrepassarem	P
entrepelejar	S
entrepelejarem	P
entrepensar	S
entrepensarem	P
entreperceber	S
entreperceberem	P
entreplicar	S
entreplicarem	P
entreprender	S
entreprenderem	P
entrepuser	S
entrepuserem	P
entrequis	S
entrequisem	P
entrerrealizar	S
entrerrealizarem	P
entrerregar	S
entrerregarem	P
entrescolher	S
entrescolherem	P
entrescutar	S
entrescutarem	P
entresilhar	S
entresilharem	P
entressacar	S
entressacarem	P
entressachar	S
entressacharem	P
entressemear	S
entressemearem	P
entressentir	S
entressentirem	P
entressolhar	S
entressolharem	P
entressonhar	S
entressonharem	P
entressorrir	S
entressorrirem	P
entretalhar	S
entretalharem	P
entretecer	S
entretecerem	P
entretelar	S
entretelarem	P
entretiver	S
entretiverem	P
entreturbar	S
entreturbarem	P
entreunir	S
entreunirem	P
entrevar	S
entrevarem	P
entrevecer	S
entrevecerem	P
entrevencer	S
entrevencerem	P
entreverar	S
entreverarem	P
entrevier	S
entrevierem	P
entrevir	S
entrevirem	P
entrevirgular	S
entrevirgularem	P
entrevistar	S
entrevistarem	P
entrezar	S
entrezarem	P
entrilhar	S
entrilharem	P
entrincheirar	S
entrincheirarem	P
entristecer	S
entristecerem	P
entrizar	S
entrizarem	P
entroixar	S
entroixarem	P
entrombar	S
entrombarem	P
entronar	S
entronarem	P
entroncar	S
entroncarem	P
entronchar	S
entroncharem	P
entronear	S
entronearem	P
entronizar	S
entronizarem	P
entronquecer	S
entronquecerem	P
entropeçar	S
entropeçarem	P
entropicar	S
entropicarem	P
entropigaitar	S
entropigaitarem	P
entropilhar	S
entropilharem	P
entrosar	S
entrosarem	P
entrouxar	S
entrouxarem	P
entroviscar	S
entroviscarem	P
entrudar	S
entrudarem	P
entrunfar	S
entrunfarem	P
entuchar	S
entucharem	P
entufar	S
entufarem	P
entujucar	S
entujucarem	P
entulhar	S
entulharem	P
entupigaitar	S
entupigaitarem	P
entupir	S
entupirem	P
enturbar	S
enturbarem	P
enturmar	S
enturmarem	P
enturvar	S
enturvarem	P
enturvecer	S
enturvecerem	P
enturviscar	S
enturviscarem	P
entusiasmar	S
entusiasmarem	P
enublar	S
enublarem	P
enuclear	S
enuclearem	P
enumerar	S
enumerarem	P
enunciar	S
enunciarem	P
enuviar	S
enuviarem	P
envaginar	S
envaginarem	P
envaidar	S
envaidarem	P
envaidecer	S
envaidecerem	P
envalar	S
envalarem	P
envalecer	S
envalecerem	P
envanecer	S
envanecerem	P
envarar	S
envararem	P
envaretar	S
envaretarem	P
envasar	S
envasarem	P
envasilhar	S
envasilharem	P
envazar	S
envazarem	P
envelhacar	S
envelhacarem	P
envelhecer	S
envelhecerem	P
envelhentar	S
envelhentarem	P
envelopar	S
enveloparem	P
envencilhar	S
envencilharem	P
envenenar	S
envenenarem	P
enventanar	S
enventanarem	P
enverdecer	S
enverdecerem	P
enverdejar	S
enverdejarem	P
enveredar	S
enveredarem	P
envergar	S
envergarem	P
envergonhar	S
envergonharem	P
envermelhar	S
envermelharem	P
envermelhecer	S
envermelhecerem	P
envernizar	S
envernizarem	P
enverrugar	S
enverrugarem	P
envesar	S
envesarem	P
envesgar	S
envesgarem	P
envessar	S
envessarem	P
enviar	S
enviarem	P
envidar	S
envidarem	P
envidilhar	S
envidilharem	P
envidraçar	S
envidraçarem	P
envieirar	S
envieirarem	P
enviesar	S
enviesarem	P
envigar	S
envigarem	P
envigorar	S
envigorarem	P
envigotar	S
envigotarem	P
envilecer	S
envilecerem	P
envinagrar	S
envinagrarem	P
envincilhar	S
envincilharem	P
enviperar	S
enviperarem	P
enviscar	S
enviscarem	P
envisgar	S
envisgarem	P
enviuvar	S
enviuvarem	P
enviveirar	S
enviveirarem	P
enviçar	S
enviçarem	P
envolver	S
envolverem	P
enxadar	S
enxadarem	P
enxadrezar	S
enxadrezarem	P
enxaguar	S
enxaguarem	P
enxaimear	S
enxaimearem	P
enxalavar	S
enxalavarem	P
enxalaviar	S
enxalaviarem	P
enxalmar	S
enxalmarem	P
enxambrar	S
enxambrarem	P
enxamear	S
enxamearem	P
enxaquetar	S
enxaquetarem	P
enxarciar	S
enxarciarem	P
enxaropar	S
enxaroparem	P
enxequetar	S
enxequetarem	P
enxercar	S
enxercarem	P
enxergar	S
enxergarem	P
enxerir	S
enxerirem	P
enxertar	S
enxertarem	P
enxiar	S
enxiarem	P
enxilhar	S
enxilharem	P
enxofrar	S
enxofrarem	P
enxombrar	S
enxombrarem	P
enxorar	S
enxorarem	P
enxotar	S
enxotarem	P
enxovalhar	S
enxovalharem	P
enxovar	S
enxovarem	P
enxugar	S
enxugarem	P
enxumbrar	S
enxumbrarem	P
enxundiar	S
enxundiarem	P
enxurdar	S
enxurdarem	P
enxurrar	S
enxurrarem	P
enzampar	S
enzamparem	P
enzonar	S
enzonarem	P
enzonzar	S
enzonzarem	P
ençampar	S
ençamparem	P
epicurizar	S
epicurizarem	P
epidemiar	S
epidemiarem	P
epigenizar	S
epigenizarem	P
epigrafar	S
epigrafarem	P
epigramar	S
epigramarem	P
epigramaticar	S
epigramaticarem	P
epigramatizar	S
epigramatizarem	P
epilogar	S
epilogarem	P
episodiar	S
episodiarem	P
epistar	S
epistarem	P
epistolar	S
epistolarem	P
epitetar	S
epitetarem	P
epitomar	S
epitomarem	P
equacionar	S
equacionarem	P
equidistar	S
equidistarem	P
equilibrar	S
equilibrarem	P
equimosar	S
equimosarem	P
equipar	S
equiparar	S
equipararem	P
equiparem	P
equipoler	S
equipolerem	P
equiponderar	S
equiponderarem	P
equivaler	S
equivalerem	P
equivocar	S
equivocarem	P
erguer	S
erguerem	P
erigir	S
erigirem	P
erisipelar	S
erisipelarem	P
eriçar	S
eriçarem	P
ermar	S
ermarem	P
eroder	S
eroderem	P
erodir	S
erodirem	P
erradiar	S
erradiarem	P
erradicar	S
erradicarem	P
errar	S
errarem	P
erriçar	S
erriçarem	P
erubescer	S
erubescerem	P
eructar	S
eructarem	P
erudir	S
erudirem	P
eruditar	S
eruditarem	P
ervar	S
ervarem	P
ervecer	S
ervecerem	P
ervilhar	S
ervilharem	P
esbabacar	S
esbabacarem	P
esbaforir	S
esbaforirem	P
esbagachar	S
esbagacharem	P
esbaganhar	S
esbaganharem	P
esbagaçar	S
esbagaçarem	P
esbagoar	S
esbagoarem	P
esbagulhar	S
esbagulharem	P
esbaldar	S
esbaldarem	P
esbambear	S
esbambearem	P
esbamboar	S
esbamboarem	P
esbambolear	S
esbambolearem	P
esbandalhar	S
esbandalharem	P
esbandeirar	S
esbandeirarem	P
esbandulhar	S
esbandulharem	P
esbanjar	S
esbanjarem	P
esbaralhar	S
esbaralharem	P
esbarbar	S
esbarbarem	P
esbarbotar	S
esbarbotarem	P
esbarrancar	S
esbarrancarem	P
esbarrar	S
esbarrarem	P
esbarrigar	S
esbarrigarem	P
esbarroar	S
esbarroarem	P
esbarrocar	S
esbarrocarem	P
esbarrondar	S
esbarrondarem	P
esbarrotar	S
esbarrotarem	P
esbater	S
esbaterem	P
esbeatar	S
esbeatarem	P
esbeiçar	S
esbeiçarem	P
esbeltar	S
esbeltarem	P
esbicar	S
esbicarem	P
esbijar	S
esbijarem	P
esbilhotar	S
esbilhotarem	P
esbirrar	S
esbirrarem	P
esbodegar	S
esbodegarem	P
esbodelar	S
esbodelarem	P
esbofar	S
esbofarem	P
esbofetear	S
esbofetearem	P
esboforir	S
esboforirem	P
esboicelar	S
esboicelarem	P
esboiçar	S
esboiçarem	P
esbombardar	S
esbombardarem	P
esbombardear	S
esbombardearem	P
esborcelar	S
esborcelarem	P
esborcinar	S
esborcinarem	P
esbordar	S
esbordarem	P
esbordoar	S
esbordoarem	P
esborniar	S
esborniarem	P
esboroar	S
esboroarem	P
esborrachar	S
esborracharem	P
esborralhar	S
esborralharem	P
esborrar	S
esborrarem	P
esborratar	S
esborratarem	P
esborraçar	S
esborraçarem	P
esborregar	S
esborregarem	P
esborretar	S
esborretarem	P
esborrifar	S
esborrifarem	P
esbotenar	S
esbotenarem	P
esboucelar	S
esboucelarem	P
esbouçar	S
esbouçarem	P
esboçar	S
esboçarem	P
esbracejar	S
esbracejarem	P
esbranquiçar	S
esbranquiçarem	P
esbrasear	S
esbrasearem	P
esbravear	S
esbravearem	P
esbravecer	S
esbravecerem	P
esbravejar	S
esbravejarem	P
esbroar	S
esbroarem	P
esbrucinar	S
esbrucinarem	P
esbrugar	S
esbrugarem	P
esbugalhar	S
esbugalharem	P
esbulhar	S
esbulharem	P
esburacar	S
esburacarem	P
esburgar	S
esburgarem	P
esburnir	S
esburnirem	P
esbuxar	S
esbuxarem	P
escabecear	S
escabecearem	P
escabechar	S
escabecharem	P
escabelar	S
escabelarem	P
escabeleirar	S
escabeleirarem	P
escabelizar	S
escabelizarem	P
escabeçar	S
escabeçarem	P
escabichar	S
escabicharem	P
escabrar	S
escabrarem	P
escabrear	S
escabrearem	P
escabujar	S
escabujarem	P
escabulhar	S
escabulharem	P
escacar	S
escacarem	P
escachar	S
escacharem	P
escachoar	S
escachoarem	P
escacholar	S
escacholarem	P
escachouçar	S
escachouçarem	P
escadear	S
escadearem	P
escadeirar	S
escadeirarem	P
escadelecer	S
escadelecerem	P
escadraçar	S
escadraçarem	P
escafandrar	S
escafandrarem	P
escafeder	S
escafederem	P
escaiolar	S
escaiolarem	P
escalar	S
escalarem	P
escalavrar	S
escalavrarem	P
escaldar	S
escaldarem	P
escaldear	S
escaldearem	P
escaldeirar	S
escaldeirarem	P
escalfar	S
escalfarem	P
escaliçar	S
escaliçarem	P
escalonar	S
escalonarem	P
escalpar	S
escalparem	P
escalpelar	S
escalpelarem	P
escalpelizar	S
escalpelizarem	P
escalrachar	S
escalracharem	P
escalvar	S
escalvarem	P
escamar	S
escamarem	P
escambar	S
escambarem	P
escambiar	S
escambiarem	P
escambichar	S
escambicharem	P
escamisar	S
escamisarem	P
escamondar	S
escamondarem	P
escamotar	S
escamotarem	P
escamotear	S
escamotearem	P
escampar	S
escamparem	P
escamugir	S
escamugirem	P
escamurrengar	S
escamurrengarem	P
escanar	S
escanarem	P
escancarar	S
escancararem	P
escancear	S
escancearem	P
escancelar	S
escancelarem	P
escanchar	S
escancharem	P
escandalizar	S
escandalizarem	P
escandar	S
escandarem	P
escandescer	S
escandescerem	P
escandir	S
escandirem	P
escangalhar	S
escangalharem	P
escanganhar	S
escanganharem	P
escangar	S
escangarem	P
escangotar	S
escangotarem	P
escanhoar	S
escanhoarem	P
escanhotar	S
escanhotarem	P
escanifrar	S
escanifrarem	P
escaninhar	S
escaninharem	P
escantilhar	S
escantilharem	P
escanzurrar	S
escanzurrarem	P
escançar	S
escançarem	P
escapar	S
escaparem	P
escapelar	S
escapelarem	P
escapulir	S
escapulirem	P
escaquear	S
escaquearem	P
escaqueirar	S
escaqueirarem	P
escarafunchar	S
escarafuncharem	P
escarambar	S
escarambarem	P
escaramelar	S
escaramelarem	P
escaramuçar	S
escaramuçarem	P
escarapelar	S
escarapelarem	P
escaravelhar	S
escaravelharem	P
escarcalhar	S
escarcalharem	P
escarcavelar	S
escarcavelarem	P
escarcear	S
escarcearem	P
escarchar	S
escarcharem	P
escardar	S
escardarem	P
escardear	S
escardearem	P
escardecer	S
escardecerem	P
escardichar	S
escardicharem	P
escardilhar	S
escardilharem	P
escarduçar	S
escarduçarem	P
escarear	S
escarearem	P
escariar	S
escariarem	P
escarificar	S
escarificarem	P
escarmentar	S
escarmentarem	P
escarnar	S
escarnarem	P
escarnecer	S
escarnecerem	P
escarnefuchar	S
escarnefucharem	P
escarniar	S
escarniarem	P
escarnicar	S
escarnicarem	P
escarnificar	S
escarnificarem	P
escarninhar	S
escarninharem	P
escarnir	S
escarnirem	P
escarolar	S
escarolarem	P
escaroçar	S
escaroçarem	P
escarpar	S
escarparem	P
escarpelar	S
escarpelarem	P
escarpetear	S
escarpetearem	P
escarpiar	S
escarpiarem	P
escarrachar	S
escarracharem	P
escarranchar	S
escarrancharem	P
escarrapachar	S
escarrapacharem	P
escarrapichar	S
escarrapicharem	P
escarrapiçar	S
escarrapiçarem	P
escarrar	S
escarrarem	P
escarumar	S
escarumarem	P
escarvar	S
escarvarem	P
escarvoar	S
escarvoarem	P
escarçar	S
escarçarem	P
escascar	S
escascarem	P
escasquear	S
escasquearem	P
escassear	S
escassearem	P
escatelar	S
escatelarem	P
escatimar	S
escatimarem	P
escavacar	S
escavacarem	P
escavaloar	S
escavaloarem	P
escavar	S
escavarem	P
escavaçar	S
escavaçarem	P
escaveirar	S
escaveirarem	P
escavinar	S
escavinarem	P
eschamejar	S
eschamejarem	P
escindir	S
escindirem	P
esclarecer	S
esclarecerem	P
esclerosar	S
esclerosarem	P
escoar	S
escoarem	P
escocar	S
escocarem	P
escochinar	S
escochinarem	P
escodar	S
escodarem	P
escodear	S
escodearem	P
escogitar	S
escogitarem	P
escoicear	S
escoicearem	P
escoicinhar	S
escoicinharem	P
escoimar	S
escoimarem	P
escoiçar	S
escoiçarem	P
escolarizar	S
escolarizarem	P
escoldrinhar	S
escoldrinharem	P
escolher	S
escolherem	P
escoliar	S
escoliarem	P
escolmar	S
escolmarem	P
escoltar	S
escoltarem	P
escombrar	S
escombrarem	P
esconder	S
esconderem	P
esconjuntar	S
esconjuntarem	P
esconjurar	S
esconjurarem	P
esconsar	S
esconsarem	P
escopear	S
escopearem	P
escopetear	S
escopetearem	P
escorar	S
escorarem	P
escorchar	S
escorcharem	P
escordar	S
escordarem	P
escoriar	S
escoriarem	P
escorificar	S
escorificarem	P
escorjar	S
escorjarem	P
escornar	S
escornarem	P
escornear	S
escornearem	P
escornichar	S
escornicharem	P
escoroar	S
escoroarem	P
escorraçar	S
escorraçarem	P
escorregar	S
escorregarem	P
escorrer	S
escorrerem	P
escorripichar	S
escorripicharem	P
escorropichar	S
escorropicharem	P
escortaçar	S
escortaçarem	P
escorticar	S
escorticarem	P
escortinar	S
escortinarem	P
escorvar	S
escorvarem	P
escorçar	S
escorçarem	P
escosipar	S
escosiparem	P
escoucear	S
escoucearem	P
escoucinhar	S
escoucinharem	P
escouçar	S
escouçarem	P
escovar	S
escovarem	P
escovilhar	S
escovilharem	P
escozicar	S
escozicarem	P
escrachar	S
escracharem	P
escrachetar	S
escrachetarem	P
escramelar	S
escramelarem	P
escramuçar	S
escramuçarem	P
escrapetear	S
escrapetearem	P
escravelhar	S
escravelharem	P
escravizar	S
escravizarem	P
escrever	S
escreverem	P
escrevinhar	S
escrevinharem	P
escriturar	S
escriturarem	P
escrivar	S
escrivarem	P
escrofulizar	S
escrofulizarem	P
escrunchar	S
escruncharem	P
escrupulear	S
escrupulearem	P
escrupulizar	S
escrupulizarem	P
escrutar	S
escrutarem	P
escrutinar	S
escrutinarem	P
escudar	S
escudarem	P
escudeirar	S
escudeirarem	P
escudelar	S
escudelarem	P
escudrinhar	S
escudrinharem	P
esculachar	S
esculacharem	P
esculcar	S
esculcarem	P
esculhambar	S
esculhambarem	P
esculpar	S
esculparem	P
esculpir	S
esculpirem	P
escultar	S
escultarem	P
esculturar	S
esculturarem	P
escumar	S
escumarem	P
escumilhar	S
escumilharem	P
escurar	S
escurarem	P
escurecer	S
escurecerem	P
escurejar	S
escurejarem	P
escurentar	S
escurentarem	P
escusar	S
escusarem	P
escutar	S
escutarem	P
esdruxular	S
esdruxularem	P
esdruxulizar	S
esdruxulizarem	P
esembramar	S
esembramarem	P
esfacelar	S
esfacelarem	P
esfachear	S
esfachearem	P
esfaimar	S
esfaimarem	P
esfalfar	S
esfalfarem	P
esfandegar	S
esfandegarem	P
esfanicar	S
esfanicarem	P
esfaquear	S
esfaquearem	P
esfarelar	S
esfarelarem	P
esfarfalhar	S
esfarfalharem	P
esfarinhar	S
esfarinharem	P
esfarpar	S
esfarparem	P
esfarpelar	S
esfarpelarem	P
esfarrapar	S
esfarraparem	P
esfarripar	S
esfarriparem	P
esfatachar	S
esfatacharem	P
esfatiar	S
esfatiarem	P
esfervilhar	S
esfervilharem	P
esfiampar	S
esfiamparem	P
esfiapar	S
esfiaparem	P
esfiar	S
esfiarem	P
esfibrar	S
esfibrarem	P
esfizer	S
esfizerem	P
esflocar	S
esflocarem	P
esflorar	S
esflorarem	P
esfoguear	S
esfoguearem	P
esfoguetear	S
esfoguetearem	P
esfoiçar	S
esfoiçarem	P
esfolar	S
esfolarem	P
esfolegar	S
esfolegarem	P
esfolhar	S
esfolharem	P
esfolhaçar	S
esfolhaçarem	P
esfolhear	S
esfolhearem	P
esfoliar	S
esfoliarem	P
esfomear	S
esfomearem	P
esforricar	S
esforricarem	P
esforçar	S
esforçarem	P
esfossar	S
esfossarem	P
esfossilizar	S
esfossilizarem	P
esfouçar	S
esfouçarem	P
esfraldar	S
esfraldarem	P
esfrangalhar	S
esfrangalharem	P
esfrançar	S
esfrançarem	P
esfregar	S
esfregarem	P
esfriar	S
esfriarem	P
esfrolar	S
esfrolarem	P
esfugentar	S
esfugentarem	P
esfugir	S
esfugirem	P
esfulinhar	S
esfulinharem	P
esfumar	S
esfumarar	S
esfumararem	P
esfumarem	P
esfumaçar	S
esfumaçarem	P
esfumear	S
esfumearem	P
esfumilhar	S
esfumilharem	P
esfuminhar	S
esfuminharem	P
esfuracar	S
esfuracarem	P
esfuziar	S
esfuziarem	P
esfuzilar	S
esfuzilarem	P
esgadanhar	S
esgadanharem	P
esgadelhar	S
esgadelharem	P
esgaivar	S
esgaivarem	P
esgaldripar	S
esgaldriparem	P
esgalgar	S
esgalgarem	P
esgalhar	S
esgalharem	P
esganar	S
esganarem	P
esganitar	S
esganitarem	P
esganiçar	S
esganiçarem	P
esgarabulhar	S
esgarabulharem	P
esgarafunchar	S
esgarafuncharem	P
esgarafunhar	S
esgarafunharem	P
esgaratujar	S
esgaratujarem	P
esgaravanar	S
esgaravanarem	P
esgaravatar	S
esgaravatarem	P
esgaravatear	S
esgaravatearem	P
esgaravunchar	S
esgaravuncharem	P
esgardunchar	S
esgarduncharem	P
esgardunhar	S
esgardunharem	P
esgargalar	S
esgargalarem	P
esgargalhar	S
esgargalharem	P
esgarranchar	S
esgarrancharem	P
esgarrar	S
esgarrarem	P
esgarçar	S
esgarçarem	P
esgatanhar	S
esgatanharem	P
esgazear	S
esgazearem	P
esgaçar	S
esgaçarem	P
esgoelar	S
esgoelarem	P
esgorjar	S
esgorjarem	P
esgotar	S
esgotarem	P
esgrafiar	S
esgrafiarem	P
esgrafitar	S
esgrafitarem	P
esgraminhar	S
esgraminharem	P
esgravanar	S
esgravanarem	P
esgravatar	S
esgravatarem	P
esgravatear	S
esgravatearem	P
esgravelhar	S
esgravelharem	P
esgrimir	S
esgrimirem	P
esgrouviar	S
esgrouviarem	P
esgrouvinhar	S
esgrouvinharem	P
esguardar	S
esguardarem	P
esguedelhar	S
esguedelharem	P
esgueirar	S
esgueirarem	P
esguelhar	S
esguelharem	P
esguiar	S
esguiarem	P
esguichar	S
esguicharem	P
esguilhar	S
esguilharem	P
esguinchar	S
esguincharem	P
esgurejar	S
esgurejarem	P
esladroar	S
esladroarem	P
eslagartar	S
eslagartarem	P
eslingar	S
eslingarem	P
esmadrigar	S
esmadrigarem	P
esmaecer	S
esmaecerem	P
esmagachar	S
esmagacharem	P
esmagar	S
esmagarem	P
esmagaçar	S
esmagaçarem	P
esmagriçar	S
esmagriçarem	P
esmaiar	S
esmaiarem	P
esmaleitar	S
esmaleitarem	P
esmalhar	S
esmalharem	P
esmaltar	S
esmaltarem	P
esmamonar	S
esmamonarem	P
esmaniar	S
esmaniarem	P
esmanjar	S
esmanjarem	P
esmar	S
esmarcar	S
esmarcarem	P
esmarem	P
esmarrir	S
esmarrirem	P
esmarroar	S
esmarroarem	P
esmear	S
esmearem	P
esmechar	S
esmecharem	P
esmeraldear	S
esmeraldearem	P
esmerar	S
esmerarem	P
esmerilar	S
esmerilarem	P
esmerilhar	S
esmerilharem	P
esmigalhar	S
esmigalharem	P
esmilhar	S
esmilharem	P
esmiolar	S
esmiolarem	P
esmirrar	S
esmirrarem	P
esmiudar	S
esmiudarem	P
esmiunçar	S
esmiunçarem	P
esmiuçar	S
esmiuçarem	P
esmocar	S
esmocarem	P
esmochar	S
esmocharem	P
esmoer	S
esmoerem	P
esmoitar	S
esmoitarem	P
esmolambar	S
esmolambarem	P
esmolar	S
esmolarem	P
esmoncar	S
esmoncarem	P
esmondar	S
esmondarem	P
esmordaçar	S
esmordaçarem	P
esmordicar	S
esmordicarem	P
esmorecer	S
esmorecerem	P
esmormar	S
esmormarem	P
esmoronar	S
esmoronarem	P
esmorrar	S
esmorrarem	P
esmorraçar	S
esmorraçarem	P
esmorçar	S
esmorçarem	P
esmossar	S
esmossarem	P
esmoucar	S
esmoucarem	P
esmurrar	S
esmurrarem	P
esmurraçar	S
esmurraçarem	P
esmurregar	S
esmurregarem	P
esmurrengar	S
esmurrengarem	P
esnocar	S
esnocarem	P
espacear	S
espacearem	P
espacejar	S
espacejarem	P
espaciar	S
espaciarem	P
espadachinar	S
espadachinarem	P
espadagar	S
espadagarem	P
espadanar	S
espadanarem	P
espadar	S
espadarem	P
espadeirar	S
espadeirarem	P
espadelar	S
espadelarem	P
espaduar	S
espaduarem	P
espairecer	S
espairecerem	P
espaldar	S
espaldarem	P
espaldear	S
espaldearem	P
espaldeirar	S
espaldeirarem	P
espalhafatar	S
espalhafatarem	P
espalhagar	S
espalhagarem	P
espalhar	S
espalharem	P
espalitar	S
espalitarem	P
espalmar	S
espalmarem	P
espampanar	S
espampanarem	P
espamparar	S
espampararem	P
espanar	S
espanarem	P
espanascar	S
espanascarem	P
espancar	S
espancarem	P
espandongar	S
espandongarem	P
espanejar	S
espanejarem	P
espanholar	S
espanholarem	P
espanholizar	S
espanholizarem	P
espanquear	S
espanquearem	P
espantar	S
espantarem	P
espapar	S
espaparem	P
espapaçar	S
espapaçarem	P
espargelar	S
espargelarem	P
espargir	S
espargirem	P
esparralhar	S
esparralharem	P
esparramar	S
esparramarem	P
esparranhar	S
esparranharem	P
esparrar	S
esparrarem	P
esparregar	S
esparregarem	P
esparrimar	S
esparrimarem	P
esparrinhar	S
esparrinharem	P
espartejar	S
espartejarem	P
espartilhar	S
espartilharem	P
espartir	S
espartirem	P
esparzir	S
esparzirem	P
espasmar	S
espasmarem	P
espatifar	S
espatifarem	P
espatilhar	S
espatilharem	P
espaventar	S
espaventarem	P
espavorecer	S
espavorecerem	P
espavorir	S
espavorirem	P
espavorizar	S
espavorizarem	P
espaçar	S
espaçarem	P
especar	S
especarem	P
especializar	S
especializarem	P
especificar	S
especificarem	P
espectar	S
espectarem	P
especular	S
especularem	P
espedaçar	S
espedaçarem	P
espedir	S
espedirem	P
espedregar	S
espedregarem	P
espeitar	S
espeitarem	P
espelhar	S
espelharem	P
espelotear	S
espelotearem	P
espenejar	S
espenejarem	P
espenicar	S
espenicarem	P
espenifrar	S
espenifrarem	P
espenujar	S
espenujarem	P
esperançar	S
esperançarem	P
esperar	S
esperarem	P
esperdiçar	S
esperdiçarem	P
espermatizar	S
espermatizarem	P
espermengar	S
espermengarem	P
espernear	S
espernearem	P
espernegar	S
espernegarem	P
esperrinchar	S
esperrincharem	P
espertar	S
espertarem	P
espertinar	S
espertinarem	P
espescoçar	S
espescoçarem	P
espessar	S
espessarem	P
espetar	S
espetarem	P
espevitar	S
espevitarem	P
espezinhar	S
espezinharem	P
espeçar	S
espeçarem	P
espiar	S
espiarem	P
espicaçar	S
espicaçarem	P
espichar	S
espicharem	P
espicular	S
espicularem	P
espigar	S
espigardear	S
espigardearem	P
espigarem	P
espiguilhar	S
espiguilharem	P
espinafrar	S
espinafrarem	P
espingardar	S
espingardarem	P
espinhar	S
espinharem	P
espinicar	S
espinicarem	P
espinotar	S
espinotarem	P
espinotear	S
espinotearem	P
espinçar	S
espinçarem	P
espiolhar	S
espiolharem	P
espionar	S
espionarem	P
espipar	S
espiparem	P
espipocar	S
espipocarem	P
espiralar	S
espiralarem	P
espirar	S
espirarem	P
espiritar	S
espiritarem	P
espiritizar	S
espiritizarem	P
espiritualizar	S
espiritualizarem	P
espirrar	S
espirrarem	P
esplainar	S
esplainarem	P
esplandecer	S
esplandecerem	P
esplendecer	S
esplendecerem	P
esplender	S
esplenderem	P
esplendorar	S
esplendorarem	P
espoar	S
espoarem	P
espocar	S
espocarem	P
espojar	S
espojarem	P
espojinhar	S
espojinharem	P
espoldrar	S
espoldrarem	P
espoletar	S
espoletarem	P
espoletear	S
espoletearem	P
espoliar	S
espoliarem	P
espolinar	S
espolinarem	P
espolinhar	S
espolinharem	P
espolpar	S
espolparem	P
esponjar	S
esponjarem	P
espontar	S
espontarem	P
esponteirar	S
esponteirarem	P
esporar	S
esporarem	P
esporear	S
esporearem	P
esporrar	S
esporrarem	P
esportular	S
esportularem	P
esposar	S
esposarem	P
espostejar	S
espostejarem	P
espragatar	S
espragatarem	P
espraiar	S
espraiarem	P
espreguiçar	S
espreguiçarem	P
espreitar	S
espreitarem	P
espremegar	S
espremegarem	P
espremer	S
espremerem	P
espritar	S
espritarem	P
espuir	S
espulgar	S
espulgarem	P
espumar	S
espumarem	P
espumaçar	S
espumaçarem	P
espumear	S
espumearem	P
espumejar	S
espumejarem	P
esputar	S
esputarem	P
espuírem	P
esquadrar	S
esquadrarem	P
esquadrejar	S
esquadrejarem	P
esquadriar	S
esquadriarem	P
esquadrilhar	S
esquadrilharem	P
esquadrinhar	S
esquadrinharem	P
esquadronar	S
esquadronarem	P
esquartejar	S
esquartejarem	P
esquartelar	S
esquartelarem	P
esquartilhar	S
esquartilharem	P
esquecer	S
esquecerem	P
esquematizar	S
esquematizarem	P
esquentar	S
esquentarem	P
esquerdar	S
esquerdarem	P
esquerdear	S
esquerdearem	P
esquiar	S
esquiarem	P
esquifar	S
esquifarem	P
esquilar	S
esquilarem	P
esquinar	S
esquinarem	P
esquipar	S
esquiparem	P
esquirolar	S
esquirolarem	P
esquivar	S
esquivarem	P
esquiçar	S
esquiçarem	P
estabelecer	S
estabelecerem	P
estabilitar	S
estabilitarem	P
estabilizar	S
estabilizarem	P
estabular	S
estabularem	P
estacar	S
estacarem	P
estacionar	S
estacionarem	P
estacoar	S
estacoarem	P
estadear	S
estadearem	P
estafar	S
estafarem	P
estafegar	S
estafegarem	P
estafermar	S
estafermarem	P
estafetar	S
estafetarem	P
estagiar	S
estagiarem	P
estagnar	S
estagnarem	P
estaiar	S
estaiarem	P
estalar	S
estalarem	P
estaleirar	S
estaleirarem	P
estalejar	S
estalejarem	P
estalicar	S
estalicarem	P
estalidar	S
estalidarem	P
estalir	S
estalirem	P
estambrar	S
estambrarem	P
estaminar	S
estaminarem	P
estampar	S
estamparem	P
estampilhar	S
estampilharem	P
estancar	S
estancarem	P
estanciar	S
estanciarem	P
estandardizar	S
estandardizarem	P
estanhar	S
estanharem	P
estapear	S
estapearem	P
estaquear	S
estaquearem	P
estardalhar	S
estardalharem	P
estardalhaçar	S
estardalhaçarem	P
estarrecer	S
estarrecerem	P
estarrincar	S
estarrincarem	P
estatelar	S
estatelarem	P
estatizar	S
estatizarem	P
estatuar	S
estatuarem	P
estatuificar	S
estatuificarem	P
estatuir	S
estatuírem	P
estazar	S
estazarem	P
estaziar	S
estaziarem	P
estaçar	S
estaçarem	P
estear	S
estearem	P
esteirar	S
esteirarem	P
estender	S
estenderem	P
estenografar	S
estenografarem	P
estenosar	S
estenosarem	P
estenotipar	S
estenotiparem	P
estercar	S
estercarem	P
estereofonizar	S
estereofonizarem	P
estereografar	S
estereografarem	P
estereotipar	S
estereotiparem	P
esterificar	S
esterificarem	P
esterilecer	S
esterilecerem	P
esterilizar	S
esterilizarem	P
esterlicar	S
esterlicarem	P
esterrecer	S
esterrecerem	P
esterroar	S
esterroarem	P
estertorar	S
estertorarem	P
estesiar	S
estesiarem	P
estetizar	S
estetizarem	P
estiar	S
estiarem	P
esticar	S
esticarem	P
estigmar	S
estigmarem	P
estigmatizar	S
estigmatizarem	P
estilar	S
estilarem	P
estiletear	S
estiletearem	P
estiletizar	S
estiletizarem	P
estilhar	S
estilharem	P
estilhaçar	S
estilhaçarem	P
estilicidar	S
estilicidarem	P
estilizar	S
estilizarem	P
estimar	S
estimarem	P
estimular	S
estimularem	P
estingar	S
estingarem	P
estinhar	S
estinharem	P
estiolar	S
estiolarem	P
estiomenar	S
estiomenarem	P
estipendiar	S
estipendiarem	P
estipular	S
estipularem	P
estirar	S
estirarem	P
estiraçar	S
estiraçarem	P
estivar	S
estivarem	P
estocar	S
estocarem	P
estofar	S
estofarem	P
estoirar	S
estoirarem	P
estoirinhar	S
estoirinharem	P
estojar	S
estojarem	P
estomagar	S
estomagarem	P
estomentar	S
estomentarem	P
estonar	S
estonarem	P
estontar	S
estontarem	P
estontear	S
estontearem	P
estontecer	S
estontecerem	P
estopar	S
estoparem	P
estopetar	S
estopetarem	P
estoquear	S
estoquearem	P
estorcegar	S
estorcegarem	P
estorcer	S
estorcerem	P
estornar	S
estornarem	P
estorricar	S
estorricarem	P
estorroar	S
estorroarem	P
estortegar	S
estortegarem	P
estorturar	S
estorturarem	P
estorvar	S
estorvarem	P
estourar	S
estourarem	P
estourear	S
estourearem	P
estourinhar	S
estourinharem	P
estrabar	S
estrabarem	P
estrabizar	S
estrabizarem	P
estracinhar	S
estracinharem	P
estradar	S
estradarem	P
estradear	S
estradearem	P
estrafegar	S
estrafegarem	P
estragar	S
estragarem	P
estralar	S
estralarem	P
estralejar	S
estralejarem	P
estramalhar	S
estramalharem	P
estrambalhar	S
estrambalharem	P
estrambelhar	S
estrambelharem	P
estrampalhar	S
estrampalharem	P
estrancilhar	S
estrancilharem	P
estrancinhar	S
estrancinharem	P
estrangalhar	S
estrangalharem	P
estrangeirar	S
estrangeirarem	P
estrangular	S
estrangularem	P
estranhar	S
estranharem	P
estransilhar	S
estransilharem	P
estrançar	S
estrançarem	P
estrapilhar	S
estrapilharem	P
estrar	S
estrarem	P
estratificar	S
estratificarem	P
estravar	S
estravarem	P
estraçalhar	S
estraçalharem	P
estraçoar	S
estraçoarem	P
estrear	S
estrearem	P
estrebordar	S
estrebordarem	P
estrebuchar	S
estrebucharem	P
estrefegar	S
estrefegarem	P
estregar	S
estregarem	P
estreitar	S
estreitarem	P
estrelar	S
estrelarem	P
estrelecer	S
estrelecerem	P
estrelejar	S
estrelejarem	P
estrelicar	S
estrelicarem	P
estrelouçar	S
estrelouçarem	P
estremar	S
estremarem	P
estremecer	S
estremecerem	P
estremunhar	S
estremunharem	P
estrenoitar	S
estrenoitarem	P
estrepar	S
estreparem	P
estrepitar	S
estrepitarem	P
estresir	S
estresirem	P
estressar	S
estressarem	P
estriar	S
estriarem	P
estribar	S
estribarem	P
estribilhar	S
estribilharem	P
estrichar	S
estricharem	P
estridir	S
estridirem	P
estridular	S
estridularem	P
estrigar	S
estrigarem	P
estrigir	S
estrigirem	P
estrilar	S
estrilarem	P
estrincar	S
estrincarem	P
estrinchar	S
estrincharem	P
estringir	S
estringirem	P
estrinçar	S
estrinçarem	P
estripar	S
estriparem	P
estriçar	S
estriçarem	P
estroinar	S
estroinarem	P
estrompar	S
estromparem	P
estroncar	S
estroncarem	P
estrondar	S
estrondarem	P
estrondear	S
estrondearem	P
estrondejar	S
estrondejarem	P
estropear	S
estropearem	P
estropeliar	S
estropeliarem	P
estropiar	S
estropiarem	P
estrotejar	S
estrotejarem	P
estrouvinhar	S
estrouvinharem	P
estrouxar	S
estrouxarem	P
estrovinhar	S
estrovinharem	P
estroçar	S
estroçarem	P
estrugir	S
estrugirem	P
estruir	S
estrumar	S
estrumarem	P
estrupidar	S
estrupidarem	P
estruturar	S
estruturarem	P
estruírem	P
estuar	S
estuarem	P
estucar	S
estucarem	P
estuchar	S
estucharem	P
estudar	S
estudarem	P
estufar	S
estufarem	P
estugar	S
estugarem	P
estultificar	S
estultificarem	P
estumar	S
estumarem	P
estupedificar	S
estupedificarem	P
estupeficar	S
estupeficarem	P
estupefizer	S
estupefizerem	P
estupidecer	S
estupidecerem	P
estupidificar	S
estupidificarem	P
estuporar	S
estuporarem	P
estuprar	S
estuprarem	P
esturdiar	S
esturdiarem	P
esturrar	S
esturrarem	P
esturricar	S
esturricarem	P
esturrinhar	S
esturrinharem	P
esvaecer	S
esvaecerem	P
esvair	S
esvanecer	S
esvanecerem	P
esvazar	S
esvazarem	P
esvaziar	S
esvaziarem	P
esvaírem	P
esventar	S
esventarem	P
esventrar	S
esventrarem	P
esverdear	S
esverdearem	P
esverdinhar	S
esverdinharem	P
esvidar	S
esvidarem	P
esvidigar	S
esvidigarem	P
esvinhar	S
esvinharem	P
esviscerar	S
esviscerarem	P
esvoaçar	S
esvoaçarem	P
esvoejar	S
esvoejarem	P
esvurmar	S
esvurmarem	P
eterificar	S
eterificarem	P
eterizar	S
eterizarem	P
eternar	S
eternarem	P
eternizar	S
eternizarem	P
etilizar	S
etilizarem	P
etimologizar	S
etimologizarem	P
etiquetar	S
etiquetarem	P
eufemizar	S
eufemizarem	P
eufonizar	S
eufonizarem	P
europeizar	S
europeizarem	P
evacuar	S
evacuarem	P
evadir	S
evadirem	P
evangelizar	S
evangelizarem	P
evaporar	S
evaporarem	P
evaporizar	S
evaporizarem	P
evazar	S
evazarem	P
evencer	S
evencerem	P
eventrar	S
eventrarem	P
everter	S
everterem	P
evidenciar	S
evidenciarem	P
evirar	S
evirarem	P
eviscerar	S
eviscerarem	P
evitar	S
evitarem	P
evocar	S
evocarem	P
evolar	S
evolarem	P
evolucionar	S
evolucionarem	P
evoluir	S
evolutir	S
evolutirem	P
evoluírem	P
evolver	S
evolverem	P
exabundar	S
exabundarem	P
exacerbar	S
exacerbarem	P
exagerar	S
exagerarem	P
exagitar	S
exagitarem	P
exalar	S
exalarem	P
exaltar	S
exaltarem	P
exalçar	S
exalçarem	P
examinar	S
examinarem	P
exarar	S
exararem	P
exarticular	S
exarticularem	P
exasperar	S
exasperarem	P
exatificar	S
exatificarem	P
exaurir	S
exaurirem	P
exaustar	S
exaustarem	P
exaustorar	S
exaustorarem	P
exautorar	S
exautorarem	P
excarcerar	S
excarcerarem	P
excardinar	S
excardinarem	P
excarnificar	S
excarnificarem	P
excecionar	S
excecionarem	P
exceder	S
excederem	P
exceler	S
excelerem	P
excelir	S
excelirem	P
excelsar	S
excelsarem	P
excepcionar	S
excepcionarem	P
excetuar	S
excetuarem	P
excisar	S
excisarem	P
excitar	S
excitarem	P
exclamar	S
exclamarem	P
excluir	S
excluírem	P
excogitar	S
excogitarem	P
excomungar	S
excomungarem	P
excrescer	S
excrescerem	P
excretar	S
excretarem	P
excruciar	S
excruciarem	P
exculpar	S
exculparem	P
excursionar	S
excursionarem	P
excurvar	S
excurvarem	P
excutir	S
excutirem	P
execrar	S
execrarem	P
executar	S
executarem	P
exemplar	S
exemplarem	P
exemplificar	S
exemplificarem	P
exercer	S
exercerem	P
exercitar	S
exercitarem	P
exerdar	S
exerdarem	P
exfoliar	S
exfoliarem	P
exgregar	S
exgregarem	P
exibir	S
exibirem	P
exigir	S
exigirem	P
exiguificar	S
exiguificarem	P
exilar	S
exilarem	P
exiliar	S
exiliarem	P
eximir	S
eximirem	P
exinanir	S
exinanirem	P
existir	S
existirem	P
exitar	S
exitarem	P
exonerar	S
exonerarem	P
exorar	S
exorarem	P
exorbitar	S
exorbitarem	P
exorcismar	S
exorcismarem	P
exorcizar	S
exorcizarem	P
exordiar	S
exordiarem	P
exornar	S
exornarem	P
exortar	S
exortarem	P
exouvir	S
exouvirem	P
expandir	S
expandirem	P
expatriar	S
expatriarem	P
expectar	S
expectarem	P
expectorar	S
expectorarem	P
expedir	S
expedirem	P
expedrar	S
expedrarem	P
expelir	S
expelirem	P
expender	S
expenderem	P
experimentar	S
experimentarem	P
expetar	S
expetarem	P
expetorar	S
expetorarem	P
expiar	S
expiarem	P
expilar	S
expilarem	P
expirar	S
expirarem	P
explanar	S
explanarem	P
explicar	S
explicarem	P
explicitar	S
explicitarem	P
explodir	S
explodirem	P
explorar	S
explorarem	P
explosir	S
explosirem	P
explotar	S
explotarem	P
expluir	S
expluírem	P
expolir	S
expolirem	P
exportar	S
exportarem	P
expostular	S
expostularem	P
expressar	S
expressarem	P
exprimir	S
exprimirem	P
exprobar	S
exprobarem	P
exprobrar	S
exprobrarem	P
expropriar	S
expropriarem	P
expugnar	S
expugnarem	P
expulsar	S
expulsarem	P
expungir	S
expungirem	P
expurgar	S
expurgarem	P
expuser	S
expuserem	P
exsicar	S
exsicarem	P
exsolver	S
exsolverem	P
exsuar	S
exsuarem	P
exsudar	S
exsudarem	P
exsurgir	S
exsurgirem	P
extar	S
extarem	P
extasiar	S
extasiarem	P
extenuar	S
extenuarem	P
exteriorizar	S
exteriorizarem	P
exterminar	S
exterminarem	P
externar	S
externarem	P
extinguir	S
extinguirem	P
extirpar	S
extirparem	P
extorquir	S
extorquirem	P
extradicionar	S
extradicionarem	P
extraditar	S
extraditarem	P
extrair	S
extrapassar	S
extrapassarem	P
extrapolar	S
extrapolarem	P
extrapuser	S
extrapuserem	P
extratar	S
extratarem	P
extravaganciar	S
extravaganciarem	P
extravagar	S
extravagarem	P
extravasar	S
extravasarem	P
extraverter	S
extraverterem	P
extraviar	S
extraviarem	P
extraírem	P
extremar	S
extremarem	P
extricar	S
extricarem	P
exuberar	S
exuberarem	P
exular	S
exularem	P
exulcerar	S
exulcerarem	P
exultar	S
exultarem	P
exumar	S
exumarem	P
exundar	S
exundarem	P
exventrar	S
exventrarem	P
fabricar	S
fabricarem	P
fabular	S
fabularem	P
fabulizar	S
fabulizarem	P
faccionar	S
faccionarem	P
facear	S
facearem	P
faceirar	S
faceirarem	P
facejar	S
facejarem	P
facetar	S
facetarem	P
facetear	S
facetearem	P
fachear	S
fachearem	P
facilitar	S
facilitarem	P
facionar	S
facionarem	P
facultar	S
facultarem	P
facundar	S
facundarem	P
facundiar	S
facundiarem	P
fadar	S
fadarem	P
fadejar	S
fadejarem	P
fadigar	S
fadigarem	P
fadistar	S
fadistarem	P
fagulhar	S
fagulharem	P
faiar	S
faiarem	P
faiscar	S
faiscarem	P
faixar	S
faixarem	P
faixear	S
faixearem	P
falaciar	S
falaciarem	P
falar	S
falarem	P
falazar	S
falazarem	P
falaçar	S
falaçarem	P
falcar	S
falcarem	P
falcatruar	S
falcatruarem	P
falcaçar	S
falcaçarem	P
falcoar	S
falcoarem	P
falecer	S
falecerem	P
falhar	S
falharem	P
falir	S
falirem	P
falocar	S
falocarem	P
falporriar	S
falporriarem	P
falquear	S
falquearem	P
falquejar	S
falquejarem	P
falsar	S
falsarem	P
falsear	S
falsearem	P
falsetear	S
falsetearem	P
falsificar	S
falsificarem	P
faltar	S
faltarem	P
familiarizar	S
familiarizarem	P
famular	S
famularem	P
fanar	S
fanarem	P
fanatizar	S
fanatizarem	P
fandangar	S
fandangarem	P
fandanguear	S
fandanguearem	P
fanfar	S
fanfarem	P
fanfarrear	S
fanfarrearem	P
fanfarronar	S
fanfarronarem	P
fanfarronear	S
fanfarronearem	P
fanfurriar	S
fanfurriarem	P
fanhosear	S
fanhosearem	P
fanicar	S
fanicarem	P
fantasiar	S
fantasiarem	P
fantasmagorizar	S
fantasmagorizarem	P
faquear	S
faquearem	P
faradizar	S
faradizarem	P
farandolar	S
farandolarem	P
farar	S
fararem	P
fardar	S
fardarem	P
farejar	S
farejarem	P
farelar	S
farelarem	P
farfalhar	S
farfalharem	P
farfantear	S
farfantearem	P
farinar	S
farinarem	P
fariscar	S
fariscarem	P
farolar	S
farolarem	P
farolizar	S
farolizarem	P
farpar	S
farparem	P
farpear	S
farpearem	P
farrapar	S
farraparem	P
farrear	S
farrearem	P
farromear	S
farromearem	P
farronfear	S
farronfearem	P
farsantear	S
farsantearem	P
farsolar	S
farsolarem	P
farsolear	S
farsolearem	P
fartar	S
fartarem	P
fascinar	S
fascinarem	P
fasquiar	S
fasquiarem	P
fastar	S
fastarem	P
fatagear	S
fatagearem	P
fateixar	S
fateixarem	P
fatejar	S
fatejarem	P
fatiar	S
fatiarem	P
fatigar	S
fatigarem	P
fatorar	S
fatorarem	P
faturar	S
faturarem	P
faular	S
faularem	P
faulhar	S
faulharem	P
fautorizar	S
fautorizarem	P
favar	S
favarem	P
favonear	S
favonearem	P
favoniar	S
favoniarem	P
favorecer	S
favorecerem	P
favorizar	S
favorizarem	P
faxinar	S
faxinarem	P
febricitar	S
febricitarem	P
febrilizar	S
febrilizarem	P
fechar	S
fecharem	P
fecundar	S
fecundarem	P
fecundizar	S
fecundizarem	P
feder	S
federalizar	S
federalizarem	P
federar	S
federarem	P
federem	P
fedinchar	S
fedincharem	P
feirar	S
feirarem	P
feitar	S
feitarem	P
feitiar	S
feitiarem	P
feitorar	S
feitorarem	P
feitoriar	S
feitoriarem	P
feitorizar	S
feitorizarem	P
felicitar	S
felicitarem	P
felpar	S
felparem	P
feltrar	S
feltrarem	P
feminizar	S
feminizarem	P
fenar	S
fenarem	P
fender	S
fenderem	P
fendilhar	S
fendilharem	P
fendrelhar	S
fendrelharem	P
fenecer	S
fenecerem	P
fenerar	S
fenerarem	P
fenestrar	S
fenestrarem	P
fenolizar	S
fenolizarem	P
fenomenizar	S
fenomenizarem	P
feriar	S
feriarem	P
ferir	S
ferirem	P
fermentar	S
fermentarem	P
ferrar	S
ferrarem	P
ferrejar	S
ferrejarem	P
ferretar	S
ferretarem	P
ferretear	S
ferretearem	P
ferretoar	S
ferretoarem	P
ferroar	S
ferroarem	P
ferrolhar	S
ferrolharem	P
ferropear	S
ferropearem	P
fertilizar	S
fertilizarem	P
fervelhar	S
fervelharem	P
ferventar	S
ferventarem	P
ferver	S
ferverem	P
fervilhar	S
fervilharem	P
fervorar	S
fervorarem	P
festar	S
festarem	P
festejar	S
festejarem	P
festoar	S
festoarem	P
festonar	S
festonarem	P
fiampar	S
fiamparem	P
fiar	S
fiarem	P
ficar	S
ficarem	P
ficcionar	S
ficcionarem	P
fichar	S
ficharem	P
fidelizar	S
fidelizarem	P
figurar	S
figurarem	P
filar	S
filarem	P
filetar	S
filetarem	P
filhar	S
filharar	S
filhararem	P
filharem	P
filiar	S
filiarem	P
filigranar	S
filigranarem	P
filistriar	S
filistriarem	P
filmar	S
filmarem	P
filosofar	S
filosofarem	P
filosofear	S
filosofearem	P
filoxerar	S
filoxerarem	P
filtrar	S
filtrarem	P
fimbriar	S
fimbriarem	P
finalizar	S
finalizarem	P
financiar	S
financiarem	P
finar	S
finarem	P
fincar	S
fincarem	P
findar	S
findarem	P
finfar	S
finfarem	P
fingir	S
fingirem	P
fintar	S
fintarem	P
firmar	S
firmarem	P
fiscalizar	S
fiscalizarem	P
fisgar	S
fisgarem	P
fistular	S
fistularem	P
fitar	S
fitarem	P
fivelar	S
fivelarem	P
fixar	S
fixarem	P
fizer	S
fizerem	P
flabelar	S
flabelarem	P
flaflar	S
flaflarem	P
flagelar	S
flagelarem	P
flagiciar	S
flagiciarem	P
flagrar	S
flagrarem	P
flamar	S
flamarem	P
flambar	S
flambarem	P
flamear	S
flamearem	P
flamejar	S
flamejarem	P
flanar	S
flanarem	P
flanquear	S
flanquearem	P
flautar	S
flautarem	P
flautear	S
flautearem	P
flavescer	S
flavescerem	P
flechar	S
flecharem	P
flectir	S
flectirem	P
flertar	S
flertarem	P
flexibilizar	S
flexibilizarem	P
flexionar	S
flexionarem	P
flexuar	S
flexuarem	P
florar	S
florarem	P
florear	S
florearem	P
florejar	S
florejarem	P
florescer	S
florescerem	P
floretear	S
floretearem	P
florir	S
florirem	P
flostriar	S
flostriarem	P
fluidificar	S
fluidificarem	P
fluir	S
fluorescer	S
fluorescerem	P
flutuar	S
flutuarem	P
fluírem	P
fobar	S
fobarem	P
focalizar	S
focalizarem	P
focar	S
focarem	P
focinhar	S
focinharem	P
foder	S
foderem	P
fofar	S
fofarem	P
fofocar	S
fofocarem	P
fogachar	S
fogacharem	P
foguear	S
foguearem	P
foguetear	S
foguetearem	P
foicear	S
foicearem	P
foiçar	S
foiçarem	P
folear	S
folearem	P
folegar	S
folegarem	P
folgar	S
folgarem	P
folgazar	S
folgazarem	P
folhar	S
folharem	P
folhear	S
folhearem	P
folhetear	S
folhetearem	P
folhetinizar	S
folhetinizarem	P
foliar	S
foliarem	P
fomentar	S
fomentarem	P
fonetizar	S
fonetizarem	P
fonfonar	S
fonfonarem	P
fonofilmar	S
fonofilmarem	P
fonografar	S
fonografarem	P
for	S
foragir	S
foragirem	P
forcar	S
forcarem	P
forcejar	S
forcejarem	P
forem	P
forjar	S
forjarem	P
forjicar	S
forjicarem	P
formalizar	S
formalizarem	P
formar	S
formarem	P
formicidar	S
formicidarem	P
formigar	S
formigarem	P
formiguejar	S
formiguejarem	P
formilhar	S
formilharem	P
formolizar	S
formolizarem	P
formosear	S
formosearem	P
formosentar	S
formosentarem	P
formular	S
formularem	P
fornear	S
fornearem	P
fornecer	S
fornecerem	P
fornejar	S
fornejarem	P
fornicar	S
fornicarem	P
fornir	S
fornirem	P
forquear	S
forquearem	P
forquilhar	S
forquilharem	P
forragear	S
forragearem	P
forrar	S
forrarem	P
forrejar	S
forrejarem	P
forricar	S
forricarem	P
fortalecer	S
fortalecerem	P
fortalezar	S
fortalezarem	P
fortaçar	S
fortaçarem	P
fortificar	S
fortificarem	P
fortunar	S
fortunarem	P
forçar	S
forçarem	P
foscar	S
foscarem	P
fosfatar	S
fosfatarem	P
fosforar	S
fosforarem	P
fosforear	S
fosforearem	P
fosforejar	S
fosforejarem	P
fosforescer	S
fosforescerem	P
fosforetar	S
fosforetarem	P
fosforizar	S
fosforizarem	P
fossilificar	S
fossilificarem	P
fossilizar	S
fossilizarem	P
fotear	S
fotearem	P
fotocopiar	S
fotocopiarem	P
fotografar	S
fotografarem	P
fotogravar	S
fotogravarem	P
fotolitografar	S
fotolitografarem	P
fototipar	S
fototiparem	P
fototipiar	S
fototipiarem	P
foucear	S
foucearem	P
fouçar	S
fouçarem	P
foçar	S
foçarem	P
fracar	S
fracarem	P
fracassar	S
fracassarem	P
fracatear	S
fracatearem	P
fracionar	S
fracionarem	P
fradar	S
fradarem	P
fradejar	S
fradejarem	P
fragalhotear	S
fragalhotearem	P
fragatear	S
fragatearem	P
fragilizar	S
fragilizarem	P
fragmentar	S
fragmentarem	P
fragorar	S
fragorarem	P
fraguar	S
fraguarem	P
fraguear	S
fraguearem	P
fraldar	S
fraldarem	P
fraldear	S
fraldearem	P
fraldejar	S
fraldejarem	P
francear	S
francearem	P
francesiar	S
francesiarem	P
frangalhar	S
frangalharem	P
frangalhotear	S
frangalhotearem	P
franger	S
frangerem	P
frangir	S
frangirem	P
franguear	S
franguearem	P
franjar	S
franjarem	P
franquear	S
franquearem	P
franquiar	S
franquiarem	P
franzir	S
franzirem	P
fraquear	S
fraquearem	P
fraquejar	S
fraquejarem	P
frasear	S
frasearem	P
fraternizar	S
fraternizarem	P
fraturar	S
fraturarem	P
fraudar	S
fraudarem	P
frautear	S
frautearem	P
frear	S
frearem	P
frechar	S
frecharem	P
freiar	S
freiarem	P
freirar	S
freirarem	P
fremer	S
fremerem	P
fremir	S
fremirem	P
frenar	S
frenarem	P
frender	S
frenderem	P
frenesiar	S
frenesiarem	P
frenquentar	S
frenquentarem	P
frentear	S
frentearem	P
frequentar	S
frequentarem	P
fresar	S
fresarem	P
fretar	S
fretarem	P
fretejar	S
fretejarem	P
fretenir	S
fretenirem	P
fretinir	S
fretinirem	P
friccionar	S
friccionarem	P
frigir	S
frigirem	P
frigorificar	S
frigorificarem	P
frisar	S
frisarem	P
fritar	S
fritarem	P
frocar	S
frocarem	P
froixar	S
froixarem	P
frolar	S
frolarem	P
frondar	S
frondarem	P
frondear	S
frondearem	P
frondejar	S
frondejarem	P
frondescer	S
frondescerem	P
frontar	S
frontarem	P
frontear	S
frontearem	P
fronteirar	S
fronteirarem	P
frouxar	S
frouxarem	P
frufrulejar	S
frufrulejarem	P
frufrulhar	S
frufrulharem	P
frufrutar	S
frufrutarem	P
fruir	S
frulhar	S
frulharem	P
frustear	S
frustearem	P
frustrar	S
frustrarem	P
frutar	S
frutarem	P
frutear	S
frutearem	P
frutescer	S
frutescerem	P
frutificar	S
frutificarem	P
fruírem	P
fubecar	S
fubecarem	P
fuchicar	S
fuchicarem	P
fugar	S
fugarem	P
fugir	S
fugirem	P
fujicar	S
fujicarem	P
fulecar	S
fulecarem	P
fulgentear	S
fulgentearem	P
fulgir	S
fulgirem	P
fulgurar	S
fulgurarem	P
fulminar	S
fulminarem	P
fuloar	S
fuloarem	P
fumar	S
fumarar	S
fumararem	P
fumarem	P
fumaçar	S
fumaçarem	P
fumear	S
fumearem	P
fumegar	S
fumegarem	P
fumigar	S
fumigarem	P
funambular	S
funambularem	P
funcionalizar	S
funcionalizarem	P
funcionar	S
funcionarem	P
fundamentar	S
fundamentarem	P
fundar	S
fundarem	P
fundear	S
fundearem	P
fundilhar	S
fundilharem	P
fundir	S
fundirem	P
funestar	S
funestarem	P
fungar	S
fungarem	P
furacar	S
furacarem	P
furar	S
furarem	P
furdunçar	S
furdunçarem	P
furifunar	S
furifunarem	P
furoar	S
furoarem	P
furricar	S
furricarem	P
furtar	S
furtarem	P
furungar	S
furungarem	P
fuscar	S
fuscarem	P
fusionar	S
fusionarem	P
fustigar	S
fustigarem	P
futicar	S
futicarem	P
futilizar	S
futilizarem	P
futricar	S
futricarem	P
futucar	S
futucarem	P
futurar	S
futurarem	P
fuxicar	S
fuxicarem	P
fuzarquear	S
fuzarquearem	P
fuzilar	S
fuzilarem	P
fuçar	S
fuçarem	P
gabar	S
gabarem	P
gabarolar	S
gabarolarem	P
gabiar	S
gabiarem	P
gabionar	S
gabionarem	P
gadanhar	S
gadanharem	P
gadunhar	S
gadunharem	P
gafar	S
gafarem	P
gafeirar	S
gafeirarem	P
gafejar	S
gafejarem	P
gaguejar	S
gaguejarem	P
gaiar	S
gaiarem	P
gaiatar	S
gaiatarem	P
gaifonar	S
gaifonarem	P
gaitear	S
gaitearem	P
gaivar	S
gaivarem	P
gaivotear	S
gaivotearem	P
gajar	S
gajarem	P
galanear	S
galanearem	P
galantear	S
galantearem	P
galar	S
galardoar	S
galardoarem	P
galarem	P
galderiar	S
galderiarem	P
galear	S
galearem	P
galgar	S
galgarem	P
galhardear	S
galhardearem	P
galhofar	S
galhofarem	P
galhofear	S
galhofearem	P
galiciparlar	S
galiciparlarem	P
galicismar	S
galicismarem	P
galicizar	S
galicizarem	P
galimar	S
galimarem	P
galimatizar	S
galimatizarem	P
galivar	S
galivarem	P
galonar	S
galonarem	P
galopar	S
galoparem	P
galopear	S
galopearem	P
galopinar	S
galopinarem	P
galrar	S
galrarem	P
galrear	S
galrearem	P
galrejar	S
galrejarem	P
galvanizar	S
galvanizarem	P
galvonotipar	S
galvonotiparem	P
gamar	S
gamarem	P
gambelar	S
gambelarem	P
gambetear	S
gambetearem	P
gambitar	S
gambitarem	P
gamenhar	S
gamenharem	P
gananciar	S
gananciarem	P
ganchar	S
gancharem	P
ganchear	S
ganchearem	P
gandaiar	S
gandaiarem	P
gandular	S
gandularem	P
ganglionar	S
ganglionarem	P
gangorrar	S
gangorrarem	P
gangorrear	S
gangorrearem	P
gangrenar	S
gangrenarem	P
ganhar	S
ganharem	P
ganir	S
ganirem	P
ganiçar	S
ganiçarem	P
gapinar	S
gapinarem	P
gapuiar	S
gapuiarem	P
garabulhar	S
garabulharem	P
garalhar	S
garalharem	P
garantir	S
garantirem	P
garançar	S
garançarem	P
garatujar	S
garatujarem	P
garavetar	S
garavetarem	P
garfar	S
garfarem	P
garfejar	S
garfejarem	P
garfiar	S
garfiarem	P
gargalaçar	S
gargalaçarem	P
gargalhadear	S
gargalhadearem	P
gargalhar	S
gargalharem	P
gargantear	S
gargantearem	P
gargantuar	S
gargantuarem	P
gargarejar	S
gargarejarem	P
garguitear	S
garguitearem	P
garimpar	S
garimparem	P
garnear	S
garnearem	P
garnir	S
garnirem	P
garoar	S
garoarem	P
garotar	S
garotarem	P
garotear	S
garotearem	P
garranchar	S
garrancharem	P
garrar	S
garrarem	P
garrear	S
garrearem	P
garrir	S
garrirem	P
garrochar	S
garrocharem	P
garrotar	S
garrotarem	P
garrotear	S
garrotearem	P
garruchar	S
garrucharem	P
garrular	S
garrularem	P
garrulear	S
garrulearem	P
garuar	S
garuarem	P
gasalhar	S
gasalharem	P
gasear	S
gasearem	P
gaseificar	S
gaseificarem	P
gasguitar	S
gasguitarem	P
gasguitear	S
gasguitearem	P
gasificar	S
gasificarem	P
gaspear	S
gaspearem	P
gastar	S
gastarem	P
gatafunhar	S
gatafunharem	P
gatanhar	S
gatanharem	P
gatar	S
gatarem	P
gatear	S
gatearem	P
gatificar	S
gatificarem	P
gatinhar	S
gatinharem	P
gatunar	S
gatunarem	P
gatunhar	S
gatunharem	P
gaturar	S
gaturarem	P
gaturrar	S
gaturrarem	P
gauchar	S
gaucharem	P
gaucherear	S
gaucherearem	P
gauderiar	S
gauderiarem	P
gaudiar	S
gaudiarem	P
gavar	S
gavarem	P
gavear	S
gavearem	P
gavionar	S
gavionarem	P
gazear	S
gazearem	P
gazetear	S
gazetearem	P
gazofilar	S
gazofilarem	P
gear	S
gearem	P
gebar	S
gebarem	P
gebrar	S
gebrarem	P
gelar	S
gelarem	P
gelatinizar	S
gelatinizarem	P
gelifizer	S
gelifizerem	P
gemar	S
gemarem	P
gemelhicar	S
gemelhicarem	P
gemer	S
gemerem	P
gemicar	S
gemicarem	P
geminar	S
geminarem	P
generalizar	S
generalizarem	P
genrear	S
genrearem	P
gentilizar	S
gentilizarem	P
genuflectir	S
genuflectirem	P
genufletir	S
genufletirem	P
geografar	S
geografarem	P
geometrizar	S
geometrizarem	P
gerar	S
gerarem	P
gerecer	S
gerecerem	P
gerenciar	S
gerenciarem	P
gerir	S
gerirem	P
germanar	S
germanarem	P
germanizar	S
germanizarem	P
germinar	S
germinarem	P
gessar	S
gessarem	P
gesticular	S
gesticularem	P
gigantear	S
gigantearem	P
gigantizar	S
gigantizarem	P
gimbrar	S
gimbrarem	P
ginetear	S
ginetearem	P
gingar	S
gingarem	P
girandolar	S
girandolarem	P
girar	S
girarem	P
girogirar	S
girogirarem	P
girovagar	S
girovagarem	P
gizar	S
gizarem	P
gladiar	S
gladiarem	P
glomerar	S
glomerarem	P
gloriar	S
gloriarem	P
glorificar	S
glorificarem	P
glosar	S
glosarem	P
gloterar	S
gloterarem	P
glotorar	S
glotorarem	P
glutinar	S
glutinarem	P
goderar	S
goderarem	P
goelar	S
goelarem	P
gofar	S
gofarem	P
gofrar	S
gofrarem	P
goianizar	S
goianizarem	P
goivar	S
goivarem	P
golear	S
golearem	P
golejar	S
golejarem	P
golelhar	S
golelharem	P
golfar	S
golfarem	P
golfejar	S
golfejarem	P
golipar	S
goliparem	P
golpear	S
golpearem	P
gomar	S
gomarem	P
gomificar	S
gomificarem	P
gondolar	S
gondolarem	P
gongar	S
gongarem	P
gongorizar	S
gongorizarem	P
gorar	S
gorarem	P
gorgolar	S
gorgolarem	P
gorgolejar	S
gorgolejarem	P
gorgolhar	S
gorgolharem	P
gorgulhar	S
gorgulharem	P
gorjear	S
gorjearem	P
gornir	S
gornirem	P
gosmar	S
gosmarem	P
gostar	S
gostarem	P
gotear	S
gotearem	P
gotejar	S
gotejarem	P
governar	S
governarem	P
governichar	S
governicharem	P
gozar	S
gozarem	P
gracejar	S
gracejarem	P
gracitar	S
gracitarem	P
gradar	S
gradarem	P
gradear	S
gradearem	P
gradecer	S
gradecerem	P
gradejar	S
gradejarem	P
gradinar	S
gradinarem	P
graduar	S
graduarem	P
grafar	S
grafarem	P
grafitar	S
grafitarem	P
gralhar	S
gralharem	P
gralhear	S
gralhearem	P
gramar	S
gramarem	P
gramaticar	S
gramaticarem	P
graminhar	S
graminharem	P
grampar	S
gramparem	P
grampear	S
grampearem	P
granar	S
granarem	P
granear	S
granearem	P
granir	S
granirem	P
granitar	S
granitarem	P
granizar	S
granizarem	P
granjear	S
granjearem	P
granular	S
granularem	P
grasnar	S
grasnarem	P
grasnir	S
grasnirem	P
grassar	S
grassarem	P
grassitar	S
grassitarem	P
gratear	S
gratearem	P
gratificar	S
gratificarem	P
gratular	S
gratularem	P
gravar	S
gravarem	P
gravatear	S
gravatearem	P
gravetar	S
gravetarem	P
gravidar	S
gravidarem	P
gravitar	S
gravitarem	P
gravotear	S
gravotearem	P
gravunhar	S
gravunharem	P
graxear	S
graxearem	P
grazinar	S
grazinarem	P
graçolar	S
graçolarem	P
grecizar	S
grecizarem	P
greguejar	S
greguejarem	P
grelar	S
grelarem	P
grelhar	S
grelharem	P
gretar	S
gretarem	P
grifar	S
grifarem	P
grilar	S
grilarem	P
grimpar	S
grimparem	P
grinaldar	S
grinaldarem	P
grinfar	S
grinfarem	P
gripar	S
griparem	P
grisalhar	S
grisalharem	P
grisar	S
grisarem	P
gritar	S
gritarem	P
grivar	S
grivarem	P
grolar	S
grolarem	P
grosar	S
grosarem	P
grudar	S
grudarem	P
grugrulejar	S
grugrulejarem	P
grugrulhar	S
grugrulharem	P
grugulejar	S
grugulejarem	P
grugunzar	S
grugunzarem	P
gruir	S
grulhar	S
grulharem	P
grumar	S
grumarem	P
grumecer	S
grumecerem	P
grunhir	S
grunhirem	P
grupar	S
gruparem	P
gruírem	P
guaguachar	S
guaguacharem	P
guaiar	S
guaiarem	P
gualdir	S
gualdirem	P
gualdripar	S
gualdriparem	P
guampear	S
guampearem	P
guapear	S
guapearem	P
guapetonear	S
guapetonearem	P
guardar	S
guardarem	P
guardear	S
guardearem	P
guarecer	S
guarecerem	P
guarir	S
guarirem	P
guarnecer	S
guarnecerem	P
guarnir	S
guarnirem	P
guasquear	S
guasquearem	P
guerrear	S
guerrearem	P
guerrilhar	S
guerrilharem	P
guiar	S
guiarem	P
guilhotinar	S
guilhotinarem	P
guinar	S
guinarem	P
guinchar	S
guincharem	P
guindar	S
guindarem	P
guisar	S
guisarem	P
guitarrear	S
guitarrearem	P
guizalhar	S
guizalharem	P
gulaimar	S
gulaimarem	P
gulapar	S
gulaparem	P
gulosar	S
gulosarem	P
gulosear	S
gulosearem	P
gulosinar	S
gulosinarem	P
gungunar	S
gungunarem	P
gurnir	S
gurnirem	P
guturalizar	S
guturalizarem	P
habilitar	S
habilitarem	P
habitar	S
habitarem	P
habituar	S
habituarem	P
hachurar	S
hachurarem	P
hackear	S
hackearem	P
halogenar	S
halogenarem	P
haraganar	S
haraganarem	P
haraganear	S
haraganearem	P
harmonizar	S
harmonizarem	P
harpar	S
harparem	P
harpear	S
harpearem	P
harpejar	S
harpejarem	P
hastear	S
hastearem	P
haurir	S
haurirem	P
hebetar	S
hebetarem	P
hebraizar	S
hebraizarem	P
hegemonizar	S
hegemonizarem	P
heleborizar	S
heleborizarem	P
helenizar	S
helenizarem	P
hematizar	S
hematizarem	P
hematosar	S
hematosarem	P
hemolisar	S
hemolisarem	P
hepatizar	S
hepatizarem	P
herborizar	S
herborizarem	P
herdar	S
herdarem	P
heroicizar	S
heroicizarem	P
heroificar	S
heroificarem	P
hesitar	S
hesitarem	P
hiatizar	S
hiatizarem	P
hibernar	S
hibernarem	P
hidratar	S
hidratarem	P
hidrogenar	S
hidrogenarem	P
hidrolisar	S
hidrolisarem	P
hiemalizar	S
hiemalizarem	P
hierarquizar	S
hierarquizarem	P
hifenizar	S
hifenizarem	P
higienizar	S
higienizarem	P
hilarizar	S
hilarizarem	P
hinir	S
hinirem	P
hiperbolizar	S
hiperbolizarem	P
hiperestesiar	S
hiperestesiarem	P
hipertrofiar	S
hipertrofiarem	P
hipnotizar	S
hipnotizarem	P
hipostasiar	S
hipostasiarem	P
hipotecar	S
hipotecarem	P
hirtar	S
hirtarem	P
hispanizar	S
hispanizarem	P
hispar	S
hisparem	P
hispidar	S
hispidarem	P
hissopar	S
hissoparem	P
historiar	S
historiarem	P
historicizar	S
historicizarem	P
historizar	S
historizarem	P
holandizar	S
holandizarem	P
homenagear	S
homenagearem	P
homicidar	S
homicidarem	P
homicidiar	S
homicidiarem	P
homiliar	S
homiliarem	P
homiziar	S
homiziarem	P
homogeneizar	S
homogeneizarem	P
homogenizar	S
homogenizarem	P
homologar	S
homologarem	P
honestar	S
honestarem	P
honestizar	S
honestizarem	P
honorar	S
honorarem	P
honorificar	S
honorificarem	P
honrar	S
honrarem	P
horizontalizar	S
horizontalizarem	P
horizontar	S
horizontarem	P
horoscopar	S
horoscoparem	P
horoscopizar	S
horoscopizarem	P
horripilar	S
horripilarem	P
horrorizar	S
horrorizarem	P
hortar	S
hortarem	P
hospedar	S
hospedarem	P
hospitalar	S
hospitalarem	P
hospitalizar	S
hospitalizarem	P
hostilizar	S
hostilizarem	P
houver	S
houverem	P
humanar	S
humanarem	P
humanizar	S
humanizarem	P
humectar	S
humectarem	P
humedecer	S
humedecerem	P
humidificar	S
humidificarem	P
humildar	S
humildarem	P
humilhar	S
humilharem	P
humorizar	S
humorizarem	P
iberizar	S
iberizarem	P
ibramar	S
ibramarem	P
idealizar	S
idealizarem	P
idear	S
idearem	P
identificar	S
identificarem	P
idiotar	S
idiotarem	P
idiotizar	S
idiotizarem	P
idolatrar	S
idolatrarem	P
idolatrizar	S
idolatrizarem	P
ignificar	S
ignificarem	P
ignizar	S
ignizarem	P
ignobilizar	S
ignobilizarem	P
ignominiar	S
ignominiarem	P
ignorar	S
ignorarem	P
igualar	S
igualarem	P
igualdar	S
igualdarem	P
igualizar	S
igualizarem	P
ilaquear	S
ilaquearem	P
ilegalizar	S
ilegalizarem	P
ilhar	S
ilharem	P
ilibar	S
ilibarem	P
ilidir	S
ilidirem	P
iligar	S
iligarem	P
iliçar	S
iliçarem	P
iludir	S
iludirem	P
iluminar	S
iluminarem	P
ilustrar	S
ilustrarem	P
ilutar	S
ilutarem	P
imaginar	S
imaginarem	P
imanar	S
imanarem	P
imanizar	S
imanizarem	P
imantar	S
imantarem	P
imantizar	S
imantizarem	P
imaterializar	S
imaterializarem	P
imbecilitar	S
imbecilitarem	P
imbecilizar	S
imbecilizarem	P
imbicar	S
imbicarem	P
imbricar	S
imbricarem	P
imbuir	S
imbuírem	P
imediatar	S
imediatarem	P
imergir	S
imergirem	P
imigrar	S
imigrarem	P
imiscuir	S
imiscuírem	P
imitar	S
imitarem	P
imitir	S
imitirem	P
imobilizar	S
imobilizarem	P
imolar	S
imolarem	P
imortalizar	S
imortalizarem	P
impacientar	S
impacientarem	P
impactar	S
impactarem	P
impaludar	S
impaludarem	P
impar	S
imparcializar	S
imparcializarem	P
imparem	P
impassibilizar	S
impassibilizarem	P
impedir	S
impedirem	P
impelir	S
impelirem	P
impender	S
impenderem	P
imperar	S
imperarem	P
imperfeiçoar	S
imperfeiçoarem	P
imperializar	S
imperializarem	P
impermeabilizar	S
impermeabilizarem	P
impermear	S
impermearem	P
impersonalizar	S
impersonalizarem	P
impersonificar	S
impersonificarem	P
impessoalizar	S
impessoalizarem	P
impetar	S
impetarem	P
impeticar	S
impeticarem	P
impetilhar	S
impetilharem	P
impetrar	S
impetrarem	P
impingir	S
impingirem	P
implantar	S
implantarem	P
implementar	S
implementarem	P
implicar	S
implicarem	P
implorar	S
implorarem	P
impontar	S
impontarem	P
impopularizar	S
impopularizarem	P
importar	S
importarem	P
importunar	S
importunarem	P
impossibilitar	S
impossibilitarem	P
impostar	S
impostarem	P
imposturar	S
imposturarem	P
imprecar	S
imprecarem	P
impregnar	S
impregnarem	P
imprensar	S
imprensarem	P
impressionar	S
impressionarem	P
imprestabilizar	S
imprestabilizarem	P
imprimar	S
imprimarem	P
imprimir	S
imprimirem	P
improbar	S
improbarem	P
improceder	S
improcederem	P
impronunciar	S
impronunciarem	P
improperar	S
improperarem	P
improporcionar	S
improporcionarem	P
impropriar	S
impropriarem	P
improvar	S
improvarem	P
improvisar	S
improvisarem	P
impugnar	S
impugnarem	P
impulsar	S
impulsarem	P
impulsionar	S
impulsionarem	P
impunir	S
impunirem	P
impurificar	S
impurificarem	P
impuser	S
impuserem	P
imputar	S
imputarem	P
imunizar	S
imunizarem	P
imutar	S
imutarem	P
inabilitar	S
inabilitarem	P
inabitar	S
inabitarem	P
inactivar	S
inactivarem	P
inadaptar	S
inadaptarem	P
inadestrar	S
inadestrarem	P
inadimplir	S
inadimplirem	P
inalar	S
inalarem	P
inanir	S
inanirem	P
inativar	S
inativarem	P
inaugurar	S
inaugurarem	P
incamerar	S
incamerarem	P
incandescer	S
incandescerem	P
incapacitar	S
incapacitarem	P
incardinar	S
incardinarem	P
incarnar	S
incarnarem	P
incender	S
incenderem	P
incendiar	S
incendiarem	P
incensar	S
incensarem	P
incentivar	S
incentivarem	P
incertar	S
incertarem	P
incestar	S
incestarem	P
inchar	S
incharem	P
incidentar	S
incidentarem	P
incidir	S
incidirem	P
incinerar	S
incinerarem	P
incisar	S
incisarem	P
incitar	S
incitarem	P
inclinar	S
inclinarem	P
incluir	S
incluírem	P
incoar	S
incoarem	P
incolorar	S
incolorarem	P
incomodar	S
incomodarem	P
incompatibilizar	S
incompatibilizarem	P
incompreender	S
incompreenderem	P
incomunicar	S
incomunicarem	P
inconfortar	S
inconfortarem	P
inconstitucionalizar	S
inconstitucionalizarem	P
incorporar	S
incorporarem	P
incorrer	S
incorrerem	P
incrassar	S
incrassarem	P
incrementar	S
incrementarem	P
increpar	S
increparem	P
increr	S
increrem	P
incriminar	S
incriminarem	P
incruentar	S
incruentarem	P
incrustar	S
incrustarem	P
incubar	S
incubarem	P
inculcar	S
inculcarem	P
inculpar	S
inculparem	P
incumbir	S
incumbirem	P
incutir	S
incutirem	P
indagar	S
indagarem	P
indeferir	S
indeferirem	P
indemnizar	S
indemnizarem	P
indenizar	S
indenizarem	P
independentizar	S
independentizarem	P
independer	S
independerem	P
indeterminar	S
indeterminarem	P
indexar	S
indexarem	P
indianizar	S
indianizarem	P
indicar	S
indicarem	P
indiciar	S
indiciarem	P
indigestar	S
indigestarem	P
indigitar	S
indigitarem	P
indignar	S
indignarem	P
indisciplinar	S
indisciplinarem	P
indisponibilizar	S
indisponibilizarem	P
indispuser	S
indispuserem	P
individualizar	S
individualizarem	P
individuar	S
individuarem	P
indocilizar	S
indocilizarem	P
indulgenciar	S
indulgenciarem	P
indultar	S
indultarem	P
indumentar	S
indumentarem	P
industrializar	S
industrializarem	P
industriar	S
industriarem	P
indutar	S
indutarem	P
induzir	S
induzirem	P
inebriar	S
inebriarem	P
inerciar	S
inerciarem	P
inerir	S
inerirem	P
inervar	S
inervarem	P
inexistir	S
inexistirem	P
infamar	S
infamarem	P
infantilizar	S
infantilizarem	P
infeccionar	S
infeccionarem	P
infectar	S
infectarem	P
infecundar	S
infecundarem	P
infelicitar	S
infelicitarem	P
inferiorizar	S
inferiorizarem	P
inferir	S
inferirem	P
infernar	S
infernarem	P
infernizar	S
infernizarem	P
infertilizar	S
infertilizarem	P
infestar	S
infestarem	P
infetar	S
infetarem	P
infibular	S
infibularem	P
inficcionar	S
inficcionarem	P
inficionar	S
inficionarem	P
infiltrar	S
infiltrarem	P
infingir	S
infingirem	P
infirmar	S
infirmarem	P
infixar	S
infixarem	P
inflacionar	S
inflacionarem	P
inflamar	S
inflamarem	P
inflar	S
inflarem	P
inflectir	S
inflectirem	P
infletir	S
infletirem	P
inflexionar	S
inflexionarem	P
infligir	S
infligirem	P
influenciar	S
influenciarem	P
influir	S
influírem	P
informar	S
informarem	P
informatizar	S
informatizarem	P
infortunar	S
infortunarem	P
infringir	S
infringirem	P
infrondar	S
infrondarem	P
infuleimar	S
infuleimarem	P
infundir	S
infundirem	P
infurnicar	S
infurnicarem	P
infusar	S
infusarem	P
ingerir	S
ingerirem	P
inglesar	S
inglesarem	P
ingredir	S
ingredirem	P
ingressar	S
ingressarem	P
ingurgitar	S
ingurgitarem	P
inibir	S
inibirem	P
iniciar	S
iniciarem	P
inimistar	S
inimistarem	P
inimizar	S
inimizarem	P
injetar	S
injetarem	P
injungir	S
injungirem	P
injuriar	S
injuriarem	P
inocentar	S
inocentarem	P
inocular	S
inocularem	P
inorar	S
inorarem	P
inovar	S
inovarem	P
inquartar	S
inquartarem	P
inquerir	S
inquerirem	P
inquietar	S
inquietarem	P
inquinar	S
inquinarem	P
inquirir	S
inquirirem	P
insalivar	S
insalivarem	P
inscrever	S
inscreverem	P
insculpir	S
insculpirem	P
inseminar	S
inseminarem	P
insensibilizar	S
insensibilizarem	P
inserir	S
inserirem	P
insertar	S
insertarem	P
insidiar	S
insidiarem	P
insimular	S
insimularem	P
insinuar	S
insinuarem	P
insipidar	S
insipidarem	P
insistir	S
insistirem	P
insolar	S
insolarem	P
insonorizar	S
insonorizarem	P
insossar	S
insossarem	P
inspecionar	S
inspecionarem	P
inspetar	S
inspetarem	P
inspirar	S
inspirarem	P
inspissar	S
inspissarem	P
instabilizar	S
instabilizarem	P
instalar	S
instalarem	P
instar	S
instarem	P
instaurar	S
instaurarem	P
instigar	S
instigarem	P
instilar	S
instilarem	P
institucionalizar	S
institucionalizarem	P
instituir	S
instituírem	P
instruir	S
instrumentar	S
instrumentarem	P
instruírem	P
insubordinar	S
insubordinarem	P
insubsistir	S
insubsistirem	P
insuflar	S
insuflarem	P
insular	S
insularem	P
insultar	S
insultarem	P
insurgir	S
insurgirem	P
insurrecionar	S
insurrecionarem	P
integralizar	S
integralizarem	P
integrar	S
integrarem	P
inteirar	S
inteirarem	P
inteiriçar	S
inteiriçarem	P
intelectualizar	S
intelectualizarem	P
inteletualizar	S
inteletualizarem	P
intemperar	S
intemperarem	P
intencionar	S
intencionarem	P
intender	S
intenderem	P
intensar	S
intensarem	P
intensificar	S
intensificarem	P
intentar	S
intentarem	P
interagir	S
interagirem	P
intercalar	S
intercalarem	P
interceder	S
intercederem	P
interceptar	S
interceptarem	P
intercomunicar	S
intercomunicarem	P
interconectar	S
interconectarem	P
intercorrer	S
intercorrerem	P
intercortar	S
intercortarem	P
interdepender	S
interdependerem	P
interdisser	S
interdisserem	P
interditar	S
interditarem	P
interespacejar	S
interespacejarem	P
interessar	S
interessarem	P
interferir	S
interferirem	P
interfoliar	S
interfoliarem	P
interinar	S
interinarem	P
interiorizar	S
interiorizarem	P
interjecionar	S
interjecionarem	P
interjeicionar	S
interjeicionarem	P
interlaçar	S
interlaçarem	P
interligar	S
interligarem	P
intermear	S
intermearem	P
intermediar	S
intermediarem	P
intermeter	S
intermeterem	P
intermisturar	S
intermisturarem	P
intermitir	S
intermitirem	P
intermostrar	S
intermostrarem	P
internacionalizar	S
internacionalizarem	P
internar	S
internarem	P
interpelar	S
interpelarem	P
interpender	S
interpenderem	P
interpenetrar	S
interpenetrarem	P
interpicar	S
interpicarem	P
interpolar	S
interpolarem	P
interprender	S
interprenderem	P
interpresar	S
interpresarem	P
interpretar	S
interpretarem	P
interpuser	S
interpuserem	P
interrogar	S
interrogarem	P
interromper	S
interromperem	P
interseccionar	S
interseccionarem	P
intersecionar	S
intersecionarem	P
intersectar	S
intersectarem	P
interserir	S
interserirem	P
intersetar	S
intersetarem	P
intertecer	S
intertecerem	P
intervalar	S
intervalarem	P
interverter	S
interverterem	P
intervier	S
intervierem	P
intervir	S
intervirem	P
inticar	S
inticarem	P
intimar	S
intimarem	P
intimidar	S
intimidarem	P
intitular	S
intitularem	P
intoxicar	S
intoxicarem	P
intranquilizar	S
intranquilizarem	P
intransitivar	S
intransitivarem	P
intricar	S
intricarem	P
intrigar	S
intrigarem	P
intrincar	S
intrincarem	P
introduzir	S
introduzirem	P
introjetar	S
introjetarem	P
intrometer	S
intrometerem	P
introrsar	S
introrsarem	P
introsar	S
introsarem	P
introverter	S
introverterem	P
intrujar	S
intrujarem	P
intrujir	S
intrujirem	P
intuicionar	S
intuicionarem	P
intuir	S
intumescer	S
intumescerem	P
inturgescer	S
inturgescerem	P
intuírem	P
inumar	S
inumarem	P
inundar	S
inundarem	P
inutilizar	S
inutilizarem	P
invadir	S
invadirem	P
invaginar	S
invaginarem	P
invalescer	S
invalescerem	P
invalidar	S
invalidarem	P
invectar	S
invectarem	P
invectivar	S
invectivarem	P
invejar	S
invejarem	P
invencionar	S
invencionarem	P
inventar	S
inventarem	P
inventariar	S
inventariarem	P
invernar	S
invernarem	P
inverter	S
inverterem	P
investigar	S
investigarem	P
investir	S
investirem	P
inveterar	S
inveterarem	P
inviabilizar	S
inviabilizarem	P
invidar	S
invidarem	P
invidiar	S
invidiarem	P
inviperar	S
inviperarem	P
inviscerar	S
inviscerarem	P
invisibilizar	S
invisibilizarem	P
invitar	S
invitarem	P
invocar	S
invocarem	P
invulnerabilizar	S
invulnerabilizarem	P
inxerir	S
inxerirem	P
inzonar	S
inzonarem	P
inçar	S
inçarem	P
iodar	S
iodarem	P
ionizar	S
ionizarem	P
iotizar	S
iotizarem	P
iridiar	S
iridiarem	P
iridizar	S
iridizarem	P
irisar	S
irisarem	P
irizar	S
irizarem	P
irmanar	S
irmanarem	P
ironizar	S
ironizarem	P
irracionalizar	S
irracionalizarem	P
irradiar	S
irradiarem	P
irresponsabilizar	S
irresponsabilizarem	P
irreverenciar	S
irreverenciarem	P
irrigar	S
irrigarem	P
irritar	S
irritarem	P
irrogar	S
irrogarem	P
irromper	S
irromperem	P
irrorar	S
irrorarem	P
iscar	S
iscarem	P
isentar	S
isentarem	P
isocronizar	S
isocronizarem	P
isolar	S
isolarem	P
italianizar	S
italianizarem	P
italicizar	S
italicizarem	P
iterar	S
iterarem	P
içar	S
içarem	P
jacobinizar	S
jacobinizarem	P
jactanciar	S
jactanciarem	P
jactar	S
jactarem	P
jacular	S
jacularem	P
jaezar	S
jaezarem	P
janelar	S
janelarem	P
janotar	S
janotarem	P
janotear	S
janotearem	P
jantar	S
jantarem	P
japonezar	S
japonezarem	P
japonizar	S
japonizarem	P
jardinar	S
jardinarem	P
jarrear	S
jarrearem	P
jarretar	S
jarretarem	P
jarretear	S
jarretearem	P
jaspear	S
jaspearem	P
jatanciar	S
jatanciarem	P
jatar	S
jatarem	P
javrar	S
javrarem	P
jazer	S
jazerem	P
jejuar	S
jejuarem	P
jeremiar	S
jeremiarem	P
jesuitizar	S
jesuitizarem	P
jiboiar	S
jiboiarem	P
joeirar	S
joeirarem	P
joelhar	S
joelharem	P
jogar	S
jogarem	P
jogatar	S
jogatarem	P
joguetar	S
joguetarem	P
joguetear	S
joguetearem	P
jongar	S
jongarem	P
jornadear	S
jornadearem	P
jornalizar	S
jornalizarem	P
jorrar	S
jorrarem	P
jovializar	S
jovializarem	P
jubilar	S
jubilarem	P
judaizar	S
judaizarem	P
judiar	S
judiarem	P
judicializar	S
judicializarem	P
judiciar	S
judiciarem	P
jugadar	S
jugadarem	P
jugar	S
jugarem	P
jugular	S
jugularem	P
julgar	S
julgarem	P
juncar	S
juncarem	P
jungir	S
jungirem	P
juntar	S
juntarem	P
juramentar	S
juramentarem	P
jurar	S
jurarem	P
jurisdicionar	S
jurisdicionarem	P
justapuser	S
justapuserem	P
justar	S
justarem	P
justificar	S
justificarem	P
justiçar	S
justiçarem	P
juvenescer	S
juvenescerem	P
labariscar	S
labariscarem	P
labializar	S
labializarem	P
labirintar	S
labirintarem	P
laborar	S
laborarem	P
labrear	S
labrearem	P
labregar	S
labregarem	P
labrestar	S
labrestarem	P
labutar	S
labutarem	P
labuzar	S
labuzarem	P
lacaiar	S
lacaiarem	P
lacar	S
lacarem	P
lacear	S
lacearem	P
lacerar	S
lacerarem	P
laconizar	S
laconizarem	P
lacranar	S
lacranarem	P
lacrar	S
lacrarem	P
lacrear	S
lacrearem	P
lacrimar	S
lacrimarem	P
lacrimejar	S
lacrimejarem	P
lactar	S
lactarem	P
ladainhar	S
ladainharem	P
ladear	S
ladearem	P
ladeirar	S
ladeirarem	P
ladrar	S
ladrarem	P
ladrilhar	S
ladrilharem	P
ladripar	S
ladriparem	P
ladroar	S
ladroarem	P
ladroeirar	S
ladroeirarem	P
lagartear	S
lagartearem	P
lagrimar	S
lagrimarem	P
lagrimejar	S
lagrimejarem	P
laicificar	S
laicificarem	P
laicizar	S
laicizarem	P
laivar	S
laivarem	P
lajear	S
lajearem	P
lalar	S
lalarem	P
lambancear	S
lambancearem	P
lambar	S
lambarar	S
lambararem	P
lambarejar	S
lambarejarem	P
lambarem	P
lambazar	S
lambazarem	P
lambear	S
lambearem	P
lamber	S
lamberem	P
lambetear	S
lambetearem	P
lambicar	S
lambicarem	P
lambiscar	S
lambiscarem	P
lambrecar	S
lambrecarem	P
lambrisar	S
lambrisarem	P
lambrizar	S
lambrizarem	P
lambujar	S
lambujarem	P
lambuzar	S
lambuzarem	P
lambuçar	S
lambuçarem	P
lamechar	S
lamecharem	P
lameirar	S
lameirarem	P
lamelar	S
lamelarem	P
lamentar	S
lamentarem	P
laminar	S
laminarem	P
lampadejar	S
lampadejarem	P
lamparejar	S
lamparejarem	P
lampejar	S
lampejarem	P
lamprear	S
lamprearem	P
lamuriar	S
lamuriarem	P
lancear	S
lancearem	P
lancetar	S
lancetarem	P
lanchar	S
lancharem	P
lancinar	S
lancinarem	P
langarear	S
langarearem	P
languescer	S
languescerem	P
languidescer	S
languidescerem	P
languir	S
languirem	P
lanhar	S
lanharem	P
lantejoilar	S
lantejoilarem	P
lantejoular	S
lantejoularem	P
lanternar	S
lanternarem	P
lanzoar	S
lanzoarem	P
lançar	S
lançarem	P
laparotomizar	S
laparotomizarem	P
lapear	S
lapearem	P
lapidar	S
lapidarem	P
lapidificar	S
lapidificarem	P
lapijar	S
lapijarem	P
lapisar	S
lapisarem	P
laquear	S
laquearem	P
larachear	S
larachearem	P
larapiar	S
larapiarem	P
lardear	S
lardearem	P
larear	S
larearem	P
largar	S
largarem	P
larguear	S
larguearem	P
lascar	S
lascarem	P
laspear	S
laspearem	P
lassar	S
lassarem	P
lassear	S
lassearem	P
lastimar	S
lastimarem	P
lastrar	S
lastrarem	P
lastrear	S
lastrearem	P
latanhar	S
latanharem	P
latear	S
latearem	P
latejar	S
latejarem	P
later	S
lateralizar	S
lateralizarem	P
laterem	P
laticar	S
laticarem	P
latinar	S
latinarem	P
latinizar	S
latinizarem	P
latir	S
latirem	P
latrocinar	S
latrocinarem	P
laudanizar	S
laudanizarem	P
laurear	S
laurearem	P
lavajar	S
lavajarem	P
lavar	S
lavarem	P
lavejar	S
lavejarem	P
lavorar	S
lavorarem	P
lavourar	S
lavourarem	P
lavrar	S
lavrarem	P
laxar	S
laxarem	P
lazarar	S
lazararem	P
lazeirar	S
lazeirarem	P
lazerar	S
lazerarem	P
laçar	S
laçarem	P
lealdar	S
lealdarem	P
lecionar	S
lecionarem	P
legalizar	S
legalizarem	P
legar	S
legarem	P
legendar	S
legendarem	P
legiferar	S
legiferarem	P
legislar	S
legislarem	P
legitimar	S
legitimarem	P
legrar	S
legrarem	P
leiautar	S
leiautarem	P
leigar	S
leigarem	P
leiloar	S
leiloarem	P
leirar	S
leirarem	P
leitar	S
leitarem	P
leixar	S
leixarem	P
lembrar	S
lembrarem	P
lengalengar	S
lengalengarem	P
lenhar	S
lenharem	P
lenhificar	S
lenhificarem	P
lenificar	S
lenificarem	P
lenimentar	S
lenimentarem	P
lenir	S
lenirem	P
lentar	S
lentarem	P
lentear	S
lentearem	P
lentejar	S
lentejarem	P
lentejoilar	S
lentejoilarem	P
lentejoular	S
lentejoularem	P
lentescer	S
lentescerem	P
ler	S
lerdar	S
lerdarem	P
lerdear	S
lerdearem	P
lerem	P
lesar	S
lesarem	P
lesmar	S
lesmarem	P
letargiar	S
letargiarem	P
letificar	S
letificarem	P
letrear	S
letrearem	P
levantar	S
levantarem	P
levar	S
levarem	P
levedar	S
levedarem	P
levigar	S
levigarem	P
levitar	S
levitarem	P
lexicografar	S
lexicografarem	P
liar	S
liarem	P
libar	S
libarem	P
libelar	S
libelarem	P
liberalizar	S
liberalizarem	P
liberar	S
liberarem	P
libertar	S
libertarem	P
librar	S
librarem	P
librinar	S
librinarem	P
licenciar	S
licenciarem	P
licitar	S
licitarem	P
lidar	S
lidarem	P
liderar	S
liderarem	P
lidimar	S
lidimarem	P
ligar	S
ligarem	P
lignificar	S
lignificarem	P
limar	S
limarem	P
limitar	S
limitarem	P
limpar	S
limparem	P
linchar	S
lincharem	P
lindar	S
lindarem	P
linfar	S
linfarem	P
linfatizar	S
linfatizarem	P
lingar	S
lingarem	P
linguajar	S
linguajarem	P
linguarejar	S
linguarejarem	P
linimentar	S
linimentarem	P
linotipar	S
linotiparem	P
liofilizar	S
liofilizarem	P
liquefizer	S
liquefizerem	P
liquescer	S
liquescerem	P
liquidar	S
liquidarem	P
liquidificar	S
liquidificarem	P
liricar	S
liricarem	P
lisboetizar	S
lisboetizarem	P
lismar	S
lismarem	P
lisonjar	S
lisonjarem	P
lisonjear	S
lisonjearem	P
listar	S
listarem	P
listrar	S
listrarem	P
litar	S
litarem	P
literatar	S
literatarem	P
literatejar	S
literatejarem	P
literatizar	S
literatizarem	P
literaturar	S
literaturarem	P
litigar	S
litigarem	P
litigiar	S
litigiarem	P
litografar	S
litografarem	P
livelar	S
livelarem	P
lividescer	S
lividescerem	P
livrar	S
livrarem	P
lixar	S
lixarem	P
lixiviar	S
lixiviarem	P
lizar	S
lizarem	P
loar	S
loarem	P
lobregar	S
lobregarem	P
lobrigar	S
lobrigarem	P
localizar	S
localizarem	P
locar	S
locarem	P
locionar	S
locionarem	P
locomover	S
locomoverem	P
locucionar	S
locucionarem	P
locupletar	S
locupletarem	P
logicar	S
logicarem	P
lograr	S
lograrem	P
loiquejar	S
loiquejarem	P
loirar	S
loirarem	P
loirear	S
loirearem	P
loirecer	S
loirecerem	P
loirejar	S
loirejarem	P
loivaminhar	S
loivaminharem	P
loivar	S
loivarem	P
loiçainhar	S
loiçainharem	P
loiçanear	S
loiçanearem	P
lombear	S
lombearem	P
lombiar	S
lombiarem	P
lombilhar	S
lombilharem	P
lombrar	S
lombrarem	P
lonquear	S
lonquearem	P
lordar	S
lordarem	P
lorotar	S
lorotarem	P
lotar	S
lotarem	P
lotear	S
lotearem	P
louquejar	S
louquejarem	P
lourar	S
lourarem	P
lourear	S
lourearem	P
lourecer	S
lourecerem	P
lourejar	S
lourejarem	P
louvaminhar	S
louvaminharem	P
louvar	S
louvarem	P
louçainhar	S
louçainharem	P
louçanear	S
louçanearem	P
luarejar	S
luarejarem	P
luarizar	S
luarizarem	P
lubricar	S
lubricarem	P
lubrificar	S
lubrificarem	P
lucejar	S
lucejarem	P
luchar	S
lucharem	P
lucidar	S
lucidarem	P
lucilar	S
lucilarem	P
luciluzir	S
luciluzirem	P
luciolar	S
luciolarem	P
lucrar	S
lucrarem	P
lucubrar	S
lucubrarem	P
ludibriar	S
ludibriarem	P
lufar	S
lufarem	P
luitar	S
luitarem	P
lumiar	S
lumiarem	P
lumpesinar	S
lumpesinarem	P
lurar	S
lurarem	P
lusificar	S
lusificarem	P
lusitanizar	S
lusitanizarem	P
lustrar	S
lustrarem	P
lutar	S
lutarem	P
luxar	S
luxarem	P
luxuriar	S
luxuriarem	P
luziluzir	S
luziluzirem	P
luzir	S
luzirem	P
macabrear	S
macabrearem	P
macacar	S
macacarem	P
macadamizar	S
macadamizarem	P
macambuziar	S
macambuziarem	P
macaquear	S
macaquearem	P
macarronar	S
macarronarem	P
macerar	S
macerarem	P
macetar	S
macetarem	P
macetear	S
macetearem	P
machadar	S
machadarem	P
machear	S
machearem	P
machiar	S
machiarem	P
machucar	S
machucarem	P
maciar	S
maciarem	P
macotear	S
macotearem	P
macucar	S
macucarem	P
macular	S
macularem	P
macumbar	S
macumbarem	P
macumbeirar	S
macumbeirarem	P
madeficar	S
madeficarem	P
madeirar	S
madeirarem	P
madeixar	S
madeixarem	P
madornar	S
madornarem	P
madorrar	S
madorrarem	P
madracear	S
madracearem	P
madraceirar	S
madraceirarem	P
madraçar	S
madraçarem	P
madrigalizar	S
madrigalizarem	P
madrinhar	S
madrinharem	P
madrugar	S
madrugarem	P
madurar	S
madurarem	P
madurecer	S
madurecerem	P
maganear	S
maganearem	P
magicar	S
magicarem	P
maginar	S
maginarem	P
magnetizar	S
magnetizarem	P
magnificar	S
magnificarem	P
magoar	S
magoarem	P
maisquis	S
maisquisem	P
maiusculizar	S
maiusculizarem	P
majorar	S
majorarem	P
maladrar	S
maladrarem	P
malandrar	S
malandrarem	P
malandrear	S
malandrearem	P
malar	S
malarem	P
malaxar	S
malaxarem	P
malbaratar	S
malbaratarem	P
malbaratear	S
malbaratearem	P
malcondisser	S
malcondisserem	P
malconfiar	S
malconfiarem	P
malcozer	S
malcozerem	P
maldar	S
maldarem	P
maldisser	S
maldisserem	P
maldiçoar	S
maldiçoarem	P
maleabilizar	S
maleabilizarem	P
malear	S
malearem	P
maleficiar	S
maleficiarem	P
malfadar	S
malfadarem	P
malferir	S
malferirem	P
malfizer	S
malfizerem	P
malgastar	S
malgastarem	P
malgovernar	S
malgovernarem	P
malhar	S
malharem	P
malhetar	S
malhetarem	P
maliciar	S
maliciarem	P
malignar	S
malignarem	P
malinar	S
malinarem	P
malocar	S
malocarem	P
malograr	S
malograrem	P
malparar	S
malpararem	P
malparir	S
malparirem	P
malquis	S
malquisem	P
malquistar	S
malquistarem	P
malsinar	S
malsinarem	P
malsofrer	S
malsofrerem	P
maltar	S
maltarem	P
maltratar	S
maltratarem	P
malucar	S
malucarem	P
malufar	S
malufarem	P
maluquear	S
maluquearem	P
malversar	S
malversarem	P
mamar	S
mamarem	P
mampar	S
mamparem	P
mamparrear	S
mamparrearem	P
mamujar	S
mamujarem	P
manar	S
manarem	P
mancar	S
mancarem	P
manchar	S
mancharem	P
manchear	S
manchearem	P
mancipar	S
manciparem	P
mancomunar	S
mancomunarem	P
mancornar	S
mancornarem	P
mandar	S
mandarem	P
mandingar	S
mandingarem	P
mandrianar	S
mandrianarem	P
mandriar	S
mandriarem	P
mandrilar	S
mandrilarem	P
mandrionar	S
mandrionarem	P
manducar	S
manducarem	P
manear	S
manearem	P
manegar	S
manegarem	P
maneirar	S
maneirarem	P
manejar	S
manejarem	P
manetear	S
manetearem	P
mangabar	S
mangabarem	P
mangar	S
mangarem	P
mangolar	S
mangolarem	P
mangonar	S
mangonarem	P
mangonear	S
mangonearem	P
mangorrear	S
mangorrearem	P
mangrar	S
mangrarem	P
manguear	S
manguearem	P
manheirar	S
manheirarem	P
manhosar	S
manhosarem	P
maniatar	S
maniatarem	P
manietar	S
manietarem	P
manifestar	S
manifestarem	P
maniganciar	S
maniganciarem	P
manilhar	S
manilharem	P
maninhar	S
maninharem	P
manipular	S
manipularem	P
manir	S
manirem	P
manivelar	S
manivelarem	P
manjar	S
manjarem	P
manobrar	S
manobrarem	P
manocar	S
manocarem	P
manosear	S
manosearem	P
manotear	S
manotearem	P
manquecer	S
manquecerem	P
manquejar	S
manquejarem	P
manquetear	S
manquetearem	P
manquitar	S
manquitarem	P
manquitolar	S
manquitolarem	P
mantar	S
mantarem	P
mantear	S
mantearem	P
mantiver	S
mantiverem	P
manufacturar	S
manufacturarem	P
manufaturar	S
manufaturarem	P
manumitir	S
manumitirem	P
manuscrever	S
manuscreverem	P
manusear	S
manusearem	P
manutenir	S
manutenirem	P
manzanzar	S
manzanzarem	P
maometanizar	S
maometanizarem	P
mapear	S
mapearem	P
mapiar	S
mapiarem	P
maquiar	S
maquiarem	P
maquiavelizar	S
maquiavelizarem	P
maquilar	S
maquilarem	P
maquilhar	S
maquilharem	P
maquinar	S
maquinarem	P
maquinizar	S
maquinizarem	P
marafonear	S
marafonearem	P
maragatear	S
maragatearem	P
marambaiar	S
marambaiarem	P
maranhar	S
maranharem	P
marar	S
mararem	P
marasmar	S
marasmarem	P
marasnar	S
marasnarem	P
maravilhar	S
maravilharem	P
marcar	S
marcarem	P
marceneirar	S
marceneirarem	P
marcescer	S
marcescerem	P
marchar	S
marcharem	P
marchetar	S
marchetarem	P
marcializar	S
marcializarem	P
marear	S
marearem	P
marejar	S
marejarem	P
marfar	S
marfarem	P
marfinizar	S
marfinizarem	P
marfolhar	S
marfolharem	P
margar	S
margarem	P
margear	S
margearem	P
marginalizar	S
marginalizarem	P
marginar	S
marginarem	P
maridar	S
maridarem	P
marimbar	S
marimbarem	P
marinar	S
marinarem	P
marinhar	S
marinharem	P
marinheirar	S
marinheirarem	P
mariolar	S
mariolarem	P
mariposar	S
mariposarem	P
mariposear	S
mariposearem	P
mariscar	S
mariscarem	P
marlotar	S
marlotarem	P
marmar	S
marmarem	P
marmorear	S
marmorearem	P
marmorizar	S
marmorizarem	P
marombar	S
marombarem	P
marombear	S
marombearem	P
marotear	S
marotearem	P
marralhar	S
marralharem	P
marrar	S
marrarem	P
marretar	S
marretarem	P
marretear	S
marretearem	P
marroquinar	S
marroquinarem	P
marrucar	S
marrucarem	P
martelar	S
martelarem	P
martelejar	S
martelejarem	P
martilhar	S
martilharem	P
martirizar	S
martirizarem	P
marujar	S
marujarem	P
marulhar	S
marulharem	P
mascabar	S
mascabarem	P
mascar	S
mascarar	S
mascararem	P
mascarem	P
mascarrar	S
mascarrarem	P
mascatear	S
mascatearem	P
mascavar	S
mascavarem	P
mascotar	S
mascotarem	P
masculinizar	S
masculinizarem	P
massacrar	S
massacrarem	P
massagear	S
massagearem	P
massificar	S
massificarem	P
mastigar	S
mastigarem	P
mastrear	S
mastrearem	P
masturbar	S
masturbarem	P
matar	S
matarem	P
matear	S
matearem	P
matejar	S
matejarem	P
materializar	S
materializarem	P
maticar	S
maticarem	P
matinar	S
matinarem	P
matizar	S
matizarem	P
matracar	S
matracarem	P
matracolejar	S
matracolejarem	P
matraquear	S
matraquearem	P
matraquejar	S
matraquejarem	P
matreirar	S
matreirarem	P
matreirear	S
matreirearem	P
matricular	S
matricularem	P
matrimoniar	S
matrimoniarem	P
matrizar	S
matrizarem	P
matrucar	S
matrucarem	P
maturar	S
maturarem	P
maturrangar	S
maturrangarem	P
maturranguear	S
maturranguearem	P
maturrenguear	S
maturrenguearem	P
matutar	S
matutarem	P
maximalizar	S
maximalizarem	P
maximizar	S
maximizarem	P
maxixar	S
maxixarem	P
mazanzar	S
mazanzarem	P
mazelar	S
mazelarem	P
mazurcar	S
mazurcarem	P
maçanetar	S
maçanetarem	P
maçar	S
maçarem	P
maçarocar	S
maçarocarem	P
maçonizar	S
maçonizarem	P
mealhar	S
mealharem	P
meandrar	S
meandrarem	P
mear	S
mearem	P
mecanizar	S
mecanizarem	P
mechar	S
mecharem	P
medalhar	S
medalharem	P
mediar	S
mediarem	P
mediatizar	S
mediatizarem	P
medicamentar	S
medicamentarem	P
medicar	S
medicarem	P
medicinar	S
medicinarem	P
mediocrizar	S
mediocrizarem	P
medir	S
medirem	P
meditar	S
meditarem	P
medrar	S
medrarem	P
medular	S
medularem	P
meirinhar	S
meirinharem	P
melancolizar	S
melancolizarem	P
melanizar	S
melanizarem	P
melar	S
melarem	P
melhorar	S
melhorarem	P
melificar	S
melificarem	P
melifluentar	S
melifluentarem	P
melifluir	S
melifluírem	P
melindrar	S
melindrarem	P
melodiar	S
melodiarem	P
melodizar	S
melodizarem	P
melodramar	S
melodramarem	P
melodramatizar	S
melodramatizarem	P
memorar	S
memorarem	P
memoriar	S
memoriarem	P
memorizar	S
memorizarem	P
menar	S
menarem	P
mencionar	S
mencionarem	P
mendigar	S
mendigarem	P
menear	S
menearem	P
mengar	S
mengarem	P
menoscabar	S
menoscabarem	P
menospreciar	S
menospreciarem	P
menosprezar	S
menosprezarem	P
menospreçar	S
menospreçarem	P
menstruar	S
menstruarem	P
mensurar	S
mensurarem	P
mentalizar	S
mentalizarem	P
mentar	S
mentarem	P
mentir	S
mentirem	P
mentirolar	S
mentirolarem	P
mentorear	S
mentorearem	P
mercadejar	S
mercadejarem	P
mercadizar	S
mercadizarem	P
mercanciar	S
mercanciarem	P
mercantilizar	S
mercantilizarem	P
mercar	S
mercarem	P
mercear	S
mercearem	P
mercerizar	S
mercerizarem	P
mercurializar	S
mercurializarem	P
merecer	S
merecerem	P
merejar	S
merejarem	P
merendar	S
merendarem	P
meretriciar	S
meretriciarem	P
mergulhar	S
mergulharem	P
mermar	S
mermarem	P
merujar	S
merujarem	P
mesclar	S
mesclarem	P
mesquinhar	S
mesquinharem	P
messar	S
messarem	P
mestiçar	S
mestiçarem	P
mestrear	S
mestrearem	P
mesurar	S
mesurarem	P
metabolizar	S
metabolizarem	P
metafisicar	S
metafisicarem	P
metaforizar	S
metaforizarem	P
metagrafar	S
metagrafarem	P
metalizar	S
metalizarem	P
metamorfosear	S
metamorfosearem	P
metatizar	S
metatizarem	P
meteorizar	S
meteorizarem	P
meter	S
meterem	P
metodificar	S
metodificarem	P
metodizar	S
metodizarem	P
metralhar	S
metralharem	P
metrar	S
metrarem	P
metrificar	S
metrificarem	P
mexelhar	S
mexelharem	P
mexer	S
mexerem	P
mexericar	S
mexericarem	P
mexerucar	S
mexerucarem	P
mexilhar	S
mexilharem	P
mezinhar	S
mezinharem	P
mialhar	S
mialharem	P
miar	S
miarem	P
miasmar	S
miasmarem	P
micar	S
micarem	P
microfilmar	S
microfilmarem	P
microgravar	S
microgravarem	P
mictar	S
mictarem	P
migalhar	S
migalharem	P
migar	S
migarem	P
migrar	S
migrarem	P
mijar	S
mijarem	P
milhar	S
milharem	P
militar	S
militarem	P
militarizar	S
militarizarem	P
mimar	S
mimarem	P
mimeografar	S
mimeografarem	P
mimetizar	S
mimetizarem	P
mimicar	S
mimicarem	P
mimosear	S
mimosearem	P
minar	S
minarem	P
mineirar	S
mineirarem	P
mineralizar	S
mineralizarem	P
minerar	S
minerarem	P
mingar	S
mingarem	P
minguar	S
minguarem	P
miniar	S
miniarem	P
miniaturar	S
miniaturarem	P
miniaturizar	S
miniaturizarem	P
minimalizar	S
minimalizarem	P
minimizar	S
minimizarem	P
ministerializar	S
ministerializarem	P
ministrar	S
ministrarem	P
ministrificar	S
ministrificarem	P
minorar	S
minorarem	P
minotaurizar	S
minotaurizarem	P
minuciar	S
minuciarem	P
minudar	S
minudarem	P
minudenciar	S
minudenciarem	P
minuir	S
minusculizar	S
minusculizarem	P
minutar	S
minutarem	P
minuírem	P
miquear	S
miquearem	P
miracular	S
miracularem	P
mirar	S
mirarem	P
mirificar	S
mirificarem	P
mirrar	S
mirrarem	P
miscar	S
miscarem	P
miscrar	S
miscrarem	P
miserar	S
miserarem	P
missar	S
missarem	P
missionar	S
missionarem	P
misticizar	S
misticizarem	P
mistificar	S
mistificarem	P
misturar	S
misturarem	P
mitificar	S
mitificarem	P
mitigar	S
mitigarem	P
mitrar	S
mitrarem	P
mitridatizar	S
mitridatizarem	P
miudar	S
miudarem	P
miudear	S
miudearem	P
mixar	S
mixarem	P
mnemonizar	S
mnemonizarem	P
mobilar	S
mobilarem	P
mobilhar	S
mobilharem	P
mobiliar	S
mobiliarem	P
mobilizar	S
mobilizarem	P
mochar	S
mocharem	P
mocozear	S
mocozearem	P
modalizar	S
modalizarem	P
modelar	S
modelarem	P
moderar	S
moderarem	P
modernizar	S
modernizarem	P
modicar	S
modicarem	P
modificar	S
modificarem	P
modilhar	S
modilharem	P
modornar	S
modornarem	P
modorrar	S
modorrarem	P
modular	S
modularem	P
moer	S
moerem	P
mofar	S
mofarem	P
mofumbar	S
mofumbarem	P
mogangar	S
mogangarem	P
moinar	S
moinarem	P
moinhar	S
moinharem	P
moirar	S
moirarem	P
moirejar	S
moirejarem	P
moirizar	S
moirizarem	P
moitar	S
moitarem	P
mojar	S
mojarem	P
mojicar	S
mojicarem	P
moldar	S
moldarem	P
moldear	S
moldearem	P
moldurar	S
moldurarem	P
molear	S
molearem	P
molecar	S
molecarem	P
molengar	S
molengarem	P
molequear	S
molequearem	P
molestar	S
molestarem	P
molgar	S
molgarem	P
molhar	S
molharem	P
molificar	S
molificarem	P
molinar	S
molinarem	P
molinhar	S
molinharem	P
monarquiar	S
monarquiarem	P
monarquizar	S
monarquizarem	P
moncar	S
moncarem	P
mondar	S
mondarem	P
monetizar	S
monetizarem	P
monir	S
monirem	P
monitorar	S
monitorarem	P
monoculizar	S
monoculizarem	P
monodiar	S
monodiarem	P
monografar	S
monografarem	P
monologar	S
monologarem	P
monopolizar	S
monopolizarem	P
monossilabar	S
monossilabarem	P
monotipar	S
monotiparem	P
monotonizar	S
monotonizarem	P
montar	S
montarem	P
montear	S
montearem	P
monumentalizar	S
monumentalizarem	P
moquear	S
moquearem	P
moquecar	S
moquecarem	P
moquetear	S
moquetearem	P
moralizar	S
moralizarem	P
morangar	S
morangarem	P
morar	S
morarem	P
morbidizar	S
morbidizarem	P
morcegar	S
morcegarem	P
mordaçar	S
mordaçarem	P
morder	S
morderem	P
mordicar	S
mordicarem	P
mordiscar	S
mordiscarem	P
mordomar	S
mordomarem	P
mordomear	S
mordomearem	P
mordomizar	S
mordomizarem	P
morfinizar	S
morfinizarem	P
morgar	S
morgarem	P
moribundear	S
moribundearem	P
morigerar	S
morigerarem	P
mornar	S
mornarem	P
morraçar	S
morraçarem	P
morremorrer	S
morremorrerem	P
morrer	S
morrerem	P
morrinhar	S
morrinharem	P
morsegar	S
morsegarem	P
mortalhar	S
mortalharem	P
mortalizar	S
mortalizarem	P
mortificar	S
mortificarem	P
moscar	S
moscarem	P
mosquear	S
mosquearem	P
mosquetear	S
mosquetearem	P
mossegar	S
mossegarem	P
mostrar	S
mostrarem	P
mostrengar	S
mostrengarem	P
motejar	S
motejarem	P
motinar	S
motinarem	P
motivar	S
motivarem	P
motomecanizar	S
motomecanizarem	P
motorizar	S
motorizarem	P
mourar	S
mourarem	P
mourejar	S
mourejarem	P
mourizar	S
mourizarem	P
mover	S
moverem	P
movimentar	S
movimentarem	P
moxamar	S
moxamarem	P
moxar	S
moxarem	P
moçar	S
moçarem	P
mudar	S
mudarem	P
mugir	S
mugirem	P
multar	S
multarem	P
multicolorir	S
multicolorirem	P
multigrafar	S
multigrafarem	P
multipartir	S
multipartirem	P
multiplicar	S
multiplicarem	P
mumificar	S
mumificarem	P
mundanizar	S
mundanizarem	P
mundializar	S
mundializarem	P
mundiar	S
mundiarem	P
mundificar	S
mundificarem	P
mungir	S
mungirem	P
munhecar	S
munhecarem	P
municiar	S
municiarem	P
municionar	S
municionarem	P
municipalizar	S
municipalizarem	P
munir	S
munirem	P
mupicar	S
mupicarem	P
mupucar	S
mupucarem	P
muquinhar	S
muquinharem	P
muralhar	S
muralharem	P
murar	S
murarem	P
murchar	S
murcharem	P
murchecer	S
murchecerem	P
murmulhar	S
murmulharem	P
murmurar	S
murmurarem	P
murmurejar	S
murmurejarem	P
murmurinhar	S
murmurinharem	P
musgar	S
musgarem	P
musicalizar	S
musicalizarem	P
musicar	S
musicarem	P
musiquear	S
musiquearem	P
mussitar	S
mussitarem	P
mutilar	S
mutilarem	P
mutuar	S
mutuarem	P
muxicar	S
muxicarem	P
muxoxar	S
muxoxarem	P
muxoxear	S
muxoxearem	P
muxurundar	S
muxurundarem	P
nacarar	S
nacararem	P
nacionalizar	S
nacionalizarem	P
nadar	S
nadarem	P
nadificar	S
nadificarem	P
naipar	S
naiparem	P
namorar	S
namorarem	P
namoricar	S
namoricarem	P
namoriscar	S
namoriscarem	P
nanar	S
nanarem	P
narcisar	S
narcisarem	P
narcotizar	S
narcotizarem	P
narrar	S
narrarem	P
nasalar	S
nasalarem	P
nasalizar	S
nasalizarem	P
nascer	S
nascerem	P
naturalizar	S
naturalizarem	P
naufragar	S
naufragarem	P
nausear	S
nausearem	P
navalhar	S
navalharem	P
navegar	S
navegarem	P
neblinar	S
neblinarem	P
nebrinar	S
nebrinarem	P
nebulizar	S
nebulizarem	P
necear	S
necearem	P
necessitar	S
necessitarem	P
necrosar	S
necrosarem	P
nectarizar	S
nectarizarem	P
negacear	S
negacearem	P
negar	S
negarem	P
negativar	S
negativarem	P
negativizar	S
negativizarem	P
negligenciar	S
negligenciarem	P
negociar	S
negociarem	P
negrejar	S
negrejarem	P
neologismar	S
neologismarem	P
neologizar	S
neologizarem	P
neurastenizar	S
neurastenizarem	P
neutralizar	S
neutralizarem	P
nevar	S
nevarem	P
neviscar	S
neviscarem	P
nevoar	S
nevoarem	P
nevoentar	S
nevoentarem	P
nicar	S
nicarem	P
nicotizar	S
nicotizarem	P
nidificar	S
nidificarem	P
nigelar	S
nigelarem	P
nimbar	S
nimbarem	P
ninar	S
ninarem	P
ninhar	S
ninharem	P
niquelar	S
niquelarem	P
niquelizar	S
niquelizarem	P
nitidizar	S
nitidizarem	P
nitrar	S
nitrarem	P
nitratar	S
nitratarem	P
nitrificar	S
nitrificarem	P
nitrir	S
nitrirem	P
nivelar	S
nivelarem	P
nobilitar	S
nobilitarem	P
nobrecer	S
nobrecerem	P
nocautear	S
nocautearem	P
noctambular	S
noctambularem	P
nodar	S
nodarem	P
nodoar	S
nodoarem	P
nodular	S
nodularem	P
noitecer	S
noitecerem	P
noivar	S
noivarem	P
nomadizar	S
nomadizarem	P
nomear	S
nomearem	P
nomenclar	S
nomenclarem	P
nomenclaturar	S
nomenclaturarem	P
nordestear	S
nordestearem	P
nordestinizar	S
nordestinizarem	P
normalizar	S
normalizarem	P
noroestar	S
noroestarem	P
nortear	S
nortearem	P
nostalgizar	S
nostalgizarem	P
notabilizar	S
notabilizarem	P
notar	S
notarem	P
noticiar	S
noticiarem	P
notificar	S
notificarem	P
noutecer	S
noutecerem	P
novar	S
novarem	P
novelar	S
novelarem	P
noviciar	S
noviciarem	P
nuançar	S
nuançarem	P
nublar	S
nublarem	P
nuclear	S
nuclearem	P
nulificar	S
nulificarem	P
numerar	S
numerarem	P
nupciar	S
nupciarem	P
nuquear	S
nuquearem	P
nutar	S
nutarem	P
nutrificar	S
nutrificarem	P
nutrir	S
nutrirem	P
obcecar	S
obcecarem	P
obdurar	S
obdurarem	P
obedecer	S
obedecerem	P
oberar	S
oberarem	P
obfirmar	S
obfirmarem	P
objectivar	S
objectivarem	P
objetar	S
objetarem	P
objetificar	S
objetificarem	P
objetivar	S
objetivarem	P
objurgar	S
objurgarem	P
oblatar	S
oblatarem	P
obliquar	S
obliquarem	P
obliterar	S
obliterarem	P
obnubilar	S
obnubilarem	P
obrar	S
obrarem	P
obrigar	S
obrigarem	P
obscenizar	S
obscenizarem	P
obscurantizar	S
obscurantizarem	P
obscurecer	S
obscurecerem	P
obsecrar	S
obsecrarem	P
obsedar	S
obsedarem	P
obsediar	S
obsediarem	P
obsequiar	S
obsequiarem	P
observar	S
observarem	P
obsidiar	S
obsidiarem	P
obsoletar	S
obsoletarem	P
obstaculizar	S
obstaculizarem	P
obstar	S
obstarem	P
obstinar	S
obstinarem	P
obstipar	S
obstiparem	P
obstringir	S
obstringirem	P
obstruir	S
obstruírem	P
obtemperar	S
obtemperarem	P
obtestar	S
obtestarem	P
obtiver	S
obtiverem	P
obtundir	S
obtundirem	P
obturar	S
obturarem	P
obumbrar	S
obumbrarem	P
obviar	S
obviarem	P
obvier	S
obvierem	P
ocar	S
ocarem	P
ocasionar	S
ocasionarem	P
ocidentalizar	S
ocidentalizarem	P
ocluir	S
ocluírem	P
ocorrer	S
ocorrerem	P
octuplicar	S
octuplicarem	P
ocultar	S
ocultarem	P
ocupar	S
ocuparem	P
ocursar	S
ocursarem	P
odiar	S
odiarem	P
odorar	S
odorarem	P
ofegar	S
ofegarem	P
ofender	S
ofenderem	P
oferecer	S
oferecerem	P
oferendar	S
oferendarem	P
ofertar	S
ofertarem	P
oficializar	S
oficializarem	P
oficiar	S
oficiarem	P
ofuscar	S
ofuscarem	P
oirar	S
oirarem	P
oirejar	S
oirejarem	P
oiriçar	S
oiriçarem	P
oitavar	S
oitavarem	P
ojerizar	S
ojerizarem	P
oleaginar	S
oleaginarem	P
olear	S
olearem	P
olfatar	S
olfatarem	P
olfatear	S
olfatearem	P
olhar	S
olharem	P
oligarquizar	S
oligarquizarem	P
olorizar	S
olorizarem	P
olvidar	S
olvidarem	P
ombrear	S
ombrearem	P
ominar	S
ominarem	P
omitir	S
omitirem	P
onanizar	S
onanizarem	P
ondar	S
ondarem	P
ondear	S
ondearem	P
ondejar	S
ondejarem	P
ondular	S
ondularem	P
onerar	S
onerarem	P
onzenar	S
onzenarem	P
onzenear	S
onzenearem	P
onzeneirar	S
onzeneirarem	P
opacar	S
opacarem	P
opacificar	S
opacificarem	P
opalescer	S
opalescerem	P
opalizar	S
opalizarem	P
opar	S
oparem	P
operar	S
operarem	P
opiar	S
opiarem	P
opilar	S
opilarem	P
opinar	S
opinarem	P
oprimir	S
oprimirem	P
optar	S
optarem	P
optimizar	S
optimizarem	P
opugnar	S
opugnarem	P
opulentar	S
opulentarem	P
opuser	S
opuserem	P
oracular	S
oracularem	P
oraculizar	S
oraculizarem	P
oralizar	S
oralizarem	P
orar	S
orarem	P
orbitar	S
orbitarem	P
ordenar	S
ordenarem	P
ordenhar	S
ordenharem	P
orear	S
orearem	P
orelhar	S
orelharem	P
orfanar	S
orfanarem	P
organizar	S
organizarem	P
organsinar	S
organsinarem	P
orgulhar	S
orgulharem	P
orgulhecer	S
orgulhecerem	P
orientalizar	S
orientalizarem	P
orientar	S
orientarem	P
originar	S
originarem	P
orlar	S
orlarem	P
ornamentar	S
ornamentarem	P
ornar	S
ornarem	P
ornear	S
ornearem	P
ornejar	S
ornejarem	P
orquestrar	S
orquestrarem	P
ortigar	S
ortigarem	P
ortogonalizar	S
ortogonalizarem	P
ortografar	S
ortografarem	P
ortonormalizar	S
ortonormalizarem	P
orvalhar	S
orvalharem	P
orçamentar	S
orçamentarem	P
orçar	S
orçarem	P
oscilar	S
oscilarem	P
oscitar	S
oscitarem	P
oscular	S
oscularem	P
ossificar	S
ossificarem	P
ostentar	S
ostentarem	P
otimizar	S
otimizarem	P
ougar	S
ougarem	P
ourar	S
ourarem	P
ourejar	S
ourejarem	P
ouriçar	S
ouriçarem	P
ousar	S
ousarem	P
outar	S
outarem	P
outonar	S
outonarem	P
outonear	S
outonearem	P
outorgar	S
outorgarem	P
ouvir	S
ouvirem	P
ovacionar	S
ovacionarem	P
ovalar	S
ovalarem	P
ovar	S
ovarem	P
oxidar	S
oxidarem	P
oxidular	S
oxidularem	P
oxigenar	S
oxigenarem	P
oxitonizar	S
oxitonizarem	P
ozonar	S
ozonarem	P
ozonificar	S
ozonificarem	P
ozonizar	S
ozonizarem	P
pabular	S
pabularem	P
pacejar	S
pacejarem	P
pacholar	S
pacholarem	P
pacientar	S
pacientarem	P
pacificar	S
pacificarem	P
pactear	S
pactearem	P
pactuar	S
pactuarem	P
padecer	S
padecerem	P
padejar	S
padejarem	P
padrar	S
padrarem	P
padrear	S
padrearem	P
padronizar	S
padronizarem	P
paganizar	S
paganizarem	P
pagar	S
pagarem	P
paginar	S
paginarem	P
pagodear	S
pagodearem	P
pairar	S
pairarem	P
pajear	S
pajearem	P
paladinar	S
paladinarem	P
palancar	S
palancarem	P
palanquear	S
palanquearem	P
palatalizar	S
palatalizarem	P
palatizar	S
palatizarem	P
palavrar	S
palavrarem	P
palavrear	S
palavrearem	P
palear	S
palearem	P
palejar	S
palejarem	P
paleografar	S
paleografarem	P
palermar	S
palermarem	P
palermear	S
palermearem	P
palestrar	S
palestrarem	P
palestrear	S
palestrearem	P
paletear	S
paletearem	P
palhetar	S
palhetarem	P
palhetear	S
palhetearem	P
palhiçar	S
palhiçarem	P
paliar	S
paliarem	P
palidejar	S
palidejarem	P
palificar	S
palificarem	P
palitar	S
palitarem	P
palmar	S
palmarem	P
palmatoar	S
palmatoarem	P
palmatoriar	S
palmatoriarem	P
palmear	S
palmearem	P
palmejar	S
palmejarem	P
palmetear	S
palmetearem	P
palmilhar	S
palmilharem	P
palomar	S
palomarem	P
palombar	S
palombarem	P
palorejar	S
palorejarem	P
palpabilizar	S
palpabilizarem	P
palpar	S
palparem	P
palpitar	S
palpitarem	P
palrar	S
palrarem	P
palrear	S
palrearem	P
pamparrear	S
pamparrearem	P
panar	S
panarem	P
pandear	S
pandearem	P
pandegar	S
pandegarem	P
pandilhar	S
pandilharem	P
pandulhar	S
pandulharem	P
panegiricar	S
panegiricarem	P
panegirizar	S
panegirizarem	P
panejar	S
panejarem	P
pangaiar	S
pangaiarem	P
panificar	S
panificarem	P
panriar	S
panriarem	P
pantanizar	S
pantanizarem	P
pantear	S
pantearem	P
pantomimar	S
pantomimarem	P
pantominar	S
pantominarem	P
papagaiar	S
papagaiarem	P
papaguear	S
papaguearem	P
papaguçar	S
papaguçarem	P
papar	S
paparem	P
paparicar	S
paparicarem	P
paparrotar	S
paparrotarem	P
papear	S
papearem	P
papejar	S
papejarem	P
papocar	S
papocarem	P
paporrotear	S
paporrotearem	P
papujar	S
papujarem	P
paqueirar	S
paqueirarem	P
paquerar	S
paquerarem	P
parabenizar	S
parabenizarem	P
parabentear	S
parabentearem	P
parabolizar	S
parabolizarem	P
paracletear	S
paracletearem	P
paradear	S
paradearem	P
paradoxar	S
paradoxarem	P
parafinar	S
parafinarem	P
parafinizar	S
parafinizarem	P
parafrasear	S
parafrasearem	P
parafusar	S
parafusarem	P
paragonar	S
paragonarem	P
paragrafar	S
paragrafarem	P
paralelizar	S
paralelizarem	P
paralisar	S
paralisarem	P
paraliticar	S
paraliticarem	P
paramentar	S
paramentarem	P
parangonar	S
parangonarem	P
paraninfar	S
paraninfarem	P
parapeitar	S
parapeitarem	P
parar	S
pararem	P
parasitar	S
parasitarem	P
parasitear	S
parasitearem	P
parcelar	S
parcelarem	P
parchear	S
parchearem	P
parcializar	S
parcializarem	P
pardar	S
pardarem	P
pardejar	S
pardejarem	P
parear	S
parearem	P
parecer	S
parecerem	P
parelhar	S
parelharem	P
parentar	S
parentarem	P
parentear	S
parentearem	P
paresiar	S
paresiarem	P
parir	S
parirem	P
parlamentar	S
parlamentarem	P
parlamentarizar	S
parlamentarizarem	P
parlamentear	S
parlamentearem	P
parlapatear	S
parlapatearem	P
parlar	S
parlarem	P
parlendar	S
parlendarem	P
parlengar	S
parlengarem	P
parodiar	S
parodiarem	P
parolar	S
parolarem	P
parolear	S
parolearem	P
paroquiar	S
paroquiarem	P
parquear	S
parquearem	P
parrafar	S
parrafarem	P
parrançar	S
parrançarem	P
parrar	S
parrarem	P
partejar	S
partejarem	P
participar	S
participarem	P
particularizar	S
particularizarem	P
partilhar	S
partilharem	P
partir	S
partirem	P
parturejar	S
parturejarem	P
parturir	S
parturirem	P
parvoeirar	S
parvoeirarem	P
parvoejar	S
parvoejarem	P
pascentar	S
pascentarem	P
pascer	S
pascerem	P
pascoar	S
pascoarem	P
pasigrafar	S
pasigrafarem	P
pasmacear	S
pasmacearem	P
pasmar	S
pasmarem	P
paspalhar	S
paspalharem	P
pasquinar	S
pasquinarem	P
pasquinear	S
pasquinearem	P
passagear	S
passagearem	P
passajar	S
passajarem	P
passamanar	S
passamanarem	P
passar	S
passarem	P
passarinhar	S
passarinharem	P
passaritar	S
passaritarem	P
passatempear	S
passatempearem	P
passear	S
passearem	P
passinhar	S
passinharem	P
passivar	S
passivarem	P
pastar	S
pastarem	P
pastejar	S
pastejarem	P
pasteurizar	S
pasteurizarem	P
pastichar	S
pasticharem	P
pastilhar	S
pastilharem	P
pastinhar	S
pastinharem	P
pastorar	S
pastorarem	P
pastorear	S
pastorearem	P
pastorejar	S
pastorejarem	P
pastorizar	S
pastorizarem	P
patalear	S
patalearem	P
pataratar	S
pataratarem	P
pataratear	S
pataratearem	P
patear	S
patearem	P
pategar	S
pategarem	P
patejar	S
patejarem	P
patentear	S
patentearem	P
patetar	S
patetarem	P
patetear	S
patetearem	P
patinar	S
patinarem	P
patinhar	S
patinharem	P
patolar	S
patolarem	P
patranhar	S
patranharem	P
patrizar	S
patrizarem	P
patroar	S
patroarem	P
patrocinar	S
patrocinarem	P
patrolar	S
patrolarem	P
patronar	S
patronarem	P
patronear	S
patronearem	P
patronizar	S
patronizarem	P
patrulhar	S
patrulharem	P
patulear	S
patulearem	P
patuscar	S
patuscarem	P
paulificar	S
paulificarem	P
pausar	S
pausarem	P
pautar	S
pautarem	P
pautear	S
pautearem	P
pavejar	S
pavejarem	P
pavesar	S
pavesarem	P
pavimentar	S
pavimentarem	P
pavonar	S
pavonarem	P
pavonear	S
pavonearem	P
paxalizar	S
paxalizarem	P
pazear	S
pazearem	P
paziguar	S
paziguarem	P
paçocar	S
paçocarem	P
pealar	S
pealarem	P
pear	S
pearem	P
pecar	S
pecarem	P
pechar	S
pecharem	P
pechinchar	S
pechincharem	P
pechiringar	S
pechiringarem	P
pecorear	S
pecorearem	P
pedalar	S
pedalarem	P
pedantear	S
pedantearem	P
pedinchar	S
pedincharem	P
pedintar	S
pedintarem	P
pedir	S
pedirem	P
peganhar	S
peganharem	P
pegar	S
pegarem	P
peguilhar	S
peguilharem	P
peguinhar	S
peguinharem	P
peidar	S
peidarem	P
peidorrear	S
peidorrearem	P
peitar	S
peitarem	P
peitorrear	S
peitorrearem	P
peixar	S
peixarem	P
pejar	S
pejarem	P
pejorar	S
pejorarem	P
pelar	S
pelarem	P
pelear	S
pelearem	P
pelechar	S
pelecharem	P
pelegar	S
pelegarem	P
peleguear	S
peleguearem	P
pelejar	S
pelejarem	P
pelidar	S
pelidarem	P
pelintrar	S
pelintrarem	P
pelotear	S
pelotearem	P
peludear	S
peludearem	P
penachar	S
penacharem	P
penalizar	S
penalizarem	P
penar	S
penarem	P
pendenciar	S
pendenciarem	P
pender	S
penderem	P
pendoar	S
pendoarem	P
pendular	S
pendularem	P
pendulear	S
pendulearem	P
pendurar	S
pendurarem	P
peneirar	S
peneirarem	P
penejar	S
penejarem	P
peneplanizar	S
peneplanizarem	P
penetrar	S
penetrarem	P
penhorar	S
penhorarem	P
penicar	S
penicarem	P
peniscar	S
peniscarem	P
penitenciar	S
penitenciarem	P
pensamentar	S
pensamentarem	P
pensamentear	S
pensamentearem	P
pensar	S
pensarem	P
pensionar	S
pensionarem	P
pentear	S
pentearem	P
penujar	S
penujarem	P
penumbrar	S
penumbrarem	P
pepinar	S
pepinarem	P
peptizar	S
peptizarem	P
peptonizar	S
peptonizarem	P
peraltar	S
peraltarem	P
peraltear	S
peraltearem	P
peralvilhar	S
peralvilharem	P
perambular	S
perambularem	P
percalçar	S
percalçarem	P
perceber	S
perceberem	P
percepcionar	S
percepcionarem	P
percevejar	S
percevejarem	P
percingir	S
percingirem	P
percintar	S
percintarem	P
percolar	S
percolarem	P
percorrer	S
percorrerem	P
percutir	S
percutirem	P
perder	S
perderem	P
perdigotar	S
perdigotarem	P
perdoar	S
perdoarem	P
perdulariar	S
perdulariarem	P
perdurar	S
perdurarem	P
perecer	S
perecerem	P
peregrinar	S
peregrinarem	P
perenizar	S
perenizarem	P
pererecar	S
pererecarem	P
perfectibilizar	S
perfectibilizarem	P
perfeiçoar	S
perfeiçoarem	P
perfilar	S
perfilarem	P
perfilhar	S
perfilharem	P
perfizer	S
perfizerem	P
perfolhear	S
perfolhearem	P
perfumar	S
perfumarem	P
perfurar	S
perfurarem	P
perguntar	S
perguntarem	P
periclitar	S
periclitarem	P
perifrasear	S
perifrasearem	P
perigar	S
perigarem	P
perimir	S
perimirem	P
periodizar	S
periodizarem	P
peripatetizar	S
peripatetizarem	P
periquitar	S
periquitarem	P
perjurar	S
perjurarem	P
perlar	S
perlarem	P
perlavar	S
perlavarem	P
perlongar	S
perlongarem	P
perlustrar	S
perlustrarem	P
perluzir	S
perluzirem	P
permanecer	S
permanecerem	P
permanganizar	S
permanganizarem	P
permeabilizar	S
permeabilizarem	P
permear	S
permearem	P
permitir	S
permitirem	P
permutar	S
permutarem	P
pernear	S
pernearem	P
pernejar	S
pernejarem	P
pernetear	S
pernetearem	P
pernoitar	S
pernoitarem	P
pernoutar	S
pernoutarem	P
perobear	S
perobearem	P
perolar	S
perolarem	P
perolizar	S
perolizarem	P
perorar	S
perorarem	P
peroxidar	S
peroxidarem	P
perpassar	S
perpassarem	P
perpetrar	S
perpetrarem	P
perpetuar	S
perpetuarem	P
perquirir	S
perquirirem	P
perrear	S
perrearem	P
perrengar	S
perrengarem	P
perrenguear	S
perrenguearem	P
perscrutar	S
perscrutarem	P
perseguir	S
perseguirem	P
persentir	S
persentirem	P
perseverar	S
perseverarem	P
persignar	S
persignarem	P
persistir	S
persistirem	P
persolver	S
persolverem	P
personalizar	S
personalizarem	P
personificar	S
personificarem	P
perspectivar	S
perspectivarem	P
perspetivar	S
perspetivarem	P
perspirar	S
perspirarem	P
persuadir	S
persuadirem	P
pertencer	S
pertencerem	P
pertentar	S
pertentarem	P
pertransir	S
pertransirem	P
perturbar	S
perturbarem	P
peruar	S
peruarem	P
pervagar	S
pervagarem	P
pervencer	S
pervencerem	P
perverter	S
perverterem	P
pesar	S
pesarem	P
pescar	S
pescarem	P
pescocear	S
pescocearem	P
pesgar	S
pesgarem	P
pespegar	S
pespegarem	P
pespontar	S
pespontarem	P
pespontear	S
pespontearem	P
pesquisar	S
pesquisarem	P
pessoalizar	S
pessoalizarem	P
pestanear	S
pestanearem	P
pestanejar	S
pestanejarem	P
pestear	S
pestearem	P
pestiferar	S
pestiferarem	P
petar	S
petardar	S
petardarem	P
petardear	S
petardearem	P
petarem	P
petarolar	S
petarolarem	P
petear	S
petearem	P
petecar	S
petecarem	P
petegar	S
petegarem	P
petequear	S
petequearem	P
peticionar	S
peticionarem	P
petiscar	S
petiscarem	P
petitar	S
petitarem	P
petrarquizar	S
petrarquizarem	P
petrechar	S
petrecharem	P
petrificar	S
petrificarem	P
petrolar	S
petrolarem	P
petrolear	S
petrolearem	P
petrolizar	S
petrolizarem	P
pexotear	S
pexotearem	P
peçonhentar	S
peçonhentarem	P
piabar	S
piabarem	P
pianizar	S
pianizarem	P
piançar	S
piançarem	P
piar	S
piarem	P
picar	S
picarem	P
pichar	S
picharem	P
picoar	S
picoarem	P
picotar	S
picotarem	P
picuar	S
picuarem	P
pifar	S
pifarem	P
pigarrar	S
pigarrarem	P
pigarrear	S
pigarrearem	P
pigmentar	S
pigmentarem	P
pilar	S
pilarem	P
pilhar	S
pilharem	P
pilheriar	S
pilheriarem	P
pilotar	S
pilotarem	P
pilotear	S
pilotearem	P
pimpar	S
pimparem	P
pimpolhar	S
pimpolharem	P
pimponar	S
pimponarem	P
pimponear	S
pimponearem	P
pinar	S
pinarem	P
pincelar	S
pincelarem	P
pinchar	S
pincharem	P
pindarizar	S
pindarizarem	P
pindocar	S
pindocarem	P
pindongar	S
pindongarem	P
pingar	S
pingarem	P
pingolar	S
pingolarem	P
pingotear	S
pingotearem	P
pinguelear	S
pinguelearem	P
pinicar	S
pinicarem	P
pinotear	S
pinotearem	P
pintainhar	S
pintainharem	P
pintalar	S
pintalarem	P
pintalgar	S
pintalgarem	P
pintar	S
pintarem	P
pinturilar	S
pinturilarem	P
pinçar	S
pinçarem	P
piolhar	S
piolharem	P
piorar	S
piorarem	P
piparotear	S
piparotearem	P
pipetar	S
pipetarem	P
pipiar	S
pipiarem	P
pipilar	S
pipilarem	P
pipitar	S
pipitarem	P
pipocar	S
pipocarem	P
pipoquear	S
pipoquearem	P
piquetar	S
piquetarem	P
piquetear	S
piquetearem	P
piramidar	S
piramidarem	P
pirangar	S
pirangarem	P
pirar	S
pirarem	P
piratear	S
piratearem	P
pirilampear	S
pirilampearem	P
pirilampejar	S
pirilampejarem	P
piriricar	S
piriricarem	P
pirocar	S
pirocarem	P
pirogravar	S
pirogravarem	P
pirotecnizar	S
pirotecnizarem	P
pirracear	S
pirracearem	P
pirraçar	S
pirraçarem	P
pirronizar	S
pirronizarem	P
piruetar	S
piruetarem	P
piruetear	S
piruetearem	P
pisar	S
pisarem	P
piscar	S
piscarem	P
pisgar	S
pisgarem	P
pisoar	S
pisoarem	P
pisotear	S
pisotearem	P
pissitar	S
pissitarem	P
pistar	S
pistarem	P
pitadear	S
pitadearem	P
pitar	S
pitarem	P
piçarrar	S
piçarrarem	P
placar	S
placarem	P
placitar	S
placitarem	P
plagiar	S
plagiarem	P
planar	S
planarem	P
planchar	S
plancharem	P
planchear	S
planchearem	P
planear	S
planearem	P
planejar	S
planejarem	P
planger	S
plangerem	P
planificar	S
planificarem	P
planizar	S
planizarem	P
plantar	S
plantarem	P
plasmar	S
plasmarem	P
plasticizar	S
plasticizarem	P
plastificar	S
plastificarem	P
platinar	S
platinarem	P
platonizar	S
platonizarem	P
plaudir	S
plaudirem	P
plebeizar	S
plebeizarem	P
plebiscitar	S
plebiscitarem	P
plebizar	S
plebizarem	P
pleitar	S
pleitarem	P
pleitear	S
pleitearem	P
plenificar	S
plenificarem	P
pletorizar	S
pletorizarem	P
plicar	S
plicarem	P
plissar	S
plissarem	P
plotar	S
plotarem	P
plugar	S
plugarem	P
plumar	S
plumarem	P
plumbear	S
plumbearem	P
pluralizar	S
pluralizarem	P
plutarquizar	S
plutarquizarem	P
podar	S
podarem	P
podometrar	S
podometrarem	P
poematizar	S
poematizarem	P
poetar	S
poetarem	P
poetificar	S
poetificarem	P
poetizar	S
poetizarem	P
poiar	S
poiarem	P
poisar	S
poisarem	P
poitar	S
poitarem	P
pojar	S
pojarem	P
polarizar	S
polarizarem	P
polcar	S
polcarem	P
polear	S
polearem	P
polemicar	S
polemicarem	P
polemizar	S
polemizarem	P
policiar	S
policiarem	P
policopiar	S
policopiarem	P
policromar	S
policromarem	P
policromizar	S
policromizarem	P
poligrafar	S
poligrafarem	P
polimentar	S
polimentarem	P
polimerizar	S
polimerizarem	P
polinizar	S
polinizarem	P
polir	S
polirem	P
politicar	S
politicarem	P
politizar	S
politizarem	P
politonar	S
politonarem	P
polonizar	S
polonizarem	P
poltronear	S
poltronearem	P
poluir	S
poluírem	P
polvilhar	S
polvilharem	P
polvorizar	S
polvorizarem	P
pomadear	S
pomadearem	P
pombear	S
pombearem	P
pombeirar	S
pombeirarem	P
pomificar	S
pomificarem	P
pompear	S
pompearem	P
ponderar	S
ponderarem	P
pongar	S
pongarem	P
ponhar	S
ponharem	P
pontaletar	S
pontaletarem	P
pontapear	S
pontapearem	P
pontar	S
pontarem	P
pontear	S
pontearem	P
ponticular	S
ponticularem	P
pontificar	S
pontificarem	P
pontilhar	S
pontilharem	P
pontinhar	S
pontinharem	P
pontoar	S
pontoarem	P
pontuar	S
pontuarem	P
ponçar	S
ponçarem	P
popocar	S
popocarem	P
popularizar	S
popularizarem	P
porejar	S
porejarem	P
porfender	S
porfenderem	P
porfiar	S
porfiarem	P
porfirizar	S
porfirizarem	P
pormenorizar	S
pormenorizarem	P
pornografar	S
pornografarem	P
pororocar	S
pororocarem	P
portar	S
portarem	P
portear	S
portearem	P
portuchar	S
portucharem	P
portugalizar	S
portugalizarem	P
portuguesar	S
portuguesarem	P
posar	S
posarem	P
posfaciar	S
posfaciarem	P
posicionar	S
posicionarem	P
positivar	S
positivarem	P
pospontar	S
pospontarem	P
pospuser	S
pospuserem	P
possar	S
possarem	P
possear	S
possearem	P
possibilitar	S
possibilitarem	P
possuir	S
possuírem	P
postar	S
postarem	P
postear	S
postearem	P
postejar	S
postejarem	P
postemar	S
postemarem	P
postergar	S
postergarem	P
posterizar	S
posterizarem	P
postilar	S
postilarem	P
postular	S
postularem	P
posturar	S
posturarem	P
potencializar	S
potencializarem	P
potenciar	S
potenciarem	P
potocar	S
potocarem	P
potrear	S
potrearem	P
poupar	S
pouparem	P
pousar	S
pousarem	P
poutar	S
poutarem	P
povoar	S
povoarem	P
poçuquear	S
poçuquearem	P
pracear	S
pracearem	P
pracejar	S
pracejarem	P
pradejar	S
pradejarem	P
praguejar	S
praguejarem	P
pranchar	S
prancharem	P
pranchear	S
pranchearem	P
prantar	S
prantarem	P
prantear	S
prantearem	P
prasmar	S
prasmarem	P
pratear	S
pratearem	P
pratejar	S
pratejarem	P
praticar	S
praticarem	P
prazentear	S
prazentearem	P
preadvinhar	S
preadvinharem	P
prealagar	S
prealagarem	P
preambular	S
preambularem	P
preanunciar	S
preanunciarem	P
preaquecer	S
preaquecerem	P
prear	S
prearem	P
prebendar	S
prebendarem	P
precantar	S
precantarem	P
precatar	S
precatarem	P
precaucionar	S
precaucionarem	P
precautelar	S
precautelarem	P
precaver	S
precaverem	P
preceder	S
precederem	P
preceituar	S
preceituarem	P
precificar	S
precificarem	P
precingir	S
precingirem	P
precintar	S
precintarem	P
precipitar	S
precipitarem	P
precisar	S
precisarem	P
precluir	S
precluírem	P
precogitar	S
precogitarem	P
preconceber	S
preconceberem	P
preconizar	S
preconizarem	P
predefinir	S
predefinirem	P
predestinar	S
predestinarem	P
predeterminar	S
predeterminarem	P
predicamentar	S
predicamentarem	P
predicar	S
predicarem	P
predispuser	S
predispuserem	P
predisser	S
predisserem	P
predominar	S
predominarem	P
preencher	S
preencherem	P
preestabelecer	S
preestabelecerem	P
preexistir	S
preexistirem	P
prefabricar	S
prefabricarem	P
prefaciar	S
prefaciarem	P
preferir	S
preferirem	P
prefigurar	S
prefigurarem	P
prefinir	S
prefinirem	P
prefixar	S
prefixarem	P
prefulgir	S
prefulgirem	P
pregar	S
pregarem	P
pregoar	S
pregoarem	P
pregostar	S
pregostarem	P
preguear	S
preguearem	P
preguiçar	S
preguiçarem	P
preguntar	S
preguntarem	P
pregustar	S
pregustarem	P
preitear	S
preitearem	P
preitejar	S
preitejarem	P
prejudicar	S
prejudicarem	P
prejulgar	S
prejulgarem	P
prelaciar	S
prelaciarem	P
prelecionar	S
prelecionarem	P
prelevar	S
prelevarem	P
preliar	S
preliarem	P
prelibar	S
prelibarem	P
prelimitar	S
prelimitarem	P
preludiar	S
preludiarem	P
preluzir	S
preluzirem	P
premar	S
premarem	P
prematurar	S
prematurarem	P
premeditar	S
premeditarem	P
premer	S
premerem	P
premiar	S
premiarem	P
premir	S
premirem	P
premunir	S
premunirem	P
prendar	S
prendarem	P
prender	S
prenderem	P
prenomear	S
prenomearem	P
prenominar	S
prenominarem	P
prenotar	S
prenotarem	P
prensar	S
prensarem	P
prenunciar	S
prenunciarem	P
preocupar	S
preocuparem	P
preopinar	S
preopinarem	P
preordenar	S
preordenarem	P
preparar	S
prepararem	P
preponderar	S
preponderarem	P
preposterar	S
preposterarem	P
prepuser	S
prepuserem	P
prerromper	S
prerromperem	P
presar	S
presarem	P
prescindir	S
prescindirem	P
prescrever	S
prescreverem	P
prescrutar	S
prescrutarem	P
presenciar	S
presenciarem	P
presentar	S
presentarem	P
presentear	S
presentearem	P
preservar	S
preservarem	P
presidiar	S
presidiarem	P
presidir	S
presidirem	P
presigar	S
presigarem	P
presilhar	S
presilharem	P
presimanear	S
presimanearem	P
pressagiar	S
pressagiarem	P
pressentir	S
pressentirem	P
pressionar	S
pressionarem	P
pressupuser	S
pressupuserem	P
pressurizar	S
pressurizarem	P
prestacionar	S
prestacionarem	P
prestar	S
prestarem	P
prestigiar	S
prestigiarem	P
presumir	S
presumirem	P
pretejar	S
pretejarem	P
pretender	S
pretenderem	P
preterir	S
preterirem	P
pretermitir	S
pretermitirem	P
pretextar	S
pretextarem	P
pretorianizar	S
pretorianizarem	P
prevalecer	S
prevalecerem	P
prevaler	S
prevalerem	P
prevaricar	S
prevaricarem	P
prevenir	S
prevenirem	P
previr	S
previrem	P
previver	S
previverem	P
prezar	S
prezarem	P
primar	S
primarem	P
primaverar	S
primaverarem	P
principiar	S
principiarem	P
priorizar	S
priorizarem	P
priscar	S
priscarem	P
prismatizar	S
prismatizarem	P
privar	S
privarem	P
privatizar	S
privatizarem	P
privilegiar	S
privilegiarem	P
proar	S
proarem	P
probabilizar	S
probabilizarem	P
problematizar	S
problematizarem	P
procastinar	S
procastinarem	P
proceder	S
procederem	P
processar	S
processarem	P
proclamar	S
proclamarem	P
proclinar	S
proclinarem	P
procrastinar	S
procrastinarem	P
procriar	S
procriarem	P
procumbir	S
procumbirem	P
procurar	S
procurarem	P
prodigalizar	S
prodigalizarem	P
prodigar	S
prodigarem	P
produzir	S
produzirem	P
proejar	S
proejarem	P
proemiar	S
proemiarem	P
proeminar	S
proeminarem	P
proeminir	S
proeminirem	P
profanar	S
profanarem	P
proferir	S
proferirem	P
professar	S
professarem	P
professorar	S
professorarem	P
profetar	S
profetarem	P
profetizar	S
profetizarem	P
profissionalizar	S
profissionalizarem	P
profligar	S
profligarem	P
profligrar	S
profligrarem	P
profundar	S
profundarem	P
prognosticar	S
prognosticarem	P
programar	S
programarem	P
programatizar	S
programatizarem	P
progredir	S
progredirem	P
proibir	S
proibirem	P
projetar	S
projetarem	P
prolatar	S
prolatarem	P
proletarizar	S
proletarizarem	P
proliferar	S
proliferarem	P
prolificar	S
prolificarem	P
prologar	S
prologarem	P
prolongar	S
prolongarem	P
promanar	S
promanarem	P
promandar	S
promandarem	P
promediar	S
promediarem	P
prometer	S
prometerem	P
promiscuir	S
promiscuírem	P
promover	S
promoverem	P
promulgar	S
promulgarem	P
pronominalizar	S
pronominalizarem	P
pronominar	S
pronominarem	P
prontificar	S
prontificarem	P
pronunciar	S
pronunciarem	P
propagandear	S
propagandearem	P
propagar	S
propagarem	P
propalar	S
propalarem	P
propelir	S
propelirem	P
propender	S
propenderem	P
propiciar	S
propiciarem	P
propinar	S
propinarem	P
propolisar	S
propolisarem	P
proporcionalizar	S
proporcionalizarem	P
proporcionar	S
proporcionarem	P
propugnar	S
propugnarem	P
propulsar	S
propulsarem	P
propulsionar	S
propulsionarem	P
propuser	S
propuserem	P
prorrogar	S
prorrogarem	P
prorromper	S
prorromperem	P
prosar	S
prosarem	P
proscrever	S
proscreverem	P
prosear	S
prosearem	P
prosificar	S
prosificarem	P
prospectar	S
prospectarem	P
prosperar	S
prosperarem	P
prospetar	S
prospetarem	P
prosseguir	S
prosseguirem	P
prosternar	S
prosternarem	P
prostituir	S
prostituírem	P
prostrar	S
prostrarem	P
protagonizar	S
protagonizarem	P
protecionar	S
protecionarem	P
proteger	S
protegerem	P
protelar	S
protelarem	P
protender	S
protenderem	P
protestantizar	S
protestantizarem	P
protestar	S
protestarem	P
protocolar	S
protocolarem	P
protocolizar	S
protocolizarem	P
protrair	S
protraírem	P
protuberar	S
protuberarem	P
prouver	S
prouverem	P
provar	S
provarem	P
prover	S
proverbializar	S
proverbializarem	P
proverbiar	S
proverbiarem	P
proverem	P
providenciar	S
providenciarem	P
provier	S
provierem	P
provincializar	S
provincializarem	P
provincianizar	S
provincianizarem	P
provisionar	S
provisionarem	P
provocar	S
provocarem	P
prudenciar	S
prudenciarem	P
pruir	S
prumar	S
prumarem	P
prurir	S
prurirem	P
prussianizar	S
prussianizarem	P
pruírem	P
psicanalisar	S
psicanalisarem	P
psicografar	S
psicografarem	P
psicologizar	S
psicologizarem	P
pubar	S
pubarem	P
pubescer	S
pubescerem	P
publicar	S
publicarem	P
puder	S
puderem	P
puerilizar	S
puerilizarem	P
pugilar	S
pugilarem	P
pugnar	S
pugnarem	P
puir	S
puitar	S
puitarem	P
pujar	S
pujarem	P
pular	S
pularem	P
pulhar	S
pulharem	P
pulsar	S
pulsarem	P
pulsear	S
pulsearem	P
pulular	S
pulularem	P
pulverizar	S
pulverizarem	P
puncionar	S
puncionarem	P
pungir	S
pungirem	P
punguear	S
punguearem	P
punicear	S
punicearem	P
punir	S
punirem	P
punçar	S
punçarem	P
punçoar	S
punçoarem	P
pupilar	S
pupilarem	P
purgar	S
purgarem	P
purificar	S
purificarem	P
purpurar	S
purpurarem	P
purpurear	S
purpurearem	P
purpurejar	S
purpurejarem	P
purpurizar	S
purpurizarem	P
puser	S
puserem	P
putear	S
putearem	P
putrefizer	S
putrefizerem	P
putrificar	S
putrificarem	P
puxar	S
puxarem	P
puírem	P
quadrar	S
quadrarem	P
quadricular	S
quadricularem	P
quadrinizar	S
quadrinizarem	P
quadriplicar	S
quadriplicarem	P
quadrupedar	S
quadrupedarem	P
quadruplar	S
quadruplarem	P
quadruplicar	S
quadruplicarem	P
qualificar	S
qualificarem	P
quantiar	S
quantiarem	P
quantificar	S
quantificarem	P
quantizar	S
quantizarem	P
quarar	S
quararem	P
quarentar	S
quarentarem	P
quarentenar	S
quarentenarem	P
quaresmar	S
quaresmarem	P
quartapisar	S
quartapisarem	P
quartar	S
quartarem	P
quartear	S
quartearem	P
quartejar	S
quartejarem	P
quartilhar	S
quartilharem	P
quebrantar	S
quebrantarem	P
quebrar	S
quebrarem	P
quedar	S
quedarem	P
queijar	S
queijarem	P
queimar	S
queimarem	P
queixar	S
queixarem	P
quentar	S
quentarem	P
querelar	S
querelarem	P
querenar	S
querenarem	P
querosenar	S
querosenarem	P
questionar	S
questionarem	P
quezilar	S
quezilarem	P
quibandar	S
quibandarem	P
quicar	S
quicarem	P
quietar	S
quietarem	P
quilatar	S
quilatarem	P
quilhar	S
quilharem	P
quilificar	S
quilificarem	P
quilometrar	S
quilometrarem	P
quilotar	S
quilotarem	P
quimerizar	S
quimerizarem	P
quimificar	S
quimificarem	P
quinar	S
quinarem	P
quinchar	S
quincharem	P
quinhoar	S
quinhoarem	P
quintar	S
quintarem	P
quintessenciar	S
quintessenciarem	P
quintinizar	S
quintinizarem	P
quintuplicar	S
quintuplicarem	P
quirerear	S
quirerearem	P
quiser	S
quiserem	P
quitandar	S
quitandarem	P
quitar	S
quitarem	P
quizilar	S
quizilarem	P
quotizar	S
quotizarem	P
rabear	S
rabearem	P
rabeirar	S
rabeirarem	P
rabejar	S
rabejarem	P
rabiar	S
rabiarem	P
rabinizar	S
rabinizarem	P
rabiscar	S
rabiscarem	P
rabonar	S
rabonarem	P
rabujar	S
rabujarem	P
rabular	S
rabularem	P
rabulear	S
rabulearem	P
rabulejar	S
rabulejarem	P
rabunar	S
rabunarem	P
racear	S
racearem	P
rachar	S
racharem	P
racializar	S
racializarem	P
racinar	S
racinarem	P
raciocinar	S
raciocinarem	P
racionalizar	S
racionalizarem	P
racionar	S
racionarem	P
racontar	S
racontarem	P
radiar	S
radiarem	P
radicalizar	S
radicalizarem	P
radicar	S
radicarem	P
radiodiagnosticar	S
radiodiagnosticarem	P
radiodifundir	S
radiodifundirem	P
radiofonizar	S
radiofonizarem	P
radiografar	S
radiografarem	P
radiotransmitir	S
radiotransmitirem	P
radobar	S
radobarem	P
raer	S
raerem	P
rafar	S
rafarem	P
raiar	S
raiarem	P
raivar	S
raivarem	P
raivecer	S
raivecerem	P
raivejar	S
raivejarem	P
rajar	S
rajarem	P
ralar	S
ralarem	P
ralear	S
ralearem	P
ralentar	S
ralentarem	P
ralhar	S
ralharem	P
ramalhar	S
ramalharem	P
ramear	S
ramearem	P
ramelar	S
ramelarem	P
ramificar	S
ramificarem	P
ramilhetar	S
ramilhetarem	P
rampear	S
rampearem	P
rampolinar	S
rampolinarem	P
rancescer	S
rancescerem	P
rancidificar	S
rancidificarem	P
rancorar	S
rancorarem	P
ranger	S
rangerem	P
rangir	S
rangirem	P
ranhar	S
ranharem	P
rançar	S
rançarem	P
rapar	S
raparem	P
rapinar	S
rapinarem	P
rapinhar	S
rapinharem	P
raposar	S
raposarem	P
raposear	S
raposearem	P
raposinhar	S
raposinharem	P
raptar	S
raptarem	P
raquitizar	S
raquitizarem	P
rarear	S
rarearem	P
rarefizer	S
rarefizerem	P
rasar	S
rasarem	P
rascar	S
rascarem	P
rascunhar	S
rascunharem	P
rasgar	S
rasgarem	P
rasoirar	S
rasoirarem	P
rasourar	S
rasourarem	P
raspar	S
rasparem	P
rasquetear	S
rasquetearem	P
rastaquerar	S
rastaquerarem	P
rastear	S
rastearem	P
rasteirar	S
rasteirarem	P
rastejar	S
rastejarem	P
rastelar	S
rastelarem	P
rastrear	S
rastrearem	P
rasurar	S
rasurarem	P
ratar	S
ratarem	P
ratear	S
ratearem	P
ratificar	S
ratificarem	P
ratinhar	S
ratinharem	P
ratonar	S
ratonarem	P
ratonear	S
ratonearem	P
razoar	S
razoarem	P
reabastecer	S
reabastecerem	P
reabilitar	S
reabilitarem	P
reabitar	S
reabitarem	P
reabjurar	S
reabjurarem	P
reabotoar	S
reabotoarem	P
reabrir	S
reabrirem	P
reabsorver	S
reabsorverem	P
reacender	S
reacenderem	P
reacessar	S
reacessarem	P
reacomodar	S
reacomodarem	P
reacusar	S
reacusarem	P
readaptar	S
readaptarem	P
readequar	S
readequarem	P
readmitir	S
readmitirem	P
readormecer	S
readormecerem	P
readotar	S
readotarem	P
readquirir	S
readquirirem	P
reafirmar	S
reafirmarem	P
reagendar	S
reagendarem	P
reagir	S
reagirem	P
reagradecer	S
reagradecerem	P
reagravar	S
reagravarem	P
reajustar	S
reajustarem	P
realegrar	S
realegrarem	P
realejar	S
realejarem	P
realimentar	S
realimentarem	P
realizar	S
realizarem	P
realçar	S
realçarem	P
reamanhecer	S
reamanhecerem	P
reanimar	S
reanimarem	P
reaparecer	S
reaparecerem	P
reaplicar	S
reaplicarem	P
reapoderar	S
reapoderarem	P
reapreciar	S
reapreciarem	P
reaprender	S
reaprenderem	P
reapresentar	S
reapresentarem	P
reaproximar	S
reaproximarem	P
reaquecer	S
reaquecerem	P
reaquistar	S
reaquistarem	P
rearborizar	S
rearborizarem	P
rearmar	S
rearmarem	P
rearrepender	S
rearrependerem	P
rearticular	S
rearticularem	P
reascender	S
reascenderem	P
reassumir	S
reassumirem	P
reatar	S
reatarem	P
reativar	S
reativarem	P
reavaliar	S
reavaliarem	P
reaviar	S
reaviarem	P
reavisar	S
reavisarem	P
reavivar	S
reavivarem	P
reavultar	S
reavultarem	P
rebaixar	S
rebaixarem	P
rebalsar	S
rebalsarem	P
rebanhar	S
rebanharem	P
rebar	S
rebarbar	S
rebarbarem	P
rebarem	P
rebater	S
rebaterem	P
rebatizar	S
rebatizarem	P
rebeijar	S
rebeijarem	P
rebelar	S
rebelarem	P
rebelionar	S
rebelionarem	P
rebenquear	S
rebenquearem	P
rebentar	S
rebentarem	P
rebenzer	S
rebenzerem	P
rebimbar	S
rebimbarem	P
rebitar	S
rebitarem	P
reboar	S
reboarem	P
rebobinar	S
rebobinarem	P
rebocar	S
rebocarem	P
rebojar	S
rebojarem	P
rebolar	S
rebolarem	P
rebolcar	S
rebolcarem	P
rebolear	S
rebolearem	P
rebolir	S
rebolirem	P
rebolquear	S
rebolquearem	P
rebombar	S
rebombarem	P
reboquear	S
reboquearem	P
rebordar	S
rebordarem	P
rebotar	S
rebotarem	P
rebramar	S
rebramarem	P
rebramir	S
rebramirem	P
rebrilhar	S
rebrilharem	P
rebrotar	S
rebrotarem	P
rebulir	S
rebulirem	P
rebuliçar	S
rebuliçarem	P
rebuscar	S
rebuscarem	P
rebusnar	S
rebusnarem	P
rebuçar	S
rebuçarem	P
recachar	S
recacharem	P
recair	S
recalar	S
recalarem	P
recalcar	S
recalcarem	P
recalcitrar	S
recalcitrarem	P
recalcular	S
recalcularem	P
recaldear	S
recaldearem	P
recamar	S
recamarem	P
recambiar	S
recambiarem	P
recantar	S
recantarem	P
recapacitar	S
recapacitarem	P
recapar	S
recaparem	P
recapear	S
recapearem	P
recapitalizar	S
recapitalizarem	P
recapitular	S
recapitularem	P
recapturar	S
recapturarem	P
recargar	S
recargarem	P
recasar	S
recasarem	P
recatar	S
recatarem	P
recativar	S
recativarem	P
recauchutar	S
recauchutarem	P
recaucionar	S
recaucionarem	P
recavalgar	S
recavalgarem	P
recavar	S
recavarem	P
recaírem	P
recear	S
recearem	P
receber	S
receberem	P
receitar	S
receitarem	P
recenar	S
recenarem	P
recender	S
recenderem	P
recensear	S
recensearem	P
recepcionar	S
recepcionarem	P
receptar	S
receptarem	P
rechaçar	S
rechaçarem	P
rechear	S
rechearem	P
rechegar	S
rechegarem	P
rechiar	S
rechiarem	P
rechinar	S
rechinarem	P
reciclar	S
reciclarem	P
recingir	S
recingirem	P
reciprocar	S
reciprocarem	P
recitar	S
recitarem	P
recivilizar	S
recivilizarem	P
reclamar	S
reclamarem	P
reclassificar	S
reclassificarem	P
reclinar	S
reclinarem	P
recluir	S
recluírem	P
recobrar	S
recobrarem	P
recobrir	S
recobrirem	P
recoitar	S
recoitarem	P
recolher	S
recolherem	P
recolocar	S
recolocarem	P
recolonizar	S
recolonizarem	P
recombinar	S
recombinarem	P
recomendar	S
recomendarem	P
recomer	S
recomerem	P
recomeçar	S
recomeçarem	P
recompensar	S
recompensarem	P
recomprar	S
recomprarem	P
recompuser	S
recompuserem	P
reconcentrar	S
reconcentrarem	P
reconcertar	S
reconcertarem	P
reconciliar	S
reconciliarem	P
recondicionar	S
recondicionarem	P
reconduzir	S
reconduzirem	P
reconectar	S
reconectarem	P
reconfigurar	S
reconfigurarem	P
reconfirmar	S
reconfirmarem	P
reconfortar	S
reconfortarem	P
recongraçar	S
recongraçarem	P
reconhecer	S
reconhecerem	P
reconquistar	S
reconquistarem	P
reconsertar	S
reconsertarem	P
reconsiderar	S
reconsiderarem	P
reconsolidar	S
reconsolidarem	P
reconstituir	S
reconstituírem	P
reconstruir	S
reconstruírem	P
recontar	S
recontarem	P
reconvalescer	S
reconvalescerem	P
reconvier	S
reconvierem	P
reconvocar	S
reconvocarem	P
recopiar	S
recopiarem	P
recopilar	S
recopilarem	P
recordar	S
recordarem	P
recoreografar	S
recoreografarem	P
recoroar	S
recoroarem	P
recorrer	S
recorrerem	P
recorrigir	S
recorrigirem	P
recortar	S
recortarem	P
recoser	S
recoserem	P
recostar	S
recostarem	P
recoutar	S
recoutarem	P
recovar	S
recovarem	P
recozer	S
recozerem	P
recravar	S
recravarem	P
recrear	S
recrearem	P
recrescer	S
recrescerem	P
recrestar	S
recrestarem	P
recriar	S
recriarem	P
recriminar	S
recriminarem	P
recrucificar	S
recrucificarem	P
recrudescer	S
recrudescerem	P
recrutar	S
recrutarem	P
recruzar	S
recruzarem	P
recuar	S
recuarem	P
recuidar	S
recuidarem	P
recumbir	S
recumbirem	P
recunhar	S
recunharem	P
recuperar	S
recuperarem	P
recurvar	S
recurvarem	P
recusar	S
recusarem	P
redactilografar	S
redactilografarem	P
redarguir	S
redarguirem	P
redatar	S
redatarem	P
redatilografar	S
redatilografarem	P
redeclarar	S
redeclararem	P
redefinir	S
redefinirem	P
redemocratizar	S
redemocratizarem	P
redemoinhar	S
redemoinharem	P
redemonizar	S
redemonizarem	P
redengar	S
redengarem	P
reder	S
rederem	P
redescender	S
redescenderem	P
redescobrir	S
redescobrirem	P
redescontar	S
redescontarem	P
redesenhar	S
redesenharem	P
redestilar	S
redestilarem	P
redibir	S
redibirem	P
redigir	S
redigirem	P
redimir	S
redimirem	P
redintegrar	S
redintegrarem	P
redirecionar	S
redirecionarem	P
rediscutir	S
rediscutirem	P
redisponibilizar	S
redisponibilizarem	P
redisser	S
redisserem	P
redissolver	S
redissolverem	P
redistribuir	S
redistribuírem	P
redobrar	S
redobrarem	P
redoirar	S
redoirarem	P
redomonear	S
redomonearem	P
redondear	S
redondearem	P
redopiar	S
redopiarem	P
redourar	S
redourarem	P
redrar	S
redrarem	P
redundar	S
redundarem	P
reduplicar	S
reduplicarem	P
reduzir	S
reduzirem	P
reedificar	S
reedificarem	P
reeditar	S
reeditarem	P
reeditorar	S
reeditorarem	P
reeducar	S
reeducarem	P
reeleger	S
reelegerem	P
reembarcar	S
reembarcarem	P
reembolsar	S
reembolsarem	P
reemendar	S
reemendarem	P
reemitir	S
reemitirem	P
reempoderar	S
reempoderarem	P
reemponderar	S
reemponderarem	P
reempossar	S
reempossarem	P
reempregar	S
reempregarem	P
reencapar	S
reencaparem	P
reencardernar	S
reencardernarem	P
reencarnar	S
reencarnarem	P
reencher	S
reencherem	P
reencontrar	S
reencontrarem	P
reendossar	S
reendossarem	P
reengajar	S
reengajarem	P
reenlaçar	S
reenlaçarem	P
reentonizar	S
reentonizarem	P
reentrar	S
reentrarem	P
reenviar	S
reenviarem	P
reenvidar	S
reenvidarem	P
reequilibrar	S
reequilibrarem	P
reequipar	S
reequiparem	P
reerguer	S
reerguerem	P
reescrever	S
reescreverem	P
reesoalonar	S
reesoalonarem	P
reestampar	S
reestamparem	P
reestimular	S
reestimularem	P
reestrear	S
reestrearem	P
reestruturar	S
reestruturarem	P
reestudar	S
reestudarem	P
reexaminar	S
reexaminarem	P
reexpedir	S
reexpedirem	P
reexplorar	S
reexplorarem	P
reexportar	S
reexportarem	P
reextraditar	S
reextraditarem	P
refalsear	S
refalsearem	P
refecer	S
refecerem	P
refegar	S
refegarem	P
refender	S
refenderem	P
referenciar	S
referenciarem	P
referendar	S
referendarem	P
referir	S
referirem	P
refermentar	S
refermentarem	P
referver	S
referverem	P
refestelar	S
refestelarem	P
refiar	S
refiarem	P
reficcionar	S
reficcionarem	P
refidelizar	S
refidelizarem	P
refilar	S
refilarem	P
refilhar	S
refilharem	P
refilmar	S
refilmarem	P
refinar	S
refinarem	P
refincar	S
refincarem	P
refitar	S
refitarem	P
refizer	S
refizerem	P
reflar	S
reflarem	P
refletir	S
refletirem	P
reflexionar	S
reflexionarem	P
reflorescer	S
reflorescerem	P
reflorestar	S
reflorestarem	P
reflorir	S
reflorirem	P
refluir	S
refluírem	P
refocilar	S
refocilarem	P
refogar	S
refogarem	P
refolgar	S
refolgarem	P
refolhar	S
refolharem	P
reformar	S
reformarem	P
reformular	S
reformularem	P
refortificar	S
refortificarem	P
reforçar	S
reforçarem	P
refractar	S
refractarem	P
refragilizar	S
refragilizarem	P
refranger	S
refrangerem	P
refranzear	S
refranzearem	P
refratar	S
refratarem	P
refrear	S
refrearem	P
refregar	S
refregarem	P
refrequentar	S
refrequentarem	P
refrescar	S
refrescarem	P
refrigerar	S
refrigerarem	P
refrisar	S
refrisarem	P
refugar	S
refugarem	P
refugiar	S
refugiarem	P
refugir	S
refugirem	P
refulgir	S
refulgirem	P
refundar	S
refundarem	P
refundir	S
refundirem	P
refusar	S
refusarem	P
refutar	S
refutarem	P
regalar	S
regalardoar	S
regalardoarem	P
regalarem	P
reganhar	S
reganharem	P
regar	S
regarem	P
regatar	S
regatarem	P
regatear	S
regatearem	P
regaçar	S
regaçarem	P
regelar	S
regelarem	P
regenerar	S
regenerarem	P
regentar	S
regentarem	P
reger	S
regerar	S
regerarem	P
regerem	P
regirar	S
regirarem	P
registar	S
registarem	P
registrar	S
registrarem	P
regoar	S
regoarem	P
regolfar	S
regolfarem	P
regorjear	S
regorjearem	P
regougar	S
regougarem	P
regozijar	S
regozijarem	P
regrar	S
regrarem	P
regravar	S
regravarem	P
regraxar	S
regraxarem	P
regredir	S
regredirem	P
regressar	S
regressarem	P
reguingar	S
reguingarem	P
regulamentar	S
regulamentarem	P
regular	S
regularem	P
regularizar	S
regularizarem	P
regurgitar	S
regurgitarem	P
reimplantar	S
reimplantarem	P
reimprimir	S
reimprimirem	P
reimpuser	S
reimpuserem	P
reinar	S
reinarem	P
reincidir	S
reincidirem	P
reincitar	S
reincitarem	P
reincorporar	S
reincorporarem	P
reindisponibilizar	S
reindisponibilizarem	P
reinflamar	S
reinflamarem	P
reinfundir	S
reinfundirem	P
reingressar	S
reingressarem	P
reiniciar	S
reiniciarem	P
reinquirir	S
reinquirirem	P
reinscrever	S
reinscreverem	P
reinsistir	S
reinsistirem	P
reinstalar	S
reinstalarem	P
reinstituir	S
reinstituírem	P
reintegrar	S
reintegrarem	P
reintroduzir	S
reintroduzirem	P
reinventar	S
reinventarem	P
reinvestir	S
reinvestirem	P
reiterar	S
reiterarem	P
reiunar	S
reiunarem	P
reivindicar	S
reivindicarem	P
reixar	S
reixarem	P
rejeitar	S
rejeitarem	P
rejubilar	S
rejubilarem	P
rejudicializar	S
rejudicializarem	P
rejuntar	S
rejuntarem	P
rejuvenescer	S
rejuvenescerem	P
relacionar	S
relacionarem	P
relacrar	S
relacrarem	P
relamber	S
relamberem	P
relampadear	S
relampadearem	P
relampadejar	S
relampadejarem	P
relampaguear	S
relampaguearem	P
relampar	S
relamparem	P
relampear	S
relampearem	P
relampejar	S
relampejarem	P
relancear	S
relancearem	P
relançar	S
relançarem	P
relar	S
relarem	P
relatar	S
relatarem	P
relativizar	S
relativizarem	P
relaxar	S
relaxarem	P
relegar	S
relegarem	P
relembrar	S
relembrarem	P
reler	S
relerem	P
relevar	S
relevarem	P
relhar	S
relharem	P
relicitar	S
relicitarem	P
religar	S
religarem	P
relimar	S
relimarem	P
relinchar	S
relincharem	P
relotear	S
relotearem	P
relumbrar	S
relumbrarem	P
relutar	S
relutarem	P
reluzir	S
reluzirem	P
relvar	S
relvarem	P
relvejar	S
relvejarem	P
remanchar	S
remancharem	P
remanchear	S
remanchearem	P
remanejar	S
remanejarem	P
remanescer	S
remanescerem	P
remangar	S
remangarem	P
remaniscar	S
remaniscarem	P
remansar	S
remansarem	P
remansear	S
remansearem	P
remanusear	S
remanusearem	P
remar	S
remarcar	S
remarcarem	P
remarem	P
remascar	S
remascarem	P
remastigar	S
remastigarem	P
rematar	S
rematarem	P
remedar	S
remedarem	P
remediar	S
remediarem	P
remedir	S
remedirem	P
remelar	S
remelarem	P
remembrar	S
remembrarem	P
rememorar	S
rememorarem	P
remendar	S
remendarem	P
remenear	S
remenearem	P
remenicar	S
remenicarem	P
remerecer	S
remerecerem	P
remergulhar	S
remergulharem	P
remessar	S
remessarem	P
remeter	S
remeterem	P
remexer	S
remexerem	P
remigrar	S
remigrarem	P
reminar	S
reminarem	P
remir	S
remirar	S
remirarem	P
remirem	P
remitir	S
remitirem	P
remobilizar	S
remobilizarem	P
remocar	S
remocarem	P
remodelar	S
remodelarem	P
remoer	S
remoerem	P
remoinhar	S
remoinharem	P
remolhar	S
remolharem	P
remondar	S
remondarem	P
remontar	S
remontarem	P
remoquear	S
remoquearem	P
remorar	S
remorarem	P
remorder	S
remorderem	P
remover	S
removerem	P
remoçar	S
remoçarem	P
remudar	S
remudarem	P
remugir	S
remugirem	P
remunerar	S
remunerarem	P
remungir	S
remungirem	P
remurmurar	S
remurmurarem	P
renascer	S
renascerem	P
renavegar	S
renavegarem	P
rendar	S
rendarem	P
render	S
renderem	P
rendilhar	S
rendilharem	P
renegar	S
renegarem	P
renguear	S
renguearem	P
renhir	S
renhirem	P
renitir	S
renitirem	P
renovar	S
renovarem	P
rentar	S
rentarem	P
rentear	S
rentearem	P
renuir	S
renunciar	S
renunciarem	P
renutrir	S
renutrirem	P
renuírem	P
reocupar	S
reocuparem	P
reordenar	S
reordenarem	P
reorganizar	S
reorganizarem	P
reorientar	S
reorientarem	P
reouver	S
reouverem	P
reouvir	S
reouvirem	P
reoxidar	S
reoxidarem	P
repagar	S
repagarem	P
repaginar	S
repaginarem	P
repanhar	S
repanharem	P
reparar	S
repararem	P
reparecer	S
reparecerem	P
repartir	S
repartirem	P
repascer	S
repascerem	P
repassar	S
repassarem	P
repastar	S
repastarem	P
repatanar	S
repatanarem	P
repatriar	S
repatriarem	P
repavimentar	S
repavimentarem	P
repechar	S
repecharem	P
repedir	S
repedirem	P
repelar	S
repelarem	P
repelir	S
repelirem	P
repenalizar	S
repenalizarem	P
repenicar	S
repenicarem	P
repensar	S
repensarem	P
repercorrer	S
repercorrerem	P
repercutir	S
repercutirem	P
reperguntar	S
reperguntarem	P
repesar	S
repesarem	P
repetenar	S
repetenarem	P
repetir	S
repetirem	P
repetoriar	S
repetoriarem	P
repicar	S
repicarem	P
repinchar	S
repincharem	P
repingar	S
repingarem	P
repintar	S
repintarem	P
repiquetar	S
repiquetarem	P
repisar	S
repisarem	P
repiscar	S
repiscarem	P
replantar	S
replantarem	P
repletar	S
repletarem	P
replicar	S
replicarem	P
repoisar	S
repoisarem	P
repolegar	S
repolegarem	P
repolgar	S
repolgarem	P
repolhar	S
repolharem	P
repolir	S
repolirem	P
repoltrear	S
repoltrearem	P
repoltronear	S
repoltronearem	P
repontar	S
repontarem	P
repontuar	S
repontuarem	P
repopularizar	S
repopularizarem	P
reportar	S
reportarem	P
reporvar	S
reporvarem	P
reposicionar	S
reposicionarem	P
repossuir	S
repossuírem	P
repostar	S
repostarem	P
repotrear	S
repotrearem	P
repousar	S
repousarem	P
repovoar	S
repovoarem	P
repreender	S
repreenderem	P
repregar	S
repregarem	P
represar	S
represarem	P
representar	S
representarem	P
reprimir	S
reprimirem	P
repriorizar	S
repriorizarem	P
reprochar	S
reprocharem	P
reproduzir	S
reproduzirem	P
reprofundar	S
reprofundarem	P
reprogramar	S
reprogramarem	P
reprometer	S
reprometerem	P
repropuser	S
repropuserem	P
reprovar	S
reprovarem	P
repruir	S
reprurir	S
reprurirem	P
repruírem	P
reptar	S
reptarem	P
republicanizar	S
republicanizarem	P
republicar	S
republicarem	P
repudiar	S
repudiarem	P
repugnar	S
repugnarem	P
repulsar	S
repulsarem	P
repulular	S
repulularem	P
repurgar	S
repurgarem	P
repurificar	S
repurificarem	P
repuser	S
repuserem	P
reputar	S
reputarem	P
repuxar	S
repuxarem	P
requebrar	S
requebrarem	P
requeimar	S
requeimarem	P
requentar	S
requentarem	P
requerer	S
requererem	P
requestar	S
requestarem	P
requintar	S
requintarem	P
requisitar	S
requisitarem	P
rer	S
rerem	P
rerratificar	S
rerratificarem	P
rescindir	S
rescindirem	P
rescrever	S
rescreverem	P
resenhar	S
resenharem	P
reservar	S
reservarem	P
resfolegar	S
resfolegarem	P
resfolgar	S
resfolgarem	P
resfriar	S
resfriarem	P
resgatar	S
resgatarem	P
resguardar	S
resguardarem	P
residir	S
residirem	P
resignar	S
resignarem	P
resilir	S
resilirem	P
resinar	S
resinarem	P
resingar	S
resingarem	P
resinificar	S
resinificarem	P
resistir	S
resistirem	P
reslumbrar	S
reslumbrarem	P
resmar	S
resmarem	P
resmelengar	S
resmelengarem	P
resmingar	S
resmingarem	P
resmonear	S
resmonearem	P
resmuinhar	S
resmuinharem	P
resmungar	S
resmungarem	P
resolver	S
resolverem	P
respaldar	S
respaldarem	P
respançar	S
respançarem	P
respeitar	S
respeitarem	P
respigar	S
respigarem	P
respingar	S
respingarem	P
respirar	S
respirarem	P
resplandecer	S
resplandecerem	P
resplendecer	S
resplendecerem	P
resplender	S
resplenderem	P
responder	S
responderem	P
responsabilizar	S
responsabilizarem	P
responsar	S
responsarem	P
respostar	S
respostarem	P
ressabiar	S
ressabiarem	P
ressacar	S
ressacarem	P
ressaibar	S
ressaibarem	P
ressair	S
ressalgar	S
ressalgarem	P
ressaltar	S
ressaltarem	P
ressaltear	S
ressaltearem	P
ressaltitar	S
ressaltitarem	P
ressalvar	S
ressalvarem	P
ressarcir	S
ressarcirem	P
ressaudar	S
ressaudarem	P
ressaírem	P
ressecar	S
ressecarem	P
ressegar	S
ressegarem	P
ressegurar	S
ressegurarem	P
resselar	S
resselarem	P
ressemear	S
ressemearem	P
ressentir	S
ressentirem	P
ressequir	S
ressequirem	P
resserenar	S
resserenarem	P
resservir	S
resservirem	P
ressicar	S
ressicarem	P
ressoar	S
ressoarem	P
ressobrar	S
ressobrarem	P
ressoldar	S
ressoldarem	P
ressolhar	S
ressolharem	P
ressonar	S
ressonarem	P
ressoprar	S
ressoprarem	P
ressorver	S
ressorverem	P
ressouber	S
ressouberem	P
ressuar	S
ressuarem	P
ressudar	S
ressudarem	P
ressulcar	S
ressulcarem	P
ressumar	S
ressumarem	P
ressumbrar	S
ressumbrarem	P
ressupinar	S
ressupinarem	P
ressurgir	S
ressurgirem	P
ressurtir	S
ressurtirem	P
ressuscitar	S
ressuscitarem	P
restabelecer	S
restabelecerem	P
restampar	S
restamparem	P
restar	S
restarem	P
restaurar	S
restaurarem	P
restelar	S
restelarem	P
restilar	S
restilarem	P
restinguir	S
restinguirem	P
restituir	S
restituírem	P
restolhar	S
restolharem	P
restribar	S
restribarem	P
restringir	S
restringirem	P
restrugir	S
restrugirem	P
restucar	S
restucarem	P
resultar	S
resultarem	P
resumir	S
resumirem	P
resvalar	S
resvalarem	P
retalhar	S
retalharem	P
retaliar	S
retaliarem	P
retanchar	S
retancharem	P
retardar	S
retardarem	P
retelhar	S
retelharem	P
retemperar	S
retemperarem	P
retesar	S
retesarem	P
reticenciar	S
reticenciarem	P
reticular	S
reticularem	P
retificar	S
retificarem	P
retingir	S
retingirem	P
retinir	S
retinirem	P
retintir	S
retintirem	P
retirar	S
retirarem	P
retiver	S
retiverem	P
retocar	S
retocarem	P
retoiçar	S
retoiçarem	P
retomar	S
retomarem	P
retorcer	S
retorcerem	P
retoricar	S
retoricarem	P
retornar	S
retornarem	P
retorquir	S
retorquirem	P
retostar	S
retostarem	P
retoucar	S
retoucarem	P
retouçar	S
retouçarem	P
retovar	S
retovarem	P
retraduzir	S
retraduzirem	P
retrair	S
retramar	S
retramarem	P
retrancar	S
retrancarem	P
retransir	S
retransirem	P
retransmitir	S
retransmitirem	P
retrasar	S
retrasarem	P
retratar	S
retratarem	P
retravar	S
retravarem	P
retraçar	S
retraçarem	P
retraírem	P
retremer	S
retremerem	P
retribuir	S
retribuírem	P
retrilhar	S
retrilharem	P
retrincar	S
retrincarem	P
retroagir	S
retroagirem	P
retroar	S
retroarem	P
retroceder	S
retrocederem	P
retrogradar	S
retrogradarem	P
retrosseguir	S
retrosseguirem	P
retrotrair	S
retrotraírem	P
retrovender	S
retrovenderem	P
retroverter	S
retroverterem	P
retrucar	S
retrucarem	P
retumbar	S
retumbarem	P
retundir	S
retundirem	P
reumatizar	S
reumatizarem	P
reunificar	S
reunificarem	P
reunir	S
reunirem	P
reurbanizar	S
reurbanizarem	P
reutilizar	S
reutilizarem	P
revacinar	S
revacinarem	P
revalidar	S
revalidarem	P
revalorizar	S
revalorizarem	P
revelar	S
revelarem	P
revelir	S
revelirem	P
revender	S
revenderem	P
revenerar	S
revenerarem	P
reverberar	S
reverberarem	P
reverdecer	S
reverdecerem	P
reverdejar	S
reverdejarem	P
reverenciar	S
reverenciarem	P
reverificar	S
reverificarem	P
reverter	S
reverterem	P
revessar	S
revessarem	P
revestir	S
revestirem	P
revezar	S
revezarem	P
reviabilizar	S
reviabilizarem	P
revidar	S
revidarem	P
revier	S
revierem	P
revigorar	S
revigorarem	P
revingar	S
revingarem	P
revir	S
revirar	S
revirarem	P
reviravoltear	S
reviravoltearem	P
revirem	P
revisar	S
revisarem	P
revisitar	S
revisitarem	P
revistar	S
revistarem	P
revitalizar	S
revitalizarem	P
reviver	S
reviverem	P
revivescer	S
revivescerem	P
revivificar	S
revivificarem	P
reviçar	S
reviçarem	P
revoar	S
revoarem	P
revocar	S
revocarem	P
revogar	S
revogarem	P
revolcar	S
revolcarem	P
revoltar	S
revoltarem	P
revoltear	S
revoltearem	P
revolucionar	S
revolucionarem	P
revolutear	S
revolutearem	P
revolver	S
revolverem	P
revulsar	S
revulsarem	P
rezar	S
rezarem	P
rezingar	S
rezingarem	P
ribeirar	S
ribeirarem	P
ribombar	S
ribombarem	P
ricochetar	S
ricochetarem	P
ricochetear	S
ricochetearem	P
ridicar	S
ridicarem	P
ridicularizar	S
ridicularizarem	P
ridiculizar	S
ridiculizarem	P
rifar	S
rifarem	P
rilhar	S
rilharem	P
rimar	S
rimarem	P
rinchar	S
rincharem	P
rinchavelhar	S
rinchavelharem	P
rinconar	S
rinconarem	P
ringir	S
ringirem	P
rinhar	S
rinharem	P
ripar	S
riparem	P
ripostar	S
ripostarem	P
rir	S
rirem	P
riscar	S
riscarem	P
ritmar	S
ritmarem	P
rivalizar	S
rivalizarem	P
rixar	S
rixarem	P
rizar	S
rizarem	P
riçar	S
riçarem	P
roborar	S
roborarem	P
roborizar	S
roborizarem	P
robustecer	S
robustecerem	P
rocar	S
rocarem	P
rocegar	S
rocegarem	P
rociar	S
rociarem	P
rocinar	S
rocinarem	P
rodar	S
rodarem	P
rodear	S
rodearem	P
rodilhar	S
rodilharem	P
rodopiar	S
rodopiarem	P
roer	S
roerem	P
rogar	S
rogarem	P
rojar	S
rojarem	P
rolar	S
rolarem	P
roldar	S
roldarem	P
roletar	S
roletarem	P
rolhar	S
rolharem	P
romancear	S
romancearem	P
romanear	S
romanearem	P
romanizar	S
romanizarem	P
romantizar	S
romantizarem	P
romper	S
romperem	P
roncar	S
roncarem	P
roncear	S
roncearem	P
ronchar	S
roncharem	P
rondar	S
rondarem	P
rondear	S
rondearem	P
ronquear	S
ronquearem	P
ronquejar	S
ronquejarem	P
ronronar	S
ronronarem	P
rorar	S
rorarem	P
rorejar	S
rorejarem	P
rosar	S
rosarem	P
roscar	S
roscarem	P
rosear	S
rosearem	P
rosetar	S
rosetarem	P
rosetear	S
rosetearem	P
rosnar	S
rosnarem	P
rosquear	S
rosquearem	P
rostear	S
rostearem	P
rostir	S
rostirem	P
rotar	S
rotarem	P
rotear	S
rotearem	P
roteirizar	S
roteirizarem	P
rotogravar	S
rotogravarem	P
rotular	S
rotularem	P
roubar	S
roubarem	P
roufenhar	S
roufenharem	P
roupar	S
rouparem	P
rouquejar	S
rouquejarem	P
rouxinolear	S
rouxinolearem	P
roxear	S
roxearem	P
roçagar	S
roçagarem	P
roçar	S
roçarem	P
rubejar	S
rubejarem	P
rubescer	S
rubescerem	P
rubificar	S
rubificarem	P
ruborescer	S
ruborescerem	P
ruborizar	S
ruborizarem	P
rubricar	S
rubricarem	P
rufar	S
rufarem	P
rufiar	S
rufiarem	P
ruflar	S
ruflarem	P
rugar	S
rugarem	P
rugir	S
rugirem	P
rugitar	S
rugitarem	P
ruidar	S
ruidarem	P
ruir	S
rumar	S
rumarem	P
rumbear	S
rumbearem	P
ruminar	S
ruminarem	P
rumorar	S
rumorarem	P
rumorejar	S
rumorejarem	P
ruralizar	S
ruralizarem	P
rusgar	S
rusgarem	P
russificar	S
russificarem	P
rusticar	S
rusticarem	P
rustir	S
rustirem	P
rutilar	S
rutilarem	P
ruçar	S
ruçarem	P
ruírem	P
sabadear	S
sabadearem	P
sabalçar	S
sabalçarem	P
sabatinar	S
sabatinarem	P
sabatizar	S
sabatizarem	P
saberecar	S
saberecarem	P
sabererecar	S
sabererecarem	P
sabichar	S
sabicharem	P
saborear	S
saborearem	P
sabotar	S
sabotarem	P
sabotear	S
sabotearem	P
sabrecar	S
sabrecarem	P
sabucar	S
sabucarem	P
sabugar	S
sabugarem	P
sabujar	S
sabujarem	P
saburrar	S
saburrarem	P
sacanear	S
sacanearem	P
sacar	S
sacarem	P
sacarificar	S
sacarificarem	P
sachar	S
sacharem	P
sacholar	S
sacholarem	P
saciar	S
saciarem	P
sacolejar	S
sacolejarem	P
sacramentar	S
sacramentarem	P
sacrificar	S
sacrificarem	P
sacudir	S
sacudirem	P
saculejar	S
saculejarem	P
safar	S
safarem	P
safrejar	S
safrejarem	P
saginar	S
saginarem	P
sagitar	S
sagitarem	P
sagrar	S
sagrarem	P
saibrar	S
saibrarem	P
sair	S
saldar	S
saldarem	P
salgar	S
salgarem	P
salientar	S
salientarem	P
salinar	S
salinarem	P
salitizar	S
salitizarem	P
salitrar	S
salitrarem	P
salivar	S
salivarem	P
salmear	S
salmearem	P
salmodiar	S
salmodiarem	P
salmoirar	S
salmoirarem	P
salmourar	S
salmourarem	P
saloçar	S
saloçarem	P
salpicar	S
salpicarem	P
salpimentar	S
salpimentarem	P
salpintar	S
salpintarem	P
salpresar	S
salpresarem	P
saltar	S
saltarelar	S
saltarelarem	P
saltarem	P
saltaricar	S
saltaricarem	P
saltarilhar	S
saltarilharem	P
saltarinhar	S
saltarinharem	P
saltear	S
saltearem	P
saltitar	S
saltitarem	P
salubrificar	S
salubrificarem	P
saludar	S
saludarem	P
salvaguardar	S
salvaguardarem	P
salvar	S
salvarem	P
samangar	S
samangarem	P
sambar	S
sambarem	P
sambear	S
sambearem	P
sambenitar	S
sambenitarem	P
samblar	S
samblarem	P
sambocar	S
sambocarem	P
samear	S
samearem	P
sampar	S
samparem	P
sanar	S
sanarem	P
sancionar	S
sancionarem	P
sandejar	S
sandejarem	P
sanear	S
sanearem	P
sanfoninar	S
sanfoninarem	P
sanforizar	S
sanforizarem	P
sangrar	S
sangrarem	P
sanguificar	S
sanguificarem	P
sanguinhar	S
sanguinharem	P
sanificar	S
sanificarem	P
sanjar	S
sanjarem	P
sanquitar	S
sanquitarem	P
santificar	S
santificarem	P
santigar	S
santigarem	P
santiguar	S
santiguarem	P
sapar	S
saparem	P
sapatear	S
sapatearem	P
sapear	S
sapearem	P
sapecar	S
sapecarem	P
sapejar	S
sapejarem	P
saponificar	S
saponificarem	P
sapremar	S
sapremarem	P
saquear	S
saquearem	P
sarabandear	S
sarabandearem	P
saracotear	S
saracotearem	P
saraivar	S
saraivarem	P
sarandear	S
sarandearem	P
sarapantar	S
sarapantarem	P
sarapintar	S
sarapintarem	P
sarar	S
sararem	P
sargentear	S
sargentearem	P
sarilhar	S
sarilharem	P
sarjar	S
sarjarem	P
sarpar	S
sarparem	P
sarrafar	S
sarrafarem	P
sarrafaçar	S
sarrafaçarem	P
sarrafear	S
sarrafearem	P
sarrar	S
sarrarem	P
sartar	S
sartarem	P
satanizar	S
satanizarem	P
satirizar	S
satirizarem	P
satisdar	S
satisdarem	P
satisfizer	S
satisfizerem	P
satrapear	S
satrapearem	P
saturar	S
saturarem	P
saudar	S
saudarem	P
sazonar	S
sazonarem	P
saçaricar	S
saçaricarem	P
saírem	P
secar	S
secarem	P
seccionar	S
seccionarem	P
secionar	S
secionarem	P
secretar	S
secretarem	P
secretariar	S
secretariarem	P
secularizar	S
secularizarem	P
secundar	S
secundarem	P
sedar	S
sedarem	P
sedear	S
sedearem	P
sediar	S
sediarem	P
sedimentar	S
sedimentarem	P
seduzir	S
seduzirem	P
segar	S
segarem	P
segmentar	S
segmentarem	P
segredar	S
segredarem	P
segregar	S
segregarem	P
seguir	S
seguirem	P
segundar	S
segundarem	P
segurar	S
segurarem	P
selar	S
selarem	P
selecionar	S
selecionarem	P
seletar	S
seletarem	P
semear	S
semearem	P
semelhar	S
semelharem	P
sementar	S
sementarem	P
semicerrar	S
semicerrarem	P
semierguer	S
semierguerem	P
semiviver	S
semiviverem	P
sengar	S
sengarem	P
senhorear	S
senhorearem	P
senilizar	S
senilizarem	P
sensibilizar	S
sensibilizarem	P
sensificar	S
sensificarem	P
sensualizar	S
sensualizarem	P
sentar	S
sentarem	P
sentenciar	S
sentenciarem	P
sentimentalizar	S
sentimentalizarem	P
sentir	S
sentirem	P
separar	S
separarem	P
sepultar	S
sepultarem	P
sequestrar	S
sequestrarem	P
sequiar	S
sequiarem	P
serenar	S
serenarem	P
serigrafar	S
serigrafarem	P
seringar	S
seringarem	P
seroar	S
seroarem	P
serpear	S
serpearem	P
serpejar	S
serpejarem	P
serpentar	S
serpentarem	P
serpentear	S
serpentearem	P
serralhar	S
serralharem	P
serrar	S
serrarem	P
serrazinar	S
serrazinarem	P
serrear	S
serrearem	P
serrilhar	S
serrilharem	P
serrotar	S
serrotarem	P
sertanejar	S
sertanejarem	P
sertanizar	S
sertanizarem	P
servilizar	S
servilizarem	P
servir	S
servirem	P
sesmar	S
sesmarem	P
sessar	S
sessarem	P
sestear	S
sestearem	P
sestrar	S
sestrarem	P
setear	S
setearem	P
setorizar	S
setorizarem	P
setuplicar	S
setuplicarem	P
sevandijar	S
sevandijarem	P
sevar	S
sevarem	P
severizar	S
severizarem	P
seviciar	S
seviciarem	P
sextavar	S
sextavarem	P
sextuplicar	S
sextuplicarem	P
siar	S
siarem	P
sibilar	S
sibilarem	P
siderar	S
siderarem	P
sifilizar	S
sifilizarem	P
sigilar	S
sigilarem	P
siglar	S
siglarem	P
siglonimizar	S
siglonimizarem	P
significar	S
significarem	P
silabar	S
silabarem	P
silenciar	S
silenciarem	P
silhuetar	S
silhuetarem	P
silizar	S
silizarem	P
silogizar	S
silogizarem	P
silvar	S
silvarem	P
simbolizar	S
simbolizarem	P
simetrizar	S
simetrizarem	P
simpatizar	S
simpatizarem	P
simplificar	S
simplificarem	P
simular	S
simularem	P
sinalar	S
sinalarem	P
sinalizar	S
sinalizarem	P
sinapizar	S
sinapizarem	P
sincopar	S
sincoparem	P
sincopizar	S
sincopizarem	P
sincronizar	S
sincronizarem	P
sindicalizar	S
sindicalizarem	P
sindicar	S
sindicarem	P
sinetar	S
sinetarem	P
singrar	S
singrarem	P
singularizar	S
singularizarem	P
sinistrar	S
sinistrarem	P
sinonimizar	S
sinonimizarem	P
sintecar	S
sintecarem	P
sintetizar	S
sintetizarem	P
sintonizar	S
sintonizarem	P
sirgar	S
sirgarem	P
sirigaitar	S
sirigaitarem	P
siriricar	S
siriricarem	P
sisar	S
sisarem	P
sistematizar	S
sistematizarem	P
sitiar	S
sitiarem	P
situar	S
situarem	P
soabrir	S
soabrirem	P
soalhar	S
soalharem	P
soar	S
soarem	P
soassar	S
soassarem	P
sobejar	S
sobejarem	P
soberanizar	S
soberanizarem	P
sobestar	S
sobestarem	P
sobnegar	S
sobnegarem	P
soborrolhar	S
soborrolharem	P
sobpuser	S
sobpuserem	P
sobradar	S
sobradarem	P
sobrancear	S
sobrancearem	P
sobrar	S
sobrarem	P
sobrasar	S
sobrasarem	P
sobraçar	S
sobraçarem	P
sobreabundar	S
sobreabundarem	P
sobreafligir	S
sobreafligirem	P
sobreaquecer	S
sobreaquecerem	P
sobreazadar	S
sobreazadarem	P
sobrecabecear	S
sobrecabecearem	P
sobrecarregar	S
sobrecarregarem	P
sobrechegar	S
sobrechegarem	P
sobrecoser	S
sobrecoserem	P
sobredistender	S
sobredistenderem	P
sobredoirar	S
sobredoirarem	P
sobredourar	S
sobredourarem	P
sobrefaturar	S
sobrefaturarem	P
sobreintender	S
sobreintenderem	P
sobreirritar	S
sobreirritarem	P
sobrelevar	S
sobrelevarem	P
sobrelotar	S
sobrelotarem	P
sobremaravilhar	S
sobremaravilharem	P
sobrenadar	S
sobrenadarem	P
sobrenaturalizar	S
sobrenaturalizarem	P
sobrenomear	S
sobrenomearem	P
sobreolhar	S
sobreolharem	P
sobrepairar	S
sobrepairarem	P
sobrepartilhar	S
sobrepartilharem	P
sobrepensar	S
sobrepensarem	P
sobrepesar	S
sobrepesarem	P
sobrepovoar	S
sobrepovoarem	P
sobrepratear	S
sobrepratearem	P
sobrepujar	S
sobrepujarem	P
sobrepuser	S
sobrepuserem	P
sobrerestar	S
sobrerestarem	P
sobrerroldar	S
sobrerroldarem	P
sobrerrondar	S
sobrerrondarem	P
sobrescrever	S
sobrescreverem	P
sobrescritar	S
sobrescritarem	P
sobresperar	S
sobresperarem	P
sobressair	S
sobressaltar	S
sobressaltarem	P
sobressaltear	S
sobressaltearem	P
sobressarar	S
sobressararem	P
sobressaturar	S
sobressaturarem	P
sobressaírem	P
sobressemear	S
sobressemearem	P
sobressolar	S
sobressolarem	P
sobrestiver	S
sobrestiverem	P
sobretecer	S
sobretecerem	P
sobrevestir	S
sobrevestirem	P
sobrevier	S
sobrevierem	P
sobrevigiar	S
sobrevigiarem	P
sobreviver	S
sobreviverem	P
sobrevoar	S
sobrevoarem	P
socalcar	S
socalcarem	P
socar	S
socarem	P
socavar	S
socavarem	P
sochantrear	S
sochantrearem	P
sociabilizar	S
sociabilizarem	P
socializar	S
socializarem	P
socorrer	S
socorrerem	P
sodar	S
sodarem	P
soer	S
soerem	P
soerguer	S
soerguerem	P
sofismar	S
sofismarem	P
sofisticar	S
sofisticarem	P
sofraldar	S
sofraldarem	P
sofrear	S
sofrearem	P
sofrenar	S
sofrenarem	P
sofrer	S
sofrerem	P
sogar	S
sogarem	P
sograr	S
sograrem	P
sojigar	S
sojigarem	P
sojugar	S
sojugarem	P
solancar	S
solancarem	P
solapar	S
solaparem	P
solar	S
solarem	P
solavantar	S
solavantarem	P
soldar	S
soldarem	P
solecar	S
solecarem	P
solecizar	S
solecizarem	P
solenizar	S
solenizarem	P
soletrar	S
soletrarem	P
solevantar	S
solevantarem	P
solevar	S
solevarem	P
solfar	S
solfarem	P
solfejar	S
solfejarem	P
solhar	S
solharem	P
solicitar	S
solicitarem	P
solidarizar	S
solidarizarem	P
solidificar	S
solidificarem	P
soliloquiar	S
soliloquiarem	P
solinhar	S
solinharem	P
soltar	S
soltarem	P
solubilizar	S
solubilizarem	P
solucionar	S
solucionarem	P
soluçar	S
soluçarem	P
solver	S
solverem	P
somar	S
somarem	P
sombrar	S
sombrarem	P
sombrear	S
sombrearem	P
sombrejar	S
sombrejarem	P
somiticar	S
somiticarem	P
sonambular	S
sonambularem	P
sondar	S
sondarem	P
sonegar	S
sonegarem	P
sonetar	S
sonetarem	P
sonetear	S
sonetearem	P
sonhar	S
sonharem	P
sonorizar	S
sonorizarem	P
sopapar	S
sopaparem	P
sopapear	S
sopapearem	P
sopear	S
sopearem	P
sopesar	S
sopesarem	P
sopetear	S
sopetearem	P
sopitar	S
sopitarem	P
sopontar	S
sopontarem	P
soporizar	S
soporizarem	P
soprar	S
soprarem	P
sopresar	S
sopresarem	P
soquear	S
soquearem	P
soqueixar	S
soqueixarem	P
soquetear	S
soquetearem	P
sorar	S
sorarem	P
sornar	S
sornarem	P
sororocar	S
sororocarem	P
sorrabar	S
sorrabarem	P
sorrir	S
sorrirem	P
sortear	S
sortearem	P
sortir	S
sortirem	P
sorvar	S
sorvarem	P
sorver	S
sorverem	P
sossegar	S
sossegarem	P
sotaquear	S
sotaquearem	P
sotaventear	S
sotaventearem	P
soterrar	S
soterrarem	P
sotopuser	S
sotopuserem	P
sotrancar	S
sotrancarem	P
souber	S
souberem	P
sovar	S
sovarem	P
sovelar	S
sovelarem	P
soverter	S
soverterem	P
sovietizar	S
sovietizarem	P
sovinar	S
sovinarem	P
soçobrar	S
soçobrarem	P
soçocar	S
soçocarem	P
suadir	S
suadirem	P
suar	S
suarem	P
suavizar	S
suavizarem	P
subalternar	S
subalternarem	P
subalternizar	S
subalternizarem	P
subalugar	S
subalugarem	P
subarrendar	S
subarrendarem	P
subastar	S
subastarem	P
subdelegar	S
subdelegarem	P
subdividir	S
subdividirem	P
subemprazar	S
subemprazarem	P
subenfiteuticar	S
subenfiteuticarem	P
subentender	S
subentenderem	P
suberizar	S
suberizarem	P
subestimar	S
subestimarem	P
subfaturar	S
subfaturarem	P
subfretar	S
subfretarem	P
subir	S
subirem	P
subjazer	S
subjazerem	P
subjetivar	S
subjetivarem	P
subjugar	S
subjugarem	P
sublevar	S
sublevarem	P
sublimar	S
sublimarem	P
sublinhar	S
sublinharem	P
sublocar	S
sublocarem	P
submergir	S
submergirem	P
submeter	S
submeterem	P
subministrar	S
subministrarem	P
subnutrir	S
subnutrirem	P
subordinar	S
subordinarem	P
subornar	S
subornarem	P
subpuser	S
subpuserem	P
subscrever	S
subscreverem	P
subscritar	S
subscritarem	P
subsecretariar	S
subsecretariarem	P
subseguir	S
subseguirem	P
subsidiar	S
subsidiarem	P
subsistir	S
subsistirem	P
subsolar	S
subsolarem	P
substabelecer	S
substabelecerem	P
substancializar	S
substancializarem	P
substanciar	S
substanciarem	P
substantificar	S
substantificarem	P
substantivar	S
substantivarem	P
substituir	S
substituírem	P
subsultar	S
subsultarem	P
subsumir	S
subsumirem	P
subtender	S
subtenderem	P
subterfugir	S
subterfugirem	P
subtilizar	S
subtilizarem	P
subtrair	S
subtraírem	P
subvencionar	S
subvencionarem	P
subverter	S
subverterem	P
suceder	S
sucederem	P
suciar	S
suciarem	P
sucumbir	S
sucumbirem	P
sufixar	S
sufixarem	P
sufocar	S
sufocarem	P
sufragar	S
sufragarem	P
sufumigar	S
sufumigarem	P
sugar	S
sugarem	P
sugerir	S
sugerirem	P
sugestionar	S
sugestionarem	P
sugigar	S
sugigarem	P
sugilar	S
sugilarem	P
suicidar	S
suicidarem	P
sujar	S
sujarem	P
sujeitar	S
sujeitarem	P
sujigar	S
sujigarem	P
sulaventear	S
sulaventearem	P
sulcar	S
sulcarem	P
sulfatar	S
sulfatarem	P
sulfatizar	S
sulfatizarem	P
sulfetar	S
sulfetarem	P
sulfurar	S
sulfurarem	P
sulfuretar	S
sulfuretarem	P
sultanear	S
sultanearem	P
sumagrar	S
sumagrarem	P
sumariar	S
sumariarem	P
sumir	S
sumirem	P
sumular	S
sumularem	P
sungar	S
sungarem	P
superabundar	S
superabundarem	P
superalimentar	S
superalimentarem	P
superaquecer	S
superaquecerem	P
superar	S
superarem	P
superativar	S
superativarem	P
supercalandrar	S
supercalandrarem	P
superciliar	S
superciliarem	P
superestimar	S
superestimarem	P
superexaltar	S
superexaltarem	P
superexcitar	S
superexcitarem	P
superintender	S
superintenderem	P
superiorizar	S
superiorizarem	P
superlativar	S
superlativarem	P
superlotar	S
superlotarem	P
superoxidar	S
superoxidarem	P
superpovoar	S
superpovoarem	P
superpuser	S
superpuserem	P
supersaturar	S
supersaturarem	P
supervisar	S
supervisarem	P
supervisionar	S
supervisionarem	P
suplantar	S
suplantarem	P
suplementar	S
suplementarem	P
suplicar	S
suplicarem	P
supliciar	S
supliciarem	P
suportar	S
suportarem	P
supraexcitar	S
supraexcitarem	P
suprimir	S
suprimirem	P
suprir	S
suprirem	P
supurar	S
supurarem	P
supuser	S
supuserem	P
suputar	S
suputarem	P
surdear	S
surdearem	P
surdinar	S
surdinarem	P
surdir	S
surdirem	P
surgir	S
surgirem	P
surpreender	S
surpreenderem	P
surpresar	S
surpresarem	P
surrar	S
surrarem	P
surribar	S
surribarem	P
surripiar	S
surripiarem	P
surrupiar	S
surrupiarem	P
surtir	S
surtirem	P
surubar	S
surubarem	P
surucar	S
surucarem	P
sururucar	S
sururucarem	P
susceptibilizar	S
susceptibilizarem	P
suscetibilizar	S
suscetibilizarem	P
suscitar	S
suscitarem	P
suspeitar	S
suspeitarem	P
suspender	S
suspenderem	P
suspirar	S
suspirarem	P
sussurrar	S
sussurrarem	P
sustar	S
sustarem	P
sustenizar	S
sustenizarem	P
sustentar	S
sustentarem	P
sustiver	S
sustiverem	P
sutar	S
sutarem	P
sutilizar	S
sutilizarem	P
suturar	S
suturarem	P
suxar	S
suxarem	P
tabaquear	S
tabaquearem	P
tabelar	S
tabelarem	P
tabeliar	S
tabeliarem	P
tabernear	S
tabernearem	P
tabicar	S
tabicarem	P
tabizar	S
tabizarem	P
taboquear	S
taboquearem	P
tabular	S
tabularem	P
tacanhear	S
tacanhearem	P
tacar	S
tacarem	P
tachar	S
tacharem	P
tachear	S
tachearem	P
tachonar	S
tachonarem	P
tafular	S
tafularem	P
tafulhar	S
tafulharem	P
tagantar	S
tagantarem	P
tagantear	S
tagantearem	P
tagarelar	S
tagarelarem	P
taipar	S
taiparem	P
talar	S
talarem	P
talhar	S
talharem	P
talingar	S
talingarem	P
talionar	S
talionarem	P
talonar	S
talonarem	P
talonear	S
talonearem	P
taludar	S
taludarem	P
tamancar	S
tamancarem	P
tamanquear	S
tamanquearem	P
tamborilar	S
tamborilarem	P
tamisar	S
tamisarem	P
tampar	S
tamparem	P
tamponar	S
tamponarem	P
tanchar	S
tancharem	P
tangar	S
tangarem	P
tangenciar	S
tangenciarem	P
tanger	S
tangerem	P
tanoar	S
tanoarem	P
tapar	S
taparem	P
tapear	S
tapearem	P
tapetar	S
tapetarem	P
tapeçar	S
tapeçarem	P
tapizar	S
tapizarem	P
tapulhar	S
tapulharem	P
taqueografar	S
taqueografarem	P
taquigrafar	S
taquigrafarem	P
taralhar	S
taralharem	P
taramelar	S
taramelarem	P
taramelear	S
taramelearem	P
tarar	S
tararem	P
tardar	S
tardarem	P
tarear	S
tarearem	P
tarelar	S
tarelarem	P
tarifar	S
tarifarem	P
tarimbar	S
tarimbarem	P
tarjar	S
tarjarem	P
tarrafar	S
tarrafarem	P
tarrafear	S
tarrafearem	P
tarraxar	S
tarraxarem	P
tartamelar	S
tartamelarem	P
tartamelear	S
tartamelearem	P
tartamudear	S
tartamudearem	P
tartaranhar	S
tartaranharem	P
tartarear	S
tartarearem	P
tartarizar	S
tartarizarem	P
tartuficar	S
tartuficarem	P
tarugar	S
tarugarem	P
tascar	S
tascarem	P
tasquinhar	S
tasquinharem	P
tatalar	S
tatalarem	P
tatalizar	S
tatalizarem	P
tatear	S
tatearem	P
tatibitatear	S
tatibitatearem	P
tatuar	S
tatuarem	P
tauxiar	S
tauxiarem	P
taxar	S
taxarem	P
taxiar	S
taxiarem	P
teatinar	S
teatinarem	P
teatralizar	S
teatralizarem	P
tecar	S
tecarem	P
tecer	S
tecerem	P
teclar	S
teclarem	P
teclear	S
teclearem	P
teimar	S
teimarem	P
telecomandar	S
telecomandarem	P
telefonar	S
telefonarem	P
telefotografar	S
telefotografarem	P
telegrafar	S
telegrafarem	P
teleguiar	S
teleguiarem	P
televir	S
televirem	P
televisar	S
televisarem	P
televisionar	S
televisionarem	P
telexar	S
telexarem	P
telhar	S
telharem	P
telintar	S
telintarem	P
temblar	S
temblarem	P
temer	S
temerem	P
temperar	S
temperarem	P
tempestar	S
tempestarem	P
tempestuar	S
tempestuarem	P
temporalizar	S
temporalizarem	P
temporizar	S
temporizarem	P
tencionar	S
tencionarem	P
tender	S
tenderem	P
tentar	S
tentarem	P
tentear	S
tentearem	P
teocratizar	S
teocratizarem	P
teologizar	S
teologizarem	P
teorizar	S
teorizarem	P
tercetar	S
tercetarem	P
terebentinar	S
terebentinarem	P
terebrar	S
terebrarem	P
tergiversar	S
tergiversarem	P
terminar	S
terminarem	P
terraplenar	S
terraplenarem	P
terrificar	S
terrificarem	P
terrorar	S
terrorarem	P
terrorizar	S
terrorizarem	P
terçar	S
terçarem	P
tesar	S
tesarem	P
tesoirar	S
tesoirarem	P
tesourar	S
tesourarem	P
testar	S
testarem	P
testavilhar	S
testavilharem	P
testemunhar	S
testemunharem	P
testificar	S
testificarem	P
testilhar	S
testilharem	P
tetanizar	S
tetanizarem	P
tibungar	S
tibungarem	P
ticar	S
ticarem	P
tilar	S
tilarem	P
tildar	S
tildarem	P
tilintar	S
tilintarem	P
timbrar	S
timbrarem	P
timbuar	S
timbuarem	P
timonear	S
timonearem	P
timpanizar	S
timpanizarem	P
tingir	S
tingirem	P
tinguijar	S
tinguijarem	P
tintar	S
tintarem	P
tintinabular	S
tintinabularem	P
tintinar	S
tintinarem	P
tipificar	S
tipificarem	P
tipografar	S
tipografarem	P
tiquear	S
tiquearem	P
tiquetaquear	S
tiquetaquearem	P
tiranizar	S
tiranizarem	P
tirar	S
tirarem	P
tiritar	S
tiritarem	P
tirlintar	S
tirlintarem	P
tironear	S
tironearem	P
tirotear	S
tirotearem	P
tisnar	S
tisnarem	P
titerear	S
titerearem	P
titicar	S
titicarem	P
titilar	S
titilarem	P
titubar	S
titubarem	P
titubear	S
titubearem	P
titular	S
titularem	P
tiver	S
tiverem	P
toar	S
toarem	P
tocaiar	S
tocaiarem	P
tocar	S
tocarem	P
toirear	S
toirearem	P
toitear	S
toitearem	P
toldar	S
toldarem	P
tolejar	S
tolejarem	P
tolerar	S
tolerarem	P
tolher	S
tolherem	P
tolinar	S
tolinarem	P
tomar	S
tomarem	P
tombar	S
tombarem	P
tombolar	S
tombolarem	P
tonalizar	S
tonalizarem	P
tonar	S
tonarem	P
tonificar	S
tonificarem	P
tonsurar	S
tonsurarem	P
tontear	S
tontearem	P
topar	S
toparem	P
topetar	S
topetarem	P
topografar	S
topografarem	P
torar	S
torarem	P
torcer	S
torcerem	P
torcicolar	S
torcicolarem	P
torcular	S
torcularem	P
tornar	S
tornarem	P
tornear	S
tornearem	P
tornejar	S
tornejarem	P
torpecer	S
torpecerem	P
torpedar	S
torpedarem	P
torpedear	S
torpedearem	P
torrar	S
torrarem	P
torrear	S
torrearem	P
torrefizer	S
torrefizerem	P
torrejar	S
torrejarem	P
torrificar	S
torrificarem	P
torturar	S
torturarem	P
torvar	S
torvarem	P
torvelinhar	S
torvelinharem	P
tosar	S
tosarem	P
toscanejar	S
toscanejarem	P
toscar	S
toscarem	P
tosquenejar	S
tosquenejarem	P
tosquiar	S
tosquiarem	P
tossir	S
tossirem	P
tostar	S
tostarem	P
totalizar	S
totalizarem	P
toucar	S
toucarem	P
tourear	S
tourearem	P
toutear	S
toutearem	P
toxicar	S
toxicarem	P
trabalhar	S
trabalharem	P
trabucar	S
trabucarem	P
tracejar	S
tracejarem	P
tracionar	S
tracionarem	P
tradar	S
tradarem	P
tradear	S
tradearem	P
traduzir	S
traduzirem	P
trafegar	S
trafegarem	P
trafeguear	S
trafeguearem	P
traficar	S
traficarem	P
tragar	S
tragarem	P
trager	S
tragerem	P
traguear	S
traguearem	P
trair	S
trajar	S
trajarem	P
tralhar	S
tralharem	P
tramar	S
tramarem	P
trambalear	S
trambalearem	P
trambalhar	S
trambalharem	P
trambecar	S
trambecarem	P
trambicar	S
trambicarem	P
trambolhar	S
trambolharem	P
tramitar	S
tramitarem	P
tramontar	S
tramontarem	P
trampar	S
tramparem	P
trampear	S
trampearem	P
tramposear	S
tramposearem	P
tranar	S
tranarem	P
trancafiar	S
trancafiarem	P
trancar	S
trancarem	P
trancendentalizar	S
trancendentalizarem	P
tranquear	S
tranquearem	P
tranqueirar	S
tranqueirarem	P
tranquibernar	S
tranquibernarem	P
tranquilizar	S
tranquilizarem	P
transacionar	S
transacionarem	P
transar	S
transarem	P
transbordar	S
transbordarem	P
transcender	S
transcenderem	P
transcoar	S
transcoarem	P
transcorrer	S
transcorrerem	P
transcrever	S
transcreverem	P
transcurar	S
transcurarem	P
transcursar	S
transcursarem	P
transferir	S
transferirem	P
transfigurar	S
transfigurarem	P
transfixar	S
transfixarem	P
transfizer	S
transfizerem	P
transformar	S
transformarem	P
transfugir	S
transfugirem	P
transfundir	S
transfundirem	P
transgredir	S
transgredirem	P
transigir	S
transigirem	P
transir	S
transirem	P
transistorizar	S
transistorizarem	P
transitar	S
transitarem	P
transitivar	S
transitivarem	P
transladar	S
transladarem	P
translinear	S
translinearem	P
transliterar	S
transliterarem	P
translucidar	S
translucidarem	P
translumbrar	S
translumbrarem	P
transmigrar	S
transmigrarem	P
transmitir	S
transmitirem	P
transmontar	S
transmontarem	P
transmudar	S
transmudarem	P
transmutar	S
transmutarem	P
transnadar	S
transnadarem	P
transparecer	S
transparecerem	P
transparentar	S
transparentarem	P
transpassar	S
transpassarem	P
transpirar	S
transpirarem	P
transplantar	S
transplantarem	P
transportar	S
transportarem	P
transpuser	S
transpuserem	P
transtornar	S
transtornarem	P
transtrocar	S
transtrocarem	P
transubistanciar	S
transubistanciarem	P
transudar	S
transudarem	P
transumanar	S
transumanarem	P
transumar	S
transumarem	P
transvasar	S
transvasarem	P
transvazar	S
transvazarem	P
transverberar	S
transverberarem	P
transverter	S
transverterem	P
transvestir	S
transvestirem	P
transviar	S
transviarem	P
transvoar	S
transvoarem	P
trançar	S
trançarem	P
trapacear	S
trapacearem	P
traquear	S
traquearem	P
traquejar	S
traquejarem	P
traquinar	S
traquinarem	P
traquitanar	S
traquitanarem	P
trasbordar	S
trasbordarem	P
trasfoliar	S
trasfoliarem	P
trasguear	S
trasguearem	P
trasladar	S
trasladarem	P
trasmontar	S
trasmontarem	P
traspassar	S
traspassarem	P
trastejar	S
trastejarem	P
trasvasar	S
trasvasarem	P
trasvoltear	S
trasvoltearem	P
tratar	S
tratarem	P
tratear	S
tratearem	P
traumatizar	S
traumatizarem	P
trautear	S
trautearem	P
travar	S
travarem	P
travejar	S
travejarem	P
travessar	S
travessarem	P
travessear	S
travessearem	P
travoltear	S
travoltearem	P
traçar	S
traçarem	P
traírem	P
trebelhar	S
trebelharem	P
treinar	S
treinarem	P
trejeitar	S
trejeitarem	P
trejeitear	S
trejeitearem	P
trejurar	S
trejurarem	P
treler	S
trelerem	P
tremar	S
tremarem	P
tremelear	S
tremelearem	P
tremelicar	S
tremelicarem	P
tremer	S
tremerem	P
tremular	S
tremularem	P
trenar	S
trenarem	P
trepanar	S
trepanarem	P
trepar	S
treparem	P
trepidar	S
trepidarem	P
treplicar	S
treplicarem	P
tresandar	S
tresandarem	P
trescalar	S
trescalarem	P
tresdobrar	S
tresdobrarem	P
tresfolegar	S
tresfolegarem	P
tresfoliar	S
tresfoliarem	P
tresgastar	S
tresgastarem	P
tresler	S
treslerem	P
tresloucar	S
tresloucarem	P
tresmalhar	S
tresmalharem	P
tresnoitar	S
tresnoitarem	P
tresnoutar	S
tresnoutarem	P
trespassar	S
trespassarem	P
tressuar	S
tressuarem	P
trestampar	S
trestamparem	P
tresvariar	S
tresvariarem	P
tretear	S
tretearem	P
triangular	S
triangularem	P
tribofar	S
tribofarem	P
tribular	S
tribularem	P
tributar	S
tributarem	P
tricotar	S
tricotarem	P
tricotear	S
tricotearem	P
trifurcar	S
trifurcarem	P
trigar	S
trigarem	P
trilar	S
trilarem	P
trilhar	S
trilharem	P
trinar	S
trinarem	P
trincafiar	S
trincafiarem	P
trincar	S
trincarem	P
trinchar	S
trincharem	P
trincolejar	S
trincolejarem	P
trinfar	S
trinfarem	P
trintar	S
trintarem	P
tripartir	S
tripartirem	P
triplicar	S
triplicarem	P
tripudiar	S
tripudiarem	P
tripular	S
tripularem	P
triscar	S
triscarem	P
trissar	S
trissarem	P
trissecar	S
trissecarem	P
triturar	S
triturarem	P
triunfar	S
triunfarem	P
troar	S
troarem	P
trocadilhar	S
trocadilharem	P
trocar	S
trocarem	P
trochar	S
trocharem	P
trociscar	S
trociscarem	P
troiar	S
troiarem	P
trombar	S
trombarem	P
trombetear	S
trombetearem	P
trombicar	S
trombicarem	P
trompar	S
tromparem	P
trompear	S
trompearem	P
tronar	S
tronarem	P
tronchar	S
troncharem	P
tronear	S
tronearem	P
tronejar	S
tronejarem	P
tropear	S
tropearem	P
tropeliar	S
tropeliarem	P
tropeçar	S
tropeçarem	P
tropicar	S
tropicarem	P
trotar	S
trotarem	P
trotear	S
trotearem	P
trouxer	S
trouxerem	P
trovar	S
trovarem	P
troçar	S
troçarem	P
trucar	S
trucarem	P
trucidar	S
trucidarem	P
trufar	S
trufarem	P
trumbicar	S
trumbicarem	P
truncar	S
truncarem	P
trunear	S
trunearem	P
trunfar	S
trunfarem	P
tuberculinizar	S
tuberculinizarem	P
tuberculizar	S
tuberculizarem	P
tufar	S
tufarem	P
tumeficar	S
tumeficarem	P
tumefizer	S
tumefizerem	P
tumescer	S
tumescerem	P
tumular	S
tumularem	P
tumultuar	S
tumultuarem	P
tunar	S
tunarem	P
tundar	S
tundarem	P
tungar	S
tungarem	P
tunguear	S
tunguearem	P
turbar	S
turbarem	P
turbilhonar	S
turbilhonarem	P
turbinar	S
turbinarem	P
turgescer	S
turgescerem	P
turibular	S
turibularem	P
turiferar	S
turiferarem	P
turificar	S
turificarem	P
turrar	S
turrarem	P
turturinar	S
turturinarem	P
turvar	S
turvarem	P
turvejar	S
turvejarem	P
tutear	S
tutearem	P
tutelar	S
tutelarem	P
tutorar	S
tutorarem	P
tutucar	S
tutucarem	P
ufanar	S
ufanarem	P
uivar	S
uivarem	P
ulcerar	S
ulcerarem	P
ultimar	S
ultimarem	P
ultrajar	S
ultrajarem	P
ultrapassar	S
ultrapassarem	P
ulular	S
ulularem	P
umectar	S
umectarem	P
umedecer	S
umedecerem	P
umidificar	S
umidificarem	P
unanimar	S
unanimarem	P
unanimificar	S
unanimificarem	P
ungir	S
ungirem	P
unguentar	S
unguentarem	P
unhar	S
unharem	P
unificar	S
unificarem	P
uniformar	S
uniformarem	P
uniformizar	S
uniformizarem	P
unir	S
unirem	P
universalizar	S
universalizarem	P
untar	S
untarem	P
upar	S
uparem	P
urbanizar	S
urbanizarem	P
urdir	S
urdirem	P
urgir	S
urgirem	P
urinar	S
urinarem	P
urrar	S
urrarem	P
urticar	S
urticarem	P
urtigar	S
urtigarem	P
urubuzar	S
urubuzarem	P
usar	S
usarem	P
usitar	S
usitarem	P
ustular	S
ustularem	P
usucapir	S
usucapirem	P
usufruir	S
usufrutar	S
usufrutarem	P
usufruírem	P
usurar	S
usurarem	P
usurpar	S
usurparem	P
utar	S
utarem	P
utilizar	S
utilizarem	P
vacar	S
vacarem	P
vacilar	S
vacilarem	P
vacinar	S
vacinarem	P
vadear	S
vadearem	P
vadiar	S
vadiarem	P
vagabundar	S
vagabundarem	P
vagabundear	S
vagabundearem	P
vagamundear	S
vagamundearem	P
vagar	S
vagarem	P
vagir	S
vagirem	P
vaguear	S
vaguearem	P
vaguejar	S
vaguejarem	P
vaiar	S
vaiarem	P
valar	S
valarem	P
valentar	S
valentarem	P
valentear	S
valentearem	P
valer	S
valerem	P
validar	S
validarem	P
valorar	S
valorarem	P
valorizar	S
valorizarem	P
valsar	S
valsarem	P
vanecer	S
vanecerem	P
vangloriar	S
vangloriarem	P
vanguejar	S
vanguejarem	P
vaporar	S
vaporarem	P
vaporizar	S
vaporizarem	P
vapular	S
vapularem	P
vaqueanar	S
vaqueanarem	P
vaqueirar	S
vaqueirarem	P
vaquejar	S
vaquejarem	P
varar	S
vararem	P
varejar	S
varejarem	P
variar	S
variarem	P
variegar	S
variegarem	P
varrer	S
varrerem	P
vascolejar	S
vascolejarem	P
vasconcear	S
vasconcearem	P
vascularizar	S
vascularizarem	P
vasculhar	S
vasculharem	P
vasquear	S
vasquearem	P
vasquejar	S
vasquejarem	P
vassalar	S
vassalarem	P
vassoirar	S
vassoirarem	P
vassourar	S
vassourarem	P
vastar	S
vastarem	P
vaticinar	S
vaticinarem	P
vazar	S
vazarem	P
vaziar	S
vaziarem	P
vedar	S
vedarem	P
veementizar	S
veementizarem	P
vegetalizar	S
vegetalizarem	P
vegetar	S
vegetarem	P
veiar	S
veiarem	P
veicular	S
veicularem	P
velar	S
velarem	P
velarizar	S
velarizarem	P
velear	S
velearem	P
velejar	S
velejarem	P
velhacar	S
velhacarem	P
velhaquear	S
velhaquearem	P
velicar	S
velicarem	P
venalizar	S
venalizarem	P
vencer	S
vencerem	P
vendar	S
vendarem	P
vender	S
venderem	P
veneficar	S
veneficarem	P
veneficiar	S
veneficiarem	P
venerar	S
venerarem	P
veniagar	S
veniagarem	P
venializar	S
venializarem	P
ventanear	S
ventanearem	P
ventanejar	S
ventanejarem	P
ventar	S
ventarem	P
ventilar	S
ventilarem	P
veranear	S
veranearem	P
verbalizar	S
verbalizarem	P
verbar	S
verbarem	P
verberar	S
verberarem	P
verbetar	S
verbetarem	P
verdascar	S
verdascarem	P
verdear	S
verdearem	P
verdecer	S
verdecerem	P
verdejar	S
verdejarem	P
verear	S
verearem	P
vergalhar	S
vergalharem	P
vergar	S
vergarem	P
vergastar	S
vergastarem	P
vergontear	S
vergontearem	P
verificar	S
verificarem	P
vermelhar	S
vermelharem	P
vermelhear	S
vermelhearem	P
vermelhecer	S
vermelhecerem	P
vermelhejar	S
vermelhejarem	P
verminar	S
verminarem	P
vernaculizar	S
vernaculizarem	P
vernalizar	S
vernalizarem	P
verrumar	S
verrumarem	P
versar	S
versarem	P
versejar	S
versejarem	P
versificar	S
versificarem	P
verter	S
verterem	P
vesgar	S
vesgarem	P
vesguear	S
vesguearem	P
vesicar	S
vesicarem	P
vessar	S
vessarem	P
vestir	S
vestirem	P
vetar	S
vetarem	P
vexar	S
vexarem	P
vezar	S
vezarem	P
viabilizar	S
viabilizarem	P
viagear	S
viagearem	P
viajar	S
viajarem	P
viandar	S
viandarem	P
vibrar	S
vibrarem	P
vicejar	S
vicejarem	P
viciar	S
viciarem	P
vidar	S
vidarem	P
vidrar	S
vidrarem	P
vier	S
vierem	P
vigar	S
vigarem	P
viger	S
vigerem	P
vigiar	S
vigiarem	P
vigilar	S
vigilarem	P
vigorar	S
vigorarem	P
vigorizar	S
vigorizarem	P
vilegiaturar	S
vilegiaturarem	P
vilificar	S
vilificarem	P
vilipendiar	S
vilipendiarem	P
vinagrar	S
vinagrarem	P
vincar	S
vincarem	P
vincular	S
vincularem	P
vindicar	S
vindicarem	P
vindimar	S
vindimarem	P
vingar	S
vingarem	P
vinificar	S
vinificarem	P
violar	S
violarem	P
violentar	S
violentarem	P
vir	S
virar	S
virarem	P
viravoltar	S
viravoltarem	P
viravoltear	S
viravoltearem	P
virem	P
virginalizar	S
virginalizarem	P
virginizar	S
virginizarem	P
virgular	S
virgularem	P
virilizar	S
virilizarem	P
visar	S
visarem	P
visibilizar	S
visibilizarem	P
visionar	S
visionarem	P
visitar	S
visitarem	P
vislumbrar	S
vislumbrarem	P
visporar	S
visporarem	P
vistoriar	S
vistoriarem	P
visualizar	S
visualizarem	P
vitalizar	S
vitalizarem	P
vitaminar	S
vitaminarem	P
vitaminizar	S
vitaminizarem	P
vitimar	S
vitimarem	P
vitoriar	S
vitoriarem	P
vitrificar	S
vitrificarem	P
vitriolar	S
vitriolarem	P
vitriolizar	S
vitriolizarem	P
vituperar	S
vituperarem	P
viuvar	S
viuvarem	P
vivar	S
vivarem	P
vivenciar	S
vivenciarem	P
viver	S
viverem	P
vivificar	S
vivificarem	P
vizinhar	S
vizinharem	P
viçar	S
viçarem	P
voar	S
voarem	P
vocabularizar	S
vocabularizarem	P
vocalizar	S
vocalizarem	P
vociferar	S
vociferarem	P
voejar	S
voejarem	P
vogar	S
vogarem	P
volatear	S
volatearem	P
volatilizar	S
volatilizarem	P
volitar	S
volitarem	P
voltar	S
voltarem	P
voltear	S
voltearem	P
voltejar	S
voltejarem	P
volumar	S
volumarem	P
volutear	S
volutearem	P
volver	S
volverem	P
vomitar	S
vomitarem	P
vosear	S
vosearem	P
votar	S
votarem	P
vozear	S
vozearem	P
vozeirar	S
vozeirarem	P
vulcanizar	S
vulcanizarem	P
vulgarizar	S
vulgarizarem	P
vulnerar	S
vulnerarem	P
vunzar	S
vunzarem	P
warrantar	S
warrantarem	P
xadrezar	S
xadrezarem	P
xaropar	S
xaroparem	P
xaropear	S
xaropearem	P
xeretar	S
xeretarem	P
xeretear	S
xeretearem	P
xerocar	S
xerocarem	P
xerografar	S
xerografarem	P
xeroxar	S
xeroxarem	P
xetrar	S
xetrarem	P
xilografar	S
xilografarem	P
xilogravar	S
xilogravarem	P
xingar	S
xingarem	P
xumbergar	S
xumbergarem	P
xumbregar	S
xumbregarem	P
xurdir	S
xurdirem	P
zagaiar	S
zagaiarem	P
zagunchar	S
zaguncharem	P
zampar	S
zamparem	P
zangar	S
zangarem	P
zangarrear	S
zangarrearem	P
zanguizarrear	S
zanguizarrearem	P
zanzar	S
zanzarem	P
zaranzar	S
zaranzarem	P
zarelhar	S
zarelharem	P
zargunchar	S
zarguncharem	P
zarpar	S
zarparem	P
zavar	S
zavarem	P
zazumbar	S
zazumbarem	P
zebrar	S
zebrarem	P
zelar	S
zelarem	P
ziguezaguear	S
ziguezaguearem	P
zimbrar	S
zimbrarem	P
zincar	S
zincarem	P
zincografar	S
zincografarem	P
zincogravar	S
zincogravarem	P
zingar	S
zingarear	S
zingarearem	P
zingarem	P
zingrar	S
zingrarem	P
zinir	S
zinirem	P
zinzilular	S
zinzilularem	P
ziziar	S
ziziarem	P
zoar	S
zoarem	P
zombar	S
zombarem	P
zombetear	S
zombetearem	P
zonear	S
zonearem	P
zonzar	S
zonzarem	P
zonzear	S
zonzearem	P
zoografar	S
zoografarem	P
zuir	S
zumbaiar	S
zumbaiarem	P
zumbar	S
zumbarem	P
zumbir	S
zumbirem	P
zumbrir	S
zumbrirem	P
zunir	S
zunirem	P
zunzunar	S
zunzunarem	P
zunzunir	S
zunzunirem	P
zupar	S
zuparem	P
zurrar	S
zurrarem	P
zurupar	S
zuruparem	P
zurzir	S
zurzirem	P
zuírem	P
